# Created via the free libIGES (https://github.com/cbernardo/libIGES)   S      1
,,4Hnone,8HA380.igs,14HOpenVSP 3.49.0,19HlibIGES Version 0.3,32,38,6,   G      1
308,15,,1.0,6,1HM,1,1.0,15H20260429.093305,0.0,0.0,,,11,0,15H20260429.09G      2
3305;                                                                   G      3
     128       1       0       0       0       0       0       0       0D      1
     128       0       0      42       0                               0D      2
     406      43       0       0       0       0       0       0       0D      3
     406       0       0       1      15                               0D      4
     128      44       0       0       0       0       0       0       0D      5
     128       0       0      42       0                               0D      6
     406      86       0       0       0       0       0       0       0D      7
     406       0       0       1      15                               0D      8
     128      87       0       0       0       0       0       0       0D      9
     128       0       0      42       0                               0D     10
     406     129       0       0       0       0       0       0       0D     11
     406       0       0       1      15                               0D     12
     128     130       0       0       0       0       0       0       0D     13
     128       0       0      42       0                               0D     14
     406     172       0       0       0       0       0       0       0D     15
     406       0       0       1      15                               0D     16
     128     173       0       0       0       0       0       0       0D     17
     128       0       0      42       0                               0D     18
     406     215       0       0       0       0       0       0       0D     19
     406       0       0       1      15                               0D     20
     128     216       0       0       0       0       0       0       0D     21
     128       0       0      43       0                               0D     22
     406     259       0       0       0       0       0       0       0D     23
     406       0       0       1      15                               0D     24
     128     260       0       0       0       0       0       0       0D     25
     128       0       0      42       0                               0D     26
     406     302       0       0       0       0       0       0       0D     27
     406       0       0       1      15                               0D     28
     128     303       0       0       0       0       0       0       0D     29
     128       0       0      42       0                               0D     30
     406     345       0       0       0       0       0       0       0D     31
     406       0       0       1      15                               0D     32
     128     346       0       0       0       0       0       0       0D     33
     128       0       0     150       0                               0D     34
     406     496       0       0       0       0       0       0       0D     35
     406       0       0       1      15                               0D     36
     128     497       0       0       0       0       0       0       0D     37
     128       0       0     151       0                               0D     38
     406     648       0       0       0       0       0       0       0D     39
     406       0       0       1      15                               0D     40
     128     649       0       0       0       0       0       0       0D     41
     128       0       0     165       0                               0D     42
     406     814       0       0       0       0       0       0       0D     43
     406       0       0       1      15                               0D     44
     128     815       0       0       0       0       0       0       0D     45
     128       0       0     165       0                               0D     46
     406     980       0       0       0       0       0       0       0D     47
     406       0       0       1      15                               0D     48
     128     981       0       0       0       0       0       0       0D     49
     128       0       0     167       0                               0D     50
     406    1148       0       0       0       0       0       0       0D     51
     406       0       0       1      15                               0D     52
     128    1149       0       0       0       0       0       0       0D     53
     128       0       0     167       0                               0D     54
     406    1316       0       0       0       0       0       0       0D     55
     406       0       0       1      15                               0D     56
     128    1317       0       0       0       0       0       0       0D     57
     128       0       0     167       0                               0D     58
     406    1484       0       0       0       0       0       0       0D     59
     406       0       0       1      15                               0D     60
     128    1485       0       0       0       0       0       0       0D     61
     128       0       0     167       0                               0D     62
     406    1652       0       0       0       0       0       0       0D     63
     406       0       0       1      15                               0D     64
     128    1653       0       0       0       0       0       0       0D     65
     128       0       0     151       0                               0D     66
     406    1804       0       0       0       0       0       0       0D     67
     406       0       0       1      15                               0D     68
     128    1805       0       0       0       0       0       0       0D     69
     128       0       0     150       0                               0D     70
     406    1955       0       0       0       0       0       0       0D     71
     406       0       0       1      15                               0D     72
     128    1956       0       0       0       0       0       0       0D     73
     128       0       0     167       0                               0D     74
     406    2123       0       0       0       0       0       0       0D     75
     406       0       0       1      15                               0D     76
     128    2124       0       0       0       0       0       0       0D     77
     128       0       0     167       0                               0D     78
     406    2291       0       0       0       0       0       0       0D     79
     406       0       0       1      15                               0D     80
     128    2292       0       0       0       0       0       0       0D     81
     128       0       0     167       0                               0D     82
     406    2459       0       0       0       0       0       0       0D     83
     406       0       0       1      15                               0D     84
     128    2460       0       0       0       0       0       0       0D     85
     128       0       0     167       0                               0D     86
     406    2627       0       0       0       0       0       0       0D     87
     406       0       0       1      15                               0D     88
     128    2628       0       0       0       0       0       0       0D     89
     128       0       0     167       0                               0D     90
     406    2795       0       0       0       0       0       0       0D     91
     406       0       0       1      15                               0D     92
     128    2796       0       0       0       0       0       0       0D     93
     128       0       0     167       0                               0D     94
     406    2963       0       0       0       0       0       0       0D     95
     406       0       0       1      15                               0D     96
     128    2964       0       0       0       0       0       0       0D     97
     128       0       0     138       0                               0D     98
     406    3102       0       0       0       0       0       0       0D     99
     406       0       0       1      15                               0D    100
     128    3103       0       0       0       0       0       0       0D    101
     128       0       0     138       0                               0D    102
     406    3241       0       0       0       0       0       0       0D    103
     406       0       0       1      15                               0D    104
     128    3242       0       0       0       0       0       0       0D    105
     128       0       0     143       0                               0D    106
     406    3385       0       0       0       0       0       0       0D    107
     406       0       0       1      15                               0D    108
     128    3386       0       0       0       0       0       0       0D    109
     128       0       0     143       0                               0D    110
     406    3529       0       0       0       0       0       0       0D    111
     406       0       0       1      15                               0D    112
     128    3530       0       0       0       0       0       0       0D    113
     128       0       0     167       0                               0D    114
     406    3697       0       0       0       0       0       0       0D    115
     406       0       0       1      15                               0D    116
     128    3698       0       0       0       0       0       0       0D    117
     128       0       0     167       0                               0D    118
     406    3865       0       0       0       0       0       0       0D    119
     406       0       0       1      15                               0D    120
     128    3866       0       0       0       0       0       0       0D    121
     128       0       0     138       0                               0D    122
     406    4004       0       0       0       0       0       0       0D    123
     406       0       0       1      15                               0D    124
     128    4005       0       0       0       0       0       0       0D    125
     128       0       0     138       0                               0D    126
     406    4143       0       0       0       0       0       0       0D    127
     406       0       0       1      15                               0D    128
     128    4144       0       0       0       0       0       0       0D    129
     128       0       0     154       0                               0D    130
     406    4298       0       0       0       0       0       0       0D    131
     406       0       0       1      15                               0D    132
     128    4299       0       0       0       0       0       0       0D    133
     128       0       0     154       0                               0D    134
     406    4453       0       0       0       0       0       0       0D    135
     406       0       0       1      15                               0D    136
     128    4454       0       0       0       0       0       0       0D    137
     128       0       0     167       0                               0D    138
     406    4621       0       0       0       0       0       0       0D    139
     406       0       0       1      15                               0D    140
     128    4622       0       0       0       0       0       0       0D    141
     128       0       0     167       0                               0D    142
     406    4789       0       0       0       0       0       0       0D    143
     406       0       0       1      15                               0D    144
     128    4790       0       0       0       0       0       0       0D    145
     128       0       0     167       0                               0D    146
     406    4957       0       0       0       0       0       0       0D    147
     406       0       0       1      15                               0D    148
     128    4958       0       0       0       0       0       0       0D    149
     128       0       0     167       0                               0D    150
     406    5125       0       0       0       0       0       0       0D    151
     406       0       0       1      15                               0D    152
     128    5126       0       0       0       0       0       0       0D    153
     128       0       0     167       0                               0D    154
     406    5293       0       0       0       0       0       0       0D    155
     406       0       0       1      15                               0D    156
     128    5294       0       0       0       0       0       0       0D    157
     128       0       0     167       0                               0D    158
     406    5461       0       0       0       0       0       0       0D    159
     406       0       0       1      15                               0D    160
     128    5462       0       0       0       0       0       0       0D    161
     128       0       0     167       0                               0D    162
     406    5629       0       0       0       0       0       0       0D    163
     406       0       0       1      15                               0D    164
     128    5630       0       0       0       0       0       0       0D    165
     128       0       0     167       0                               0D    166
     406    5797       0       0       0       0       0       0       0D    167
     406       0       0       1      15                               0D    168
128,6,6,3,3,0,0,1,0,0,0.0,0.0,0.0,0.0,1.0,1.0,1.0,2.0,2.0,2.0,         1P      1
2.0,0.0,0.0,0.0,0.0,1.0,1.0,1.0,2.0,2.0,2.0,2.0,1.0,1.0,1.0,1.0,       1P      2
1.0,1.0,1.0,1.0,1.0,1.0,1.0,1.0,1.0,1.0,1.0,1.0,1.0,1.0,1.0,1.0,       1P      3
1.0,1.0,1.0,1.0,1.0,1.0,1.0,1.0,1.0,1.0,1.0,1.0,1.0,1.0,1.0,1.0,       1P      4
1.0,1.0,1.0,1.0,1.0,1.0,1.0,1.0,1.0,1.0,1.0,1.0,1.0,                   1P      5
-7.717391304348,-0.108695652174,-0.350168181818,-7.717391304348,       1P      6
-0.108695652174,-0.933781818182,-5.528840167984,-0.108695652174,       1P      7
-0.875420454545,-5.091129940711,-0.108695652174,-0.875420454545,       1P      8
-4.653419713439,-0.108695652174,-0.875420454545,1.222193922925,        1P      9
-0.108695652174,-0.875420454545,2.484858695652,-0.108695652174,        1P     10
-0.875420454545,-7.717391304348,-0.108695652174,-0.350168181818,       1P     11
-7.717391304348,0.037207756917,-0.933781818182,-5.528840167984,        1P     12
0.132883198632,-0.875420454545,-5.091129940711,0.132883198632,         1P     13
-0.875420454545,-4.653419713439,0.132883198632,-0.875420454545,        1P     14
1.222193922925,0.132883198632,-0.875420454545,2.484858695652,          1P     15
0.132883198632,-0.875420454545,-7.717391304348,-0.108695652174,        1P     16
-0.350168181818,-7.717391304348,0.183111166008,-0.860830113636,        1P     17
-5.528840167984,0.351738312269,-0.777354766312,-5.091129940711,        1P     18
0.351738312269,-0.777354766312,-4.653419713439,0.351738312269,         1P     19
-0.777354766312,1.222193922925,0.351738312269,-0.777354766312,         1P     20
2.484858695652,0.351738312269,-0.777354766312,-7.717391304348,         1P     21
-0.108695652174,-0.350168181818,-7.717391304348,0.292538722826,        1P     22
-0.751402556818,-5.528840167984,0.510198713204,-0.618894365377,        1P     23
-5.091129940711,0.510198713204,-0.618894365377,-4.653419713439,        1P     24
0.510198713204,-0.618894365377,1.222193922925,0.510198713204,          1P     25
-0.618894365377,2.484858695652,0.510198713204,-0.618894365377,         1P     26
-7.717391304348,-0.108695652174,-0.350168181818,-7.717391304348,       1P     27
0.401966279644,-0.641975,-5.528840167984,0.668659114138,               1P     28
-0.460433964443,-5.091129940711,0.668659114138,-0.460433964443,        1P     29
-4.653419713439,0.668659114138,-0.460433964443,1.222193922925,         1P     30
0.668659114138,-0.460433964443,2.484858695652,0.668659114138,          1P     31
-0.460433964443,-7.717391304348,-0.108695652174,-0.350168181818,       1P     32
-7.717391304348,0.47491798419,-0.496071590909,-5.528840167984,         1P     33
0.766724802372,-0.241578850806,-5.091129940711,0.766724802372,         1P     34
-0.241578850806,-4.653419713439,0.766724802372,-0.241578850806,        1P     35
1.222193922925,0.766724802372,-0.241578850806,2.484858695652,          1P     36
0.766724802372,-0.241578850806,-7.717391304348,-0.108695652174,        1P     37
-0.350168181818,-7.717391304348,0.47491798419,-0.350168181818,         1P     38
-5.528840167984,0.766724802372,0.0,-5.091129940711,                    1P     39
0.766724802372,0.0,-4.653419713439,0.766724802372,0.0,                 1P     40
1.222193922925,0.766724802372,0.0,2.484858695652,0.766724802372,       1P     41
0.0,0.0,2.0,0.0,2.0,,1,3;                                              1P     42
406,1,36HSurf_DGZWOQYLLD, TransportFuse, 0, 0;                         3P     43
128,6,6,3,3,0,0,1,0,0,0.0,0.0,0.0,0.0,1.0,1.0,1.0,2.0,2.0,2.0,         5P     44
2.0,0.0,0.0,0.0,0.0,1.0,1.0,1.0,2.0,2.0,2.0,2.0,1.0,1.0,1.0,1.0,       5P     45
1.0,1.0,1.0,1.0,1.0,1.0,1.0,1.0,1.0,1.0,1.0,1.0,1.0,1.0,1.0,1.0,       5P     46
1.0,1.0,1.0,1.0,1.0,1.0,1.0,1.0,1.0,1.0,1.0,1.0,1.0,1.0,1.0,1.0,       5P     47
1.0,1.0,1.0,1.0,1.0,1.0,1.0,1.0,1.0,1.0,1.0,1.0,1.0,                   5P     48
-7.717391304348,-0.108695652174,-0.350168181818,-7.717391304348,       5P     49
-0.692309288538,-0.350168181818,-5.528840167984,-0.984116106719,       5P     50
0.0,-5.091129940711,-0.984116106719,0.0,-4.653419713439,               5P     51
-0.984116106719,0.0,1.222193922925,-0.984116106719,0.0,                5P     52
2.484858695652,-0.984116106719,0.0,-7.717391304348,                    5P     53
-0.108695652174,-0.350168181818,-7.717391304348,-0.692309288538,       5P     54
-0.496071590909,-5.528840167984,-0.984116106719,-0.241578850806,       5P     55
-5.091129940711,-0.984116106719,-0.241578850806,-4.653419713439,       5P     56
-0.984116106719,-0.241578850806,1.222193922925,-0.984116106719,        5P     57
-0.241578850806,2.484858695652,-0.984116106719,-0.241578850806,        5P     58
-7.717391304348,-0.108695652174,-0.350168181818,-7.717391304348,       5P     59
-0.619357583992,-0.641975,-5.528840167984,-0.886050418486,             5P     60
-0.460433964443,-5.091129940711,-0.886050418486,-0.460433964443,       5P     61
-4.653419713439,-0.886050418486,-0.460433964443,1.222193922925,        5P     62
-0.886050418486,-0.460433964443,2.484858695652,-0.886050418486,        5P     63
-0.460433964443,-7.717391304348,-0.108695652174,-0.350168181818,       5P     64
-7.717391304348,-0.509930027174,-0.751402556818,-5.528840167984,       5P     65
-0.727590017551,-0.618894365377,-5.091129940711,-0.727590017551,       5P     66
-0.618894365377,-4.653419713439,-0.727590017551,-0.618894365377,       5P     67
1.222193922925,-0.727590017551,-0.618894365377,2.484858695652,         5P     68
-0.727590017551,-0.618894365377,-7.717391304348,-0.108695652174,       5P     69
-0.350168181818,-7.717391304348,-0.400502470356,-0.860830113636,       5P     70
-5.528840167984,-0.569129616617,-0.777354766312,-5.091129940711,       5P     71
-0.569129616617,-0.777354766312,-4.653419713439,-0.569129616617,       5P     72
-0.777354766312,1.222193922925,-0.569129616617,-0.777354766312,        5P     73
2.484858695652,-0.569129616617,-0.777354766312,-7.717391304348,        5P     74
-0.108695652174,-0.350168181818,-7.717391304348,-0.254599061265,       5P     75
-0.933781818182,-5.528840167984,-0.35027450298,-0.875420454545,        5P     76
-5.091129940711,-0.35027450298,-0.875420454545,-4.653419713439,        5P     77
-0.35027450298,-0.875420454545,1.222193922925,-0.35027450298,          5P     78
-0.875420454545,2.484858695652,-0.35027450298,-0.875420454545,         5P     79
-7.717391304348,-0.108695652174,-0.350168181818,-7.717391304348,       5P     80
-0.108695652174,-0.933781818182,-5.528840167984,-0.108695652174,       5P     81
-0.875420454545,-5.091129940711,-0.108695652174,-0.875420454545,       5P     82
-4.653419713439,-0.108695652174,-0.875420454545,1.222193922925,        5P     83
-0.108695652174,-0.875420454545,2.484858695652,-0.108695652174,        5P     84
-0.875420454545,0.0,2.0,0.0,2.0,,1,7;                                  5P     85
406,1,36HSurf_DGZWOQYLLD, TransportFuse, 0, 1;                         7P     86
128,6,6,3,3,0,0,1,0,0,0.0,0.0,0.0,0.0,1.0,1.0,1.0,2.0,2.0,2.0,         9P     87
2.0,0.0,0.0,0.0,0.0,1.0,1.0,1.0,2.0,2.0,2.0,2.0,1.0,1.0,1.0,1.0,       9P     88
1.0,1.0,1.0,1.0,1.0,1.0,1.0,1.0,1.0,1.0,1.0,1.0,1.0,1.0,1.0,1.0,       9P     89
1.0,1.0,1.0,1.0,1.0,1.0,1.0,1.0,1.0,1.0,1.0,1.0,1.0,1.0,1.0,1.0,       9P     90
1.0,1.0,1.0,1.0,1.0,1.0,1.0,1.0,1.0,1.0,1.0,1.0,1.0,                   9P     91
-7.717391304348,-0.108695652174,-0.350168181818,-7.717391304348,       9P     92
-0.108695652174,0.233445454545,-5.528840167984,-0.108695652174,        9P     93
0.875420454545,-5.091129940711,-0.108695652174,0.875420454545,         9P     94
-4.653419713439,-0.108695652174,0.875420454545,1.222193922925,         9P     95
-0.108695652174,0.875420454545,2.484858695652,-0.108695652174,         9P     96
0.875420454545,-7.717391304348,-0.108695652174,-0.350168181818,        9P     97
-7.717391304348,-0.254599061265,0.233445454545,-5.528840167984,        9P     98
-0.35027450298,0.875420454545,-5.091129940711,-0.35027450298,          9P     99
0.875420454545,-4.653419713439,-0.35027450298,0.875420454545,          9P    100
1.222193922925,-0.35027450298,0.875420454545,2.484858695652,           9P    101
-0.35027450298,0.875420454545,-7.717391304348,-0.108695652174,         9P    102
-0.350168181818,-7.717391304348,-0.400502470356,0.16049375,            9P    103
-5.528840167984,-0.569129616617,0.777354766312,-5.091129940711,        9P    104
-0.569129616617,0.777354766312,-4.653419713439,-0.569129616617,        9P    105
0.777354766312,1.222193922925,-0.569129616617,0.777354766312,          9P    106
2.484858695652,-0.569129616617,0.777354766312,-7.717391304348,         9P    107
-0.108695652174,-0.350168181818,-7.717391304348,-0.509930027174,       9P    108
0.051066193182,-5.528840167984,-0.727590017551,0.618894365377,         9P    109
-5.091129940711,-0.727590017551,0.618894365377,-4.653419713439,        9P    110
-0.727590017551,0.618894365377,1.222193922925,-0.727590017551,         9P    111
0.618894365377,2.484858695652,-0.727590017551,0.618894365377,          9P    112
-7.717391304348,-0.108695652174,-0.350168181818,-7.717391304348,       9P    113
-0.619357583992,-0.058361363636,-5.528840167984,-0.886050418486,       9P    114
0.460433964443,-5.091129940711,-0.886050418486,0.460433964443,         9P    115
-4.653419713439,-0.886050418486,0.460433964443,1.222193922925,         9P    116
-0.886050418486,0.460433964443,2.484858695652,-0.886050418486,         9P    117
0.460433964443,-7.717391304348,-0.108695652174,-0.350168181818,        9P    118
-7.717391304348,-0.692309288538,-0.204264772727,-5.528840167984,       9P    119
-0.984116106719,0.241578850806,-5.091129940711,-0.984116106719,        9P    120
0.241578850806,-4.653419713439,-0.984116106719,0.241578850806,         9P    121
1.222193922925,-0.984116106719,0.241578850806,2.484858695652,          9P    122
-0.984116106719,0.241578850806,-7.717391304348,-0.108695652174,        9P    123
-0.350168181818,-7.717391304348,-0.692309288538,-0.350168181818,       9P    124
-5.528840167984,-0.984116106719,0.0,-5.091129940711,                   9P    125
-0.984116106719,0.0,-4.653419713439,-0.984116106719,0.0,               9P    126
1.222193922925,-0.984116106719,0.0,2.484858695652,                     9P    127
-0.984116106719,0.0,0.0,2.0,0.0,2.0,,1,11;                             9P    128
406,1,36HSurf_DGZWOQYLLD, TransportFuse, 0, 2;                        11P    129
128,6,6,3,3,0,0,1,0,0,0.0,0.0,0.0,0.0,1.0,1.0,1.0,2.0,2.0,2.0,        13P    130
2.0,0.0,0.0,0.0,0.0,1.0,1.0,1.0,2.0,2.0,2.0,2.0,1.0,1.0,1.0,1.0,      13P    131
1.0,1.0,1.0,1.0,1.0,1.0,1.0,1.0,1.0,1.0,1.0,1.0,1.0,1.0,1.0,1.0,      13P    132
1.0,1.0,1.0,1.0,1.0,1.0,1.0,1.0,1.0,1.0,1.0,1.0,1.0,1.0,1.0,1.0,      13P    133
1.0,1.0,1.0,1.0,1.0,1.0,1.0,1.0,1.0,1.0,1.0,1.0,1.0,                  13P    134
-7.717391304348,-0.108695652174,-0.350168181818,-7.717391304348,      13P    135
0.47491798419,-0.350168181818,-5.528840167984,0.766724802372,         13P    136
0.0,-5.091129940711,0.766724802372,0.0,-4.653419713439,               13P    137
0.766724802372,0.0,1.222193922925,0.766724802372,0.0,                 13P    138
2.484858695652,0.766724802372,0.0,-7.717391304348,                    13P    139
-0.108695652174,-0.350168181818,-7.717391304348,0.47491798419,        13P    140
-0.204264772727,-5.528840167984,0.766724802372,0.241578850806,        13P    141
-5.091129940711,0.766724802372,0.241578850806,-4.653419713439,        13P    142
0.766724802372,0.241578850806,1.222193922925,0.766724802372,          13P    143
0.241578850806,2.484858695652,0.766724802372,0.241578850806,          13P    144
-7.717391304348,-0.108695652174,-0.350168181818,-7.717391304348,      13P    145
0.401966279644,-0.058361363636,-5.528840167984,0.668659114138,        13P    146
0.460433964443,-5.091129940711,0.668659114138,0.460433964443,         13P    147
-4.653419713439,0.668659114138,0.460433964443,1.222193922925,         13P    148
0.668659114138,0.460433964443,2.484858695652,0.668659114138,          13P    149
0.460433964443,-7.717391304348,-0.108695652174,-0.350168181818,       13P    150
-7.717391304348,0.292538722826,0.051066193182,-5.528840167984,        13P    151
0.510198713204,0.618894365377,-5.091129940711,0.510198713204,         13P    152
0.618894365377,-4.653419713439,0.510198713204,0.618894365377,         13P    153
1.222193922925,0.510198713204,0.618894365377,2.484858695652,          13P    154
0.510198713204,0.618894365377,-7.717391304348,-0.108695652174,        13P    155
-0.350168181818,-7.717391304348,0.183111166008,0.16049375,            13P    156
-5.528840167984,0.351738312269,0.777354766312,-5.091129940711,        13P    157
0.351738312269,0.777354766312,-4.653419713439,0.351738312269,         13P    158
0.777354766312,1.222193922925,0.351738312269,0.777354766312,          13P    159
2.484858695652,0.351738312269,0.777354766312,-7.717391304348,         13P    160
-0.108695652174,-0.350168181818,-7.717391304348,0.037207756917,       13P    161
0.233445454545,-5.528840167984,0.132883198632,0.875420454545,         13P    162
-5.091129940711,0.132883198632,0.875420454545,-4.653419713439,        13P    163
0.132883198632,0.875420454545,1.222193922925,0.132883198632,          13P    164
0.875420454545,2.484858695652,0.132883198632,0.875420454545,          13P    165
-7.717391304348,-0.108695652174,-0.350168181818,-7.717391304348,      13P    166
-0.108695652174,0.233445454545,-5.528840167984,-0.108695652174,       13P    167
0.875420454545,-5.091129940711,-0.108695652174,0.875420454545,        13P    168
-4.653419713439,-0.108695652174,0.875420454545,1.222193922925,        13P    169
-0.108695652174,0.875420454545,2.484858695652,-0.108695652174,        13P    170
0.875420454545,0.0,2.0,0.0,2.0,,1,15;                                 13P    171
406,1,36HSurf_DGZWOQYLLD, TransportFuse, 0, 3;                        15P    172
128,6,6,3,3,0,0,1,0,0,0.0,0.0,0.0,0.0,1.0,1.0,1.0,2.0,2.0,2.0,        17P    173
2.0,0.0,0.0,0.0,0.0,1.0,1.0,1.0,2.0,2.0,2.0,2.0,1.0,1.0,1.0,1.0,      17P    174
1.0,1.0,1.0,1.0,1.0,1.0,1.0,1.0,1.0,1.0,1.0,1.0,1.0,1.0,1.0,1.0,      17P    175
1.0,1.0,1.0,1.0,1.0,1.0,1.0,1.0,1.0,1.0,1.0,1.0,1.0,1.0,1.0,1.0,      17P    176
1.0,1.0,1.0,1.0,1.0,1.0,1.0,1.0,1.0,1.0,1.0,1.0,1.0,                  17P    177
2.484858695652,-0.108695652174,-0.875420454545,3.747523468379,        17P    178
-0.108695652174,-0.875420454545,7.672475880856,-0.108695652174,       17P    179
0.250245821568,7.684856195652,-0.108695652174,0.262626136364,         17P    180
7.697236510448,-0.108695652174,0.27500645116,7.737381422925,          17P    181
-0.108695652174,0.448215272727,7.737381422925,-0.108695652174,        17P    182
0.525252272727,2.484858695652,0.132883198632,-0.875420454545,         17P    183
3.747523468379,0.132883198632,-0.875420454545,7.672475880856,         17P    184
-0.081303980895,0.250245821568,7.684856195652,-0.084537767093,        17P    185
0.262626136364,7.697236510448,-0.087771553291,0.27500645116,          17P    186
7.737381422925,-0.089436402174,0.448215272727,7.737381422925,         17P    187
-0.108695652174,0.525252272727,2.484858695652,0.351738312269,         17P    188
-0.777354766312,3.747523468379,0.351738312269,-0.777354766312,        17P    189
7.672475880856,-0.056184683334,0.281005006139,7.684856195652,         17P    190
-0.06265225573,0.292045842834,7.697236510448,-0.069119828126,         17P    191
0.303086679529,7.737381422925,-0.070177152174,0.457844897727,         17P    192
7.737381422925,-0.108695652174,0.525252272727,2.484858695652,         17P    193
0.510198713204,-0.618894365377,3.747523468379,0.510198713204,         17P    194
-0.618894365377,7.672475880856,-0.038052011091,0.330829758569,        17P    195
7.684856195652,-0.046806215636,0.339583963114,7.697236510448,         17P    196
-0.055560420182,0.348338167659,7.737381422925,-0.055732714674,        17P    197
0.472289335227,7.737381422925,-0.108695652174,0.525252272727,         17P    198
2.484858695652,0.668659114138,-0.460433964443,3.747523468379,         17P    199
0.668659114138,-0.460433964443,7.672475880856,-0.019919338848,        17P    200
0.380654510999,7.684856195652,-0.030960175543,0.387122083394,         17P    201
7.697236510448,-0.042001012238,0.39358965579,7.737381422925,          17P    202
-0.041288277174,0.486733772727,7.737381422925,-0.108695652174,        17P    203
0.525252272727,2.484858695652,0.766724802372,-0.241578850806,         17P    204
3.747523468379,0.766724802372,-0.241578850806,7.672475880856,         17P    205
-0.008773291923,0.449544831287,7.684856195652,-0.021153606719,        17P    206
0.452778617485,7.697236510448,-0.033533921515,0.456012403683,         17P    207
7.737381422925,-0.031658652174,0.505993022727,7.737381422925,         17P    208
-0.108695652174,0.525252272727,2.484858695652,0.766724802372,         17P    209
0.0,3.747523468379,0.766724802372,0.0,7.672475880856,                 17P    210
-0.008773291923,0.525252272727,7.684856195652,-0.021153606719,        17P    211
0.525252272727,7.697236510448,-0.033533921515,0.525252272727,         17P    212
7.737381422925,-0.031658652174,0.525252272727,7.737381422925,         17P    213
-0.108695652174,0.525252272727,0.0,2.0,0.0,2.0,,1,19;                 17P    214
406,1,36HSurf_DGZWOQYLLD, TransportFuse, 0, 4;                        19P    215
128,6,6,3,3,0,0,1,0,0,0.0,0.0,0.0,0.0,1.0,1.0,1.0,2.0,2.0,2.0,        21P    216
2.0,0.0,0.0,0.0,0.0,1.0,1.0,1.0,2.0,2.0,2.0,2.0,1.0,1.0,1.0,1.0,      21P    217
1.0,1.0,1.0,1.0,1.0,1.0,1.0,1.0,1.0,1.0,1.0,1.0,1.0,1.0,1.0,1.0,      21P    218
1.0,1.0,1.0,1.0,1.0,1.0,1.0,1.0,1.0,1.0,1.0,1.0,1.0,1.0,1.0,1.0,      21P    219
1.0,1.0,1.0,1.0,1.0,1.0,1.0,1.0,1.0,1.0,1.0,1.0,1.0,                  21P    220
2.484858695652,-0.984116106719,0.0,3.747523468379,                    21P    221
-0.984116106719,0.0,7.672475880856,-0.208618012424,                   21P    222
0.525252272727,7.684856195652,-0.196237697628,0.525252272727,         21P    223
7.697236510448,-0.183857382832,0.525252272727,7.737381422925,         21P    224
-0.185732652174,0.525252272727,7.737381422925,-0.108695652174,        21P    225
0.525252272727,2.484858695652,-0.984116106719,-0.241578850806,        21P    226
3.747523468379,-0.984116106719,-0.241578850806,7.672475880856,        21P    227
-0.208618012424,0.449544831287,7.684856195652,-0.196237697628,        21P    228
0.452778617485,7.697236510448,-0.183857382832,0.456012403683,         21P    229
7.737381422925,-0.185732652174,0.505993022727,7.737381422925,         21P    230
-0.108695652174,0.525252272727,2.484858695652,-0.886050418486,        21P    231
-0.460433964443,3.747523468379,-0.886050418486,-0.460433964443,       21P    232
7.672475880856,-0.1974719655,0.380654510999,7.684856195652,           21P    233
-0.186431128805,0.387122083394,7.697236510448,-0.17539029211,         21P    234
0.39358965579,7.737381422925,-0.176103027174,0.486733772727,          21P    235
7.737381422925,-0.108695652174,0.525252272727,2.484858695652,         21P    236
-0.727590017551,-0.618894365377,3.747523468379,-0.727590017551,       21P    237
-0.618894365377,7.672475880856,-0.179339293257,0.330829758569,        21P    238
7.684856195652,-0.170585088712,0.339583963114,7.697236510448,         21P    239
-0.161830884166,0.348338167659,7.737381422925,-0.161658589674,        21P    240
0.472289335227,7.737381422925,-0.108695652174,0.525252272727,         21P    241
2.484858695652,-0.569129616617,-0.777354766312,3.747523468379,        21P    242
-0.569129616617,-0.777354766312,7.672475880856,-0.161206621014,       21P    243
0.281005006139,7.684856195652,-0.154739048618,0.292045842834,         21P    244
7.697236510448,-0.148271476222,0.303086679529,7.737381422925,         21P    245
-0.147214152174,0.457844897727,7.737381422925,-0.108695652174,        21P    246
0.525252272727,2.484858695652,-0.35027450298,-0.875420454545,         21P    247
3.747523468379,-0.35027450298,-0.875420454545,7.672475880856,         21P    248
-0.136087323453,0.250245821568,7.684856195652,-0.132853537255,        21P    249
0.262626136364,7.697236510448,-0.129619751057,0.27500645116,          21P    250
7.737381422925,-0.127954902174,0.448215272727,7.737381422925,         21P    251
-0.108695652174,0.525252272727,2.484858695652,-0.108695652174,        21P    252
-0.875420454545,3.747523468379,-0.108695652174,-0.875420454545,       21P    253
7.672475880856,-0.108695652174,0.250245821568,7.684856195652,         21P    254
-0.108695652174,0.262626136364,7.697236510448,-0.108695652174,        21P    255
0.27500645116,7.737381422925,-0.108695652174,0.448215272727,          21P    256
7.737381422925,-0.108695652174,0.525252272727,0.0,2.0,0.0,2.0,,       21P    257
1,23;                                                                 21P    258
406,1,36HSurf_DGZWOQYLLD, TransportFuse, 0, 5;                        23P    259
128,6,6,3,3,0,0,1,0,0,0.0,0.0,0.0,0.0,1.0,1.0,1.0,2.0,2.0,2.0,        25P    260
2.0,0.0,0.0,0.0,0.0,1.0,1.0,1.0,2.0,2.0,2.0,2.0,1.0,1.0,1.0,1.0,      25P    261
1.0,1.0,1.0,1.0,1.0,1.0,1.0,1.0,1.0,1.0,1.0,1.0,1.0,1.0,1.0,1.0,      25P    262
1.0,1.0,1.0,1.0,1.0,1.0,1.0,1.0,1.0,1.0,1.0,1.0,1.0,1.0,1.0,1.0,      25P    263
1.0,1.0,1.0,1.0,1.0,1.0,1.0,1.0,1.0,1.0,1.0,1.0,1.0,                  25P    264
2.484858695652,-0.108695652174,0.875420454545,3.747523468379,         25P    265
-0.108695652174,0.875420454545,7.672475880856,-0.108695652174,        25P    266
0.800258723887,7.684856195652,-0.108695652174,0.787878409091,         25P    267
7.697236510448,-0.108695652174,0.775498094295,7.737381422925,         25P    268
-0.108695652174,0.602289272727,7.737381422925,-0.108695652174,        25P    269
0.525252272727,2.484858695652,-0.35027450298,0.875420454545,          25P    270
3.747523468379,-0.35027450298,0.875420454545,7.672475880856,          25P    271
-0.136087323453,0.800258723887,7.684856195652,-0.132853537255,        25P    272
0.787878409091,7.697236510448,-0.129619751057,0.775498094295,         25P    273
7.737381422925,-0.127954902174,0.602289272727,7.737381422925,         25P    274
-0.108695652174,0.525252272727,2.484858695652,-0.569129616617,        25P    275
0.777354766312,3.747523468379,-0.569129616617,0.777354766312,         25P    276
7.672475880856,-0.161206621014,0.769499539316,7.684856195652,         25P    277
-0.154739048618,0.758458702621,7.697236510448,-0.148271476222,        25P    278
0.747417865926,7.737381422925,-0.147214152174,0.592659647727,         25P    279
7.737381422925,-0.108695652174,0.525252272727,2.484858695652,         25P    280
-0.727590017551,0.618894365377,3.747523468379,-0.727590017551,        25P    281
0.618894365377,7.672475880856,-0.179339293257,0.719674786886,         25P    282
7.684856195652,-0.170585088712,0.710920582341,7.697236510448,         25P    283
-0.161830884166,0.702166377795,7.737381422925,-0.161658589674,        25P    284
0.578215210227,7.737381422925,-0.108695652174,0.525252272727,         25P    285
2.484858695652,-0.886050418486,0.460433964443,3.747523468379,         25P    286
-0.886050418486,0.460433964443,7.672475880856,-0.1974719655,          25P    287
0.669850034456,7.684856195652,-0.186431128805,0.66338246206,          25P    288
7.697236510448,-0.17539029211,0.656914889664,7.737381422925,          25P    289
-0.176103027174,0.563770772727,7.737381422925,-0.108695652174,        25P    290
0.525252272727,2.484858695652,-0.984116106719,0.241578850806,         25P    291
3.747523468379,-0.984116106719,0.241578850806,7.672475880856,         25P    292
-0.208618012424,0.600959714167,7.684856195652,-0.196237697628,        25P    293
0.597725927969,7.697236510448,-0.183857382832,0.594492141771,         25P    294
7.737381422925,-0.185732652174,0.544511522727,7.737381422925,         25P    295
-0.108695652174,0.525252272727,2.484858695652,-0.984116106719,        25P    296
0.0,3.747523468379,-0.984116106719,0.0,7.672475880856,                25P    297
-0.208618012424,0.525252272727,7.684856195652,-0.196237697628,        25P    298
0.525252272727,7.697236510448,-0.183857382832,0.525252272727,         25P    299
7.737381422925,-0.185732652174,0.525252272727,7.737381422925,         25P    300
-0.108695652174,0.525252272727,0.0,2.0,0.0,2.0,,1,27;                 25P    301
406,1,36HSurf_DGZWOQYLLD, TransportFuse, 0, 6;                        27P    302
128,6,6,3,3,0,0,1,0,0,0.0,0.0,0.0,0.0,1.0,1.0,1.0,2.0,2.0,2.0,        29P    303
2.0,0.0,0.0,0.0,0.0,1.0,1.0,1.0,2.0,2.0,2.0,2.0,1.0,1.0,1.0,1.0,      29P    304
1.0,1.0,1.0,1.0,1.0,1.0,1.0,1.0,1.0,1.0,1.0,1.0,1.0,1.0,1.0,1.0,      29P    305
1.0,1.0,1.0,1.0,1.0,1.0,1.0,1.0,1.0,1.0,1.0,1.0,1.0,1.0,1.0,1.0,      29P    306
1.0,1.0,1.0,1.0,1.0,1.0,1.0,1.0,1.0,1.0,1.0,1.0,1.0,                  29P    307
2.484858695652,0.766724802372,0.0,3.747523468379,0.766724802372,      29P    308
0.0,7.672475880856,-0.008773291923,0.525252272727,                    29P    309
7.684856195652,-0.021153606719,0.525252272727,7.697236510448,         29P    310
-0.033533921515,0.525252272727,7.737381422925,-0.031658652174,        29P    311
0.525252272727,7.737381422925,-0.108695652174,0.525252272727,         29P    312
2.484858695652,0.766724802372,0.241578850806,3.747523468379,          29P    313
0.766724802372,0.241578850806,7.672475880856,-0.008773291923,         29P    314
0.600959714167,7.684856195652,-0.021153606719,0.597725927969,         29P    315
7.697236510448,-0.033533921515,0.594492141771,7.737381422925,         29P    316
-0.031658652174,0.544511522727,7.737381422925,-0.108695652174,        29P    317
0.525252272727,2.484858695652,0.668659114138,0.460433964443,          29P    318
3.747523468379,0.668659114138,0.460433964443,7.672475880856,          29P    319
-0.019919338848,0.669850034456,7.684856195652,-0.030960175543,        29P    320
0.66338246206,7.697236510448,-0.042001012238,0.656914889664,          29P    321
7.737381422925,-0.041288277174,0.563770772727,7.737381422925,         29P    322
-0.108695652174,0.525252272727,2.484858695652,0.510198713204,         29P    323
0.618894365377,3.747523468379,0.510198713204,0.618894365377,          29P    324
7.672475880856,-0.038052011091,0.719674786886,7.684856195652,         29P    325
-0.046806215636,0.710920582341,7.697236510448,-0.055560420182,        29P    326
0.702166377795,7.737381422925,-0.055732714674,0.578215210227,         29P    327
7.737381422925,-0.108695652174,0.525252272727,2.484858695652,         29P    328
0.351738312269,0.777354766312,3.747523468379,0.351738312269,          29P    329
0.777354766312,7.672475880856,-0.056184683334,0.769499539316,         29P    330
7.684856195652,-0.06265225573,0.758458702621,7.697236510448,          29P    331
-0.069119828126,0.747417865926,7.737381422925,-0.070177152174,        29P    332
0.592659647727,7.737381422925,-0.108695652174,0.525252272727,         29P    333
2.484858695652,0.132883198632,0.875420454545,3.747523468379,          29P    334
0.132883198632,0.875420454545,7.672475880856,-0.081303980895,         29P    335
0.800258723887,7.684856195652,-0.084537767093,0.787878409091,         29P    336
7.697236510448,-0.087771553291,0.775498094295,7.737381422925,         29P    337
-0.089436402174,0.602289272727,7.737381422925,-0.108695652174,        29P    338
0.525252272727,2.484858695652,-0.108695652174,0.875420454545,         29P    339
3.747523468379,-0.108695652174,0.875420454545,7.672475880856,         29P    340
-0.108695652174,0.800258723887,7.684856195652,-0.108695652174,        29P    341
0.787878409091,7.697236510448,-0.108695652174,0.775498094295,         29P    342
7.737381422925,-0.108695652174,0.602289272727,7.737381422925,         29P    343
-0.108695652174,0.525252272727,0.0,2.0,0.0,2.0,,1,31;                 29P    344
406,1,36HSurf_DGZWOQYLLD, TransportFuse, 0, 7;                        31P    345
128,1,96,1,3,0,0,1,0,0,0.0,0.0,1.0,1.0,0.0,0.0,0.0,0.0,1.0,1.0,       33P    346
1.0,2.0,2.0,2.0,3.0,3.0,3.0,4.0,4.0,4.0,5.0,5.0,5.0,6.0,6.0,6.0,      33P    347
7.0,7.0,7.0,8.0,8.0,8.0,9.0,9.0,9.0,10.0,10.0,10.0,11.0,11.0,         33P    348
11.0,12.0,12.0,12.0,13.0,13.0,13.0,14.0,14.0,14.0,15.0,15.0,          33P    349
15.0,16.0,16.0,16.0,17.0,17.0,17.0,18.0,18.0,18.0,19.0,19.0,          33P    350
19.0,20.0,20.0,20.0,21.0,21.0,21.0,22.0,22.0,22.0,23.0,23.0,          33P    351
23.0,24.0,24.0,24.0,25.0,25.0,25.0,26.0,26.0,26.0,27.0,27.0,          33P    352
27.0,28.0,28.0,28.0,29.0,29.0,29.0,30.0,30.0,30.0,31.0,31.0,          33P    353
31.0,32.0,32.0,32.0,32.0,1.0,1.0,1.0,1.0,1.0,1.0,1.0,1.0,1.0,         33P    354
1.0,1.0,1.0,1.0,1.0,1.0,1.0,1.0,1.0,1.0,1.0,1.0,1.0,1.0,1.0,1.0,      33P    355
1.0,1.0,1.0,1.0,1.0,1.0,1.0,1.0,1.0,1.0,1.0,1.0,1.0,1.0,1.0,1.0,      33P    356
1.0,1.0,1.0,1.0,1.0,1.0,1.0,1.0,1.0,1.0,1.0,1.0,1.0,1.0,1.0,1.0,      33P    357
1.0,1.0,1.0,1.0,1.0,1.0,1.0,1.0,1.0,1.0,1.0,1.0,1.0,1.0,1.0,1.0,      33P    358
1.0,1.0,1.0,1.0,1.0,1.0,1.0,1.0,1.0,1.0,1.0,1.0,1.0,1.0,1.0,1.0,      33P    359
1.0,1.0,1.0,1.0,1.0,1.0,1.0,1.0,1.0,1.0,1.0,1.0,1.0,1.0,1.0,1.0,      33P    360
1.0,1.0,1.0,1.0,1.0,1.0,1.0,1.0,1.0,1.0,1.0,1.0,1.0,1.0,1.0,1.0,      33P    361
1.0,1.0,1.0,1.0,1.0,1.0,1.0,1.0,1.0,1.0,1.0,1.0,1.0,1.0,1.0,1.0,      33P    362
1.0,1.0,1.0,1.0,1.0,1.0,1.0,1.0,1.0,1.0,1.0,1.0,1.0,1.0,1.0,1.0,      33P    363
1.0,1.0,1.0,1.0,1.0,1.0,1.0,1.0,1.0,1.0,1.0,1.0,1.0,1.0,1.0,1.0,      33P    364
1.0,1.0,1.0,1.0,1.0,1.0,1.0,1.0,1.0,1.0,1.0,1.0,1.0,1.0,1.0,1.0,      33P    365
1.0,1.0,1.0,1.0,1.0,1.0,1.0,1.0,1.0,0.34335154827,0.0,                33P    366
-0.409836065574,0.34335154827,0.0,-0.409836065574,                    33P    367
0.163726789557,0.0,-0.409836065574,0.163726789556,0.0,                33P    368
-0.430921220056,-0.016055013637,0.0,-0.409836065574,                  33P    369
-0.016055013637,0.0,-0.450652945522,-0.195958458517,0.0,              33P    370
-0.409836065574,-0.195958458517,0.0,-0.469189828003,                  33P    371
-0.375861903397,0.0,-0.409836065574,-0.375861903397,0.0,              33P    372
-0.487726710485,-0.5558874335,0.0,-0.409836065574,-0.5558874335,      33P    373
0.0,-0.505070091369,-0.736023876315,0.0,-0.409836065574,              33P    374
-0.736023876315,0.0,-0.521166453542,-0.916160319131,0.0,              33P    375
-0.409836065574,-0.916160319131,0.0,-0.537262815716,                  33P    376
-1.096408387189,0.0,-0.409836065574,-1.096408387189,0.0,              33P    377
-0.552111116863,-1.276771188073,0.0,-0.409836065574,                  33P    378
-1.276771188073,0.0,-0.565410220522,-1.457133988957,0.0,              33P    379
-0.409836065574,-1.457133988957,0.0,-0.578709324182,                  33P    380
-1.637612959822,0.0,-0.409836065574,-1.637612959822,0.0,              33P    381
-0.59045527104,-1.818209951392,0.0,-0.409836065574,                   33P    382
-1.818209951392,0.0,-0.600040338915,-1.908508447178,0.0,              33P    383
-0.409836065574,-1.908508447178,0.0,-0.604832872853,                  33P    384
-1.998836168621,0.0,-0.409836065574,-1.998836168621,0.0,              33P    385
-0.609065895164,-2.089190802828,0.0,-0.409836065574,                  33P    386
-2.089190802828,0.0,-0.612636353723,-2.134368119931,0.0,              33P    387
-0.409836065574,-2.134368119931,0.0,-0.614421583003,                  33P    388
-2.179552038044,0.0,-0.409836065574,-2.179552038044,0.0,              33P    389
-0.616035205407,-2.224741883796,0.0,-0.409836065574,                  33P    390
-2.224741883796,0.0,-0.617463234718,-2.269931729548,0.0,              33P    391
-0.409836065574,-2.269931729548,0.0,-0.618891264029,                  33P    392
-2.31512767815,0.0,-0.409836065574,-2.31512767815,0.0,                33P    393
-0.620133279801,-2.360328103622,0.0,-0.409836065574,                  33P    394
-2.360328103622,0.0,-0.621161183863,-2.450728954567,0.0,              33P    395
-0.409836065574,-2.450728954567,0.0,-0.623216991989,                  33P    396
-2.54115000027,0.0,-0.409836065574,-2.54115000027,0.0,                33P    397
-0.62444290108,-2.63157476401,0.0,-0.409836065574,                    33P    398
-2.63157476401,0.0,-0.62460776758,-2.67678714588,0.0,                 33P    399
-0.409836065574,-2.67678714588,0.0,-0.62469020083,                    33P    400
-2.721999634267,0.0,-0.409836065574,-2.721999634267,0.0,              33P    401
-0.624500529671,-2.76720965434,0.0,-0.409836065574,                   33P    402
-2.76720965434,0.0,-0.624011281508,-2.789814664377,0.0,               33P    403
-0.409836065574,-2.789814664377,0.0,-0.623766657426,                  33P    404
-2.812418101005,0.0,-0.409836065574,-2.812418101005,0.0,              33P    405
-0.623438628854,-2.835020746865,0.0,-0.409836065574,                  33P    406
-2.835020746865,0.0,-0.623033699432,-2.857623392725,0.0,              33P    407
-0.409836065574,-2.857623392725,0.0,-0.622628770011,                  33P    408
-2.880225071152,0.0,-0.409836065574,-2.880225071152,0.0,              33P    409
-0.622145693727,-2.90282349767,0.0,-0.409836065574,                   33P    410
-2.90282349767,0.0,-0.621565376775,-2.993217203744,0.0,               33P    411
-0.409836065574,-2.993217203744,0.0,-0.619244108967,                  33P    412
-3.083584331532,0.0,-0.409836065574,-3.083584331532,0.0,              33P    413
-0.61555367979,-3.173830813043,0.0,-0.409836065574,                   33P    414
-3.173830813043,0.0,-0.609854838152,-3.218954053798,0.0,              33P    415
-0.409836065574,-3.218954053798,0.0,-0.607005417333,                  33P    416
-3.26404698495,0.0,-0.409836065574,-3.26404698495,0.0,                33P    417
-0.603655721067,-3.309084458195,0.0,-0.409836065574,                  33P    418
-3.309084458195,0.0,-0.599668622204,-3.354121931441,0.0,              33P    419
-0.409836065574,-3.354121931441,0.0,-0.595681523341,                  33P    420
-3.399105518915,0.0,-0.409836065574,-3.399105518915,0.0,              33P    421
-0.591065487699,-3.443992560054,0.0,-0.409836065574,                  33P    422
-3.443992560054,0.0,-0.585622334725,-3.455214320339,0.0,              33P    423
-0.409836065574,-3.455214320339,0.0,-0.584261546481,                  33P    424
-3.466428641507,0.0,-0.409836065574,-3.466428641507,0.0,              33P    425
-0.582843568338,-3.477636036745,0.0,-0.409836065574,                  33P    426
-3.477636036745,0.0,-0.581370125044,-3.488843431982,0.0,              33P    427
-0.409836065574,-3.488843431982,0.0,-0.579896681751,                  33P    428
-3.500044614645,0.0,-0.409836065574,-3.500044614645,0.0,              33P    429
-0.578370795177,-3.511235400711,0.0,-0.409836065574,                  33P    430
-3.511235400711,0.0,-0.576776079199,-3.533616972845,0.0,              33P    431
-0.409836065574,-3.533616972845,0.0,-0.573586647243,                  33P    432
-3.555963483595,0.0,-0.409836065574,-3.555963483595,0.0,              33P    433
-0.570146603793,-3.578260944759,0.0,-0.409836065574,                  33P    434
-3.578260944759,0.0,-0.566404882429,-3.600558405923,0.0,              33P    435
-0.409836065574,-3.600558405923,0.0,-0.562663161065,                  33P    436
-3.622801688242,0.0,-0.409836065574,-3.622801688242,0.0,              33P    437
-0.558602373594,-3.644970618263,0.0,-0.409836065574,                  33P    438
-3.644970618263,0.0,-0.554157053572,-3.667139548284,0.0,              33P    439
-0.409836065574,-3.667139548284,0.0,-0.549711733549,                  33P    440
-3.689228952683,0.0,-0.409836065574,-3.689228952683,0.0,              33P    441
-0.544865293828,-3.711191957993,0.0,-0.409836065574,                  33P    442
-3.711191957993,0.0,-0.539487269698,-3.722173460649,0.0,              33P    443
-0.409836065574,-3.722173460649,0.0,-0.536798257632,                  33P    444
-3.733122368444,0.0,-0.409836065574,-3.733122368444,0.0,              33P    445
-0.533973281242,-3.744023432124,0.0,-0.409836065574,                  33P    446
-3.744023432124,0.0,-0.530976031278,-3.754924495804,0.0,              33P    447
-0.409836065574,-3.754924495804,0.0,-0.527978781315,                  33P    448
-3.765784663623,0.0,-0.409836065574,-3.765784663623,0.0,              33P    449
-0.524825027701,-3.77658073855,0.0,-0.409836065574,                   33P    450
-3.77658073855,0.0,-0.521462982209,-3.787376813476,0.0,               33P    451
-0.409836065574,-3.787376813476,0.0,-0.518100936717,                  33P    452
-3.798106605815,0.0,-0.409836065574,-3.798106605815,0.0,              33P    453
-0.514525939451,-3.808744662308,0.0,-0.409836065574,                  33P    454
-3.808744662308,0.0,-0.510689064625,-3.814063690555,0.0,              33P    455
-0.409836065574,-3.814063690555,0.0,-0.508770627213,                  33P    456
-3.819356976409,0.0,-0.409836065574,-3.819356976409,0.0,              33P    457
-0.506781481726,-3.824620752798,0.0,-0.409836065574,                  33P    458
-3.824620752798,0.0,-0.504715502457,-3.829884529187,0.0,              33P    459
-0.409836065574,-3.829884529187,0.0,-0.502649523188,                  33P    460
-3.835118486917,0.0,-0.409836065574,-3.835118486917,0.0,              33P    461
-0.500505490521,-3.840309488355,0.0,-0.409836065574,                  33P    462
-3.840309488355,0.0,-0.498263333494,-3.850691491232,0.0,              33P    463
-0.409836065574,-3.850691491232,0.0,-0.49377901944,                   33P    464
-3.860928519325,0.0,-0.409836065574,-3.860928519325,0.0,              33P    465
-0.488937819875,-3.870871230506,0.0,-0.409836065574,                  33P    466
-3.870871230506,0.0,-0.483539437801,-3.875842586096,0.0,              33P    467
-0.409836065574,-3.875842586096,0.0,-0.480840246764,                  33P    468
-3.88073835986,0.0,-0.409836065574,-3.88073835986,0.0,                33P    469
-0.478000378019,-3.885526307552,0.0,-0.409836065574,                  33P    470
-3.885526307552,0.0,-0.474984905294,-3.890314255244,0.0,              33P    471
-0.409836065574,-3.890314255244,0.0,-0.471969432569,                  33P    472
-3.894994359913,0.0,-0.409836065574,-3.894994359913,0.0,              33P    473
-0.468777305533,-3.899499206657,0.0,-0.409836065574,                  33P    474
-3.899499206657,0.0,-0.46535227157,-3.904004053401,0.0,               33P    475
-0.409836065574,-3.904004053401,0.0,-0.461927237606,                  33P    476
-3.90834350835,0.0,-0.409836065574,-3.90834350835,0.0,                33P    477
-0.458274802626,-3.912398932767,0.0,-0.409836065574,                  33P    478
-3.912398932767,0.0,-0.454321839853,-3.916454357183,0.0,              33P    479
-0.409836065574,-3.916454357183,0.0,-0.450368877079,                  33P    480
-3.920225373513,0.0,-0.409836065574,-3.920225373513,0.0,              33P    481
-0.446110893469,-3.923497437188,0.0,-0.409836065574,                  33P    482
-3.923497437188,0.0,-0.441484198637,-3.926769500864,0.0,              33P    483
-0.409836065574,-3.926769500864,0.0,-0.436857503805,                  33P    484
-3.92953688512,0.0,-0.409836065574,-3.92953688512,0.0,                33P    485
-0.43184837237,-3.931457947375,0.0,-0.409836065574,                   33P    486
-3.931457947375,0.0,-0.42651324045,-3.932418478503,0.0,               33P    487
-0.409836065574,-3.932418478503,0.0,-0.42384567449,                   33P    488
-3.93316691443,0.0,-0.409836065574,-3.93316691443,0.0,                33P    489
-0.421100261806,-3.93366930021,0.0,-0.409836065574,                   33P    490
-3.93366930021,0.0,-0.418306808497,-3.93417168599,0.0,                33P    491
-0.409836065574,-3.93417168599,0.0,-0.415513355188,                   33P    492
-3.934426229508,0.0,-0.409836065574,-3.934426229508,0.0,              33P    493
-0.412666123216,-3.934426229508,0.0,-0.409836065574,                  33P    494
-3.934426229508,0.0,-0.409836065574,0.0,1.0,0.0,32.0,,1,35;           33P    495
406,1,35HSurf_ATBOBIFKXI, Wings, 0, 1, lower;                         35P    496
128,1,96,1,3,0,0,1,0,0,0.0,0.0,1.0,1.0,0.0,0.0,0.0,0.0,1.0,1.0,       37P    497
1.0,2.0,2.0,2.0,3.0,3.0,3.0,4.0,4.0,4.0,5.0,5.0,5.0,6.0,6.0,6.0,      37P    498
7.0,7.0,7.0,8.0,8.0,8.0,9.0,9.0,9.0,10.0,10.0,10.0,11.0,11.0,         37P    499
11.0,12.0,12.0,12.0,13.0,13.0,13.0,14.0,14.0,14.0,15.0,15.0,          37P    500
15.0,16.0,16.0,16.0,17.0,17.0,17.0,18.0,18.0,18.0,19.0,19.0,          37P    501
19.0,20.0,20.0,20.0,21.0,21.0,21.0,22.0,22.0,22.0,23.0,23.0,          37P    502
23.0,24.0,24.0,24.0,25.0,25.0,25.0,26.0,26.0,26.0,27.0,27.0,          37P    503
27.0,28.0,28.0,28.0,29.0,29.0,29.0,30.0,30.0,30.0,31.0,31.0,          37P    504
31.0,32.0,32.0,32.0,32.0,1.0,1.0,1.0,1.0,1.0,1.0,1.0,1.0,1.0,         37P    505
1.0,1.0,1.0,1.0,1.0,1.0,1.0,1.0,1.0,1.0,1.0,1.0,1.0,1.0,1.0,1.0,      37P    506
1.0,1.0,1.0,1.0,1.0,1.0,1.0,1.0,1.0,1.0,1.0,1.0,1.0,1.0,1.0,1.0,      37P    507
1.0,1.0,1.0,1.0,1.0,1.0,1.0,1.0,1.0,1.0,1.0,1.0,1.0,1.0,1.0,1.0,      37P    508
1.0,1.0,1.0,1.0,1.0,1.0,1.0,1.0,1.0,1.0,1.0,1.0,1.0,1.0,1.0,1.0,      37P    509
1.0,1.0,1.0,1.0,1.0,1.0,1.0,1.0,1.0,1.0,1.0,1.0,1.0,1.0,1.0,1.0,      37P    510
1.0,1.0,1.0,1.0,1.0,1.0,1.0,1.0,1.0,1.0,1.0,1.0,1.0,1.0,1.0,1.0,      37P    511
1.0,1.0,1.0,1.0,1.0,1.0,1.0,1.0,1.0,1.0,1.0,1.0,1.0,1.0,1.0,1.0,      37P    512
1.0,1.0,1.0,1.0,1.0,1.0,1.0,1.0,1.0,1.0,1.0,1.0,1.0,1.0,1.0,1.0,      37P    513
1.0,1.0,1.0,1.0,1.0,1.0,1.0,1.0,1.0,1.0,1.0,1.0,1.0,1.0,1.0,1.0,      37P    514
1.0,1.0,1.0,1.0,1.0,1.0,1.0,1.0,1.0,1.0,1.0,1.0,1.0,1.0,1.0,1.0,      37P    515
1.0,1.0,1.0,1.0,1.0,1.0,1.0,1.0,1.0,1.0,1.0,1.0,1.0,1.0,1.0,1.0,      37P    516
1.0,1.0,1.0,1.0,1.0,1.0,1.0,1.0,1.0,-3.934426229508,0.0,              37P    517
-0.409836065574,-3.934426229508,0.0,-0.409836065574,                  37P    518
-3.934426229508,0.0,-0.409836065574,-3.934426229508,0.0,              37P    519
-0.407006007932,-3.93417168599,0.0,-0.409836065574,                   37P    520
-3.93417168599,0.0,-0.404158775959,-3.93366930021,0.0,                37P    521
-0.409836065574,-3.93366930021,0.0,-0.40136532265,                    37P    522
-3.93316691443,0.0,-0.409836065574,-3.93316691443,0.0,                37P    523
-0.398571869341,-3.932418478503,0.0,-0.409836065574,                  37P    524
-3.932418478503,0.0,-0.395826456657,-3.931457947375,0.0,              37P    525
-0.409836065574,-3.931457947375,0.0,-0.393158890697,                  37P    526
-3.92953688512,0.0,-0.409836065574,-3.92953688512,0.0,                37P    527
-0.387823758778,-3.926769500864,0.0,-0.409836065574,                  37P    528
-3.926769500864,0.0,-0.382814627343,-3.923497437188,0.0,              37P    529
-0.409836065574,-3.923497437188,0.0,-0.378187932511,                  37P    530
-3.920225373513,0.0,-0.409836065574,-3.920225373513,0.0,              37P    531
-0.373561237678,-3.916454357183,0.0,-0.409836065574,                  37P    532
-3.916454357183,0.0,-0.369303254068,-3.912398932767,0.0,              37P    533
-0.409836065574,-3.912398932767,0.0,-0.365350291295,                  37P    534
-3.90834350835,0.0,-0.409836065574,-3.90834350835,0.0,                37P    535
-0.361397328522,-3.904004053401,0.0,-0.409836065574,                  37P    536
-3.904004053401,0.0,-0.357744893541,-3.899499206657,0.0,              37P    537
-0.409836065574,-3.899499206657,0.0,-0.354319859578,                  37P    538
-3.894994359913,0.0,-0.409836065574,-3.894994359913,0.0,              37P    539
-0.350894825614,-3.890314255244,0.0,-0.409836065574,                  37P    540
-3.890314255244,0.0,-0.347702698579,-3.885526307552,0.0,              37P    541
-0.409836065574,-3.885526307552,0.0,-0.344687225854,                  37P    542
-3.88073835986,0.0,-0.409836065574,-3.88073835986,0.0,                37P    543
-0.341671753129,-3.875842586096,0.0,-0.409836065574,                  37P    544
-3.875842586096,0.0,-0.338831884384,-3.870871230506,0.0,              37P    545
-0.409836065574,-3.870871230506,0.0,-0.336132693347,                  37P    546
-3.860928519325,0.0,-0.409836065574,-3.860928519325,0.0,              37P    547
-0.330734311273,-3.850691491232,0.0,-0.409836065574,                  37P    548
-3.850691491232,0.0,-0.325893111707,-3.840309488355,0.0,              37P    549
-0.409836065574,-3.840309488355,0.0,-0.321408797653,                  37P    550
-3.835118486917,0.0,-0.409836065574,-3.835118486917,0.0,              37P    551
-0.319166640626,-3.829884529187,0.0,-0.409836065574,                  37P    552
-3.829884529187,0.0,-0.317022607959,-3.824620752798,0.0,              37P    553
-0.409836065574,-3.824620752798,0.0,-0.314956628691,                  37P    554
-3.819356976409,0.0,-0.409836065574,-3.819356976409,0.0,              37P    555
-0.312890649422,-3.814063690555,0.0,-0.409836065574,                  37P    556
-3.814063690555,0.0,-0.310901503935,-3.808744662308,0.0,              37P    557
-0.409836065574,-3.808744662308,0.0,-0.308983066522,                  37P    558
-3.798106605815,0.0,-0.409836065574,-3.798106605815,0.0,              37P    559
-0.305146191697,-3.787376813476,0.0,-0.409836065574,                  37P    560
-3.787376813476,0.0,-0.30157119443,-3.77658073855,0.0,                37P    561
-0.409836065574,-3.77658073855,0.0,-0.298209148938,                   37P    562
-3.765784663623,0.0,-0.409836065574,-3.765784663623,0.0,              37P    563
-0.294847103446,-3.754924495804,0.0,-0.409836065574,                  37P    564
-3.754924495804,0.0,-0.291693349833,-3.744023432124,0.0,              37P    565
-0.409836065574,-3.744023432124,0.0,-0.288696099869,                  37P    566
-3.733122368444,0.0,-0.409836065574,-3.733122368444,0.0,              37P    567
-0.285698849906,-3.722173460649,0.0,-0.409836065574,                  37P    568
-3.722173460649,0.0,-0.282873873515,-3.711191957993,0.0,              37P    569
-0.409836065574,-3.711191957993,0.0,-0.28018486145,                   37P    570
-3.689228952683,0.0,-0.409836065574,-3.689228952683,0.0,              37P    571
-0.27480683732,-3.667139548284,0.0,-0.409836065574,                   37P    572
-3.667139548284,0.0,-0.269960397598,-3.644970618263,0.0,              37P    573
-0.409836065574,-3.644970618263,0.0,-0.265515077576,                  37P    574
-3.622801688242,0.0,-0.409836065574,-3.622801688242,0.0,              37P    575
-0.261069757553,-3.600558405923,0.0,-0.409836065574,                  37P    576
-3.600558405923,0.0,-0.257008970082,-3.578260944759,0.0,              37P    577
-0.409836065574,-3.578260944759,0.0,-0.253267248719,                  37P    578
-3.555963483595,0.0,-0.409836065574,-3.555963483595,0.0,              37P    579
-0.249525527355,-3.533616972845,0.0,-0.409836065574,                  37P    580
-3.533616972845,0.0,-0.246085483905,-3.511235400711,0.0,              37P    581
-0.409836065574,-3.511235400711,0.0,-0.242896051949,                  37P    582
-3.500044614645,0.0,-0.409836065574,-3.500044614645,0.0,              37P    583
-0.241301335971,-3.488843431982,0.0,-0.409836065574,                  37P    584
-3.488843431982,0.0,-0.239775449396,-3.477636036745,0.0,              37P    585
-0.409836065574,-3.477636036745,0.0,-0.238302006103,                  37P    586
-3.466428641507,0.0,-0.409836065574,-3.466428641507,0.0,              37P    587
-0.23682856281,-3.455214320339,0.0,-0.409836065574,                   37P    588
-3.455214320339,0.0,-0.235410584667,-3.443992560054,0.0,              37P    589
-0.409836065574,-3.443992560054,0.0,-0.234049796423,                  37P    590
-3.399105518915,0.0,-0.409836065574,-3.399105518915,0.0,              37P    591
-0.228606643449,-3.354121931441,0.0,-0.409836065574,                  37P    592
-3.354121931441,0.0,-0.223990607807,-3.309084458195,0.0,              37P    593
-0.409836065574,-3.309084458195,0.0,-0.220003508944,                  37P    594
-3.26404698495,0.0,-0.409836065574,-3.26404698495,0.0,                37P    595
-0.216016410081,-3.218954053798,0.0,-0.409836065574,                  37P    596
-3.218954053798,0.0,-0.212666713814,-3.173830813043,0.0,              37P    597
-0.409836065574,-3.173830813043,0.0,-0.209817292995,                  37P    598
-3.083584331532,0.0,-0.409836065574,-3.083584331532,0.0,              37P    599
-0.204118451357,-2.993217203744,0.0,-0.409836065574,                  37P    600
-2.993217203744,0.0,-0.200428022181,-2.90282349767,0.0,               37P    601
-0.409836065574,-2.90282349767,0.0,-0.198106754373,                   37P    602
-2.880225071152,0.0,-0.409836065574,-2.880225071152,0.0,              37P    603
-0.197526437421,-2.857623392725,0.0,-0.409836065574,                  37P    604
-2.857623392725,0.0,-0.197043361137,-2.835020746865,0.0,              37P    605
-0.409836065574,-2.835020746865,0.0,-0.196638431715,                  37P    606
-2.812418101005,0.0,-0.409836065574,-2.812418101005,0.0,              37P    607
-0.196233502294,-2.789814664377,0.0,-0.409836065574,                  37P    608
-2.789814664377,0.0,-0.195905473721,-2.76720965434,0.0,               37P    609
-0.409836065574,-2.76720965434,0.0,-0.19566084964,                    37P    610
-2.721999634267,0.0,-0.409836065574,-2.721999634267,0.0,              37P    611
-0.195171601477,-2.67678714588,0.0,-0.409836065574,                   37P    612
-2.67678714588,0.0,-0.194981930317,-2.63157476401,0.0,                37P    613
-0.409836065574,-2.63157476401,0.0,-0.195064363568,                   37P    614
-2.54115000027,0.0,-0.409836065574,-2.54115000027,0.0,                37P    615
-0.195229230068,-2.450728954567,0.0,-0.409836065574,                  37P    616
-2.450728954567,0.0,-0.196455139159,-2.360328103622,0.0,              37P    617
-0.409836065574,-2.360328103622,0.0,-0.198510947284,                  37P    618
-2.31512767815,0.0,-0.409836065574,-2.31512767815,0.0,                37P    619
-0.199538851347,-2.269931729548,0.0,-0.409836065574,                  37P    620
-2.269931729548,0.0,-0.200780867119,-2.224741883796,0.0,              37P    621
-0.409836065574,-2.224741883796,0.0,-0.20220889643,                   37P    622
-2.179552038044,0.0,-0.409836065574,-2.179552038044,0.0,              37P    623
-0.203636925741,-2.134368119931,0.0,-0.409836065574,                  37P    624
-2.134368119931,0.0,-0.205250548144,-2.089190802828,0.0,              37P    625
-0.409836065574,-2.089190802828,0.0,-0.207035777424,                  37P    626
-1.998836168621,0.0,-0.409836065574,-1.998836168621,0.0,              37P    627
-0.210606235983,-1.908508447178,0.0,-0.409836065574,                  37P    628
-1.908508447178,0.0,-0.214839258295,-1.818209951392,0.0,              37P    629
-0.409836065574,-1.818209951392,0.0,-0.219631792233,                  37P    630
-1.637612959822,0.0,-0.409836065574,-1.637612959822,0.0,              37P    631
-0.229216860108,-1.457133988957,0.0,-0.409836065574,                  37P    632
-1.457133988957,0.0,-0.240962806966,-1.276771188073,0.0,              37P    633
-0.409836065574,-1.276771188073,0.0,-0.254261910625,                  37P    634
-1.096408387189,0.0,-0.409836065574,-1.096408387189,0.0,              37P    635
-0.267561014285,-0.916160319131,0.0,-0.409836065574,                  37P    636
-0.916160319131,0.0,-0.282409315432,-0.736023876315,0.0,              37P    637
-0.409836065574,-0.736023876315,0.0,-0.298505677605,                  37P    638
-0.5558874335,0.0,-0.409836065574,-0.5558874335,0.0,                  37P    639
-0.314602039779,-0.375861903397,0.0,-0.409836065574,                  37P    640
-0.375861903397,0.0,-0.331945420662,-0.195958458517,0.0,              37P    641
-0.409836065574,-0.195958458517,0.0,-0.350482303144,                  37P    642
-0.016055013637,0.0,-0.409836065574,-0.016055013637,0.0,              37P    643
-0.369019185626,0.163726789557,0.0,-0.409836065574,                   37P    644
0.163726789557,0.0,-0.388750911091,0.34335154827,0.0,                 37P    645
-0.409836065574,0.34335154827,0.0,-0.409836065574,0.0,1.0,0.0,        37P    646
32.0,,1,39;                                                           37P    647
406,1,35HSurf_ATBOBIFKXI, Wings, 0, 4, upper;                         39P    648
128,1,96,1,3,0,0,1,0,0,0.0,0.0,1.0,1.0,0.0,0.0,0.0,0.0,1.0,1.0,       41P    649
1.0,2.0,2.0,2.0,3.0,3.0,3.0,4.0,4.0,4.0,5.0,5.0,5.0,6.0,6.0,6.0,      41P    650
7.0,7.0,7.0,8.0,8.0,8.0,9.0,9.0,9.0,10.0,10.0,10.0,11.0,11.0,         41P    651
11.0,12.0,12.0,12.0,13.0,13.0,13.0,14.0,14.0,14.0,15.0,15.0,          41P    652
15.0,16.0,16.0,16.0,17.0,17.0,17.0,18.0,18.0,18.0,19.0,19.0,          41P    653
19.0,20.0,20.0,20.0,21.0,21.0,21.0,22.0,22.0,22.0,23.0,23.0,          41P    654
23.0,24.0,24.0,24.0,25.0,25.0,25.0,26.0,26.0,26.0,27.0,27.0,          41P    655
27.0,28.0,28.0,28.0,29.0,29.0,29.0,30.0,30.0,30.0,31.0,31.0,          41P    656
31.0,32.0,32.0,32.0,32.0,1.0,1.0,1.0,1.0,1.0,1.0,1.0,1.0,1.0,         41P    657
1.0,1.0,1.0,1.0,1.0,1.0,1.0,1.0,1.0,1.0,1.0,1.0,1.0,1.0,1.0,1.0,      41P    658
1.0,1.0,1.0,1.0,1.0,1.0,1.0,1.0,1.0,1.0,1.0,1.0,1.0,1.0,1.0,1.0,      41P    659
1.0,1.0,1.0,1.0,1.0,1.0,1.0,1.0,1.0,1.0,1.0,1.0,1.0,1.0,1.0,1.0,      41P    660
1.0,1.0,1.0,1.0,1.0,1.0,1.0,1.0,1.0,1.0,1.0,1.0,1.0,1.0,1.0,1.0,      41P    661
1.0,1.0,1.0,1.0,1.0,1.0,1.0,1.0,1.0,1.0,1.0,1.0,1.0,1.0,1.0,1.0,      41P    662
1.0,1.0,1.0,1.0,1.0,1.0,1.0,1.0,1.0,1.0,1.0,1.0,1.0,1.0,1.0,1.0,      41P    663
1.0,1.0,1.0,1.0,1.0,1.0,1.0,1.0,1.0,1.0,1.0,1.0,1.0,1.0,1.0,1.0,      41P    664
1.0,1.0,1.0,1.0,1.0,1.0,1.0,1.0,1.0,1.0,1.0,1.0,1.0,1.0,1.0,1.0,      41P    665
1.0,1.0,1.0,1.0,1.0,1.0,1.0,1.0,1.0,1.0,1.0,1.0,1.0,1.0,1.0,1.0,      41P    666
1.0,1.0,1.0,1.0,1.0,1.0,1.0,1.0,1.0,1.0,1.0,1.0,1.0,1.0,1.0,1.0,      41P    667
1.0,1.0,1.0,1.0,1.0,1.0,1.0,1.0,1.0,1.0,1.0,1.0,1.0,1.0,1.0,1.0,      41P    668
1.0,1.0,1.0,1.0,1.0,1.0,1.0,1.0,1.0,0.34335154827,0.0,                41P    669
-0.409836065574,1.434527886603,4.017939194644,-0.053264022605,        41P    670
0.163726789556,0.0,-0.430921220056,1.33871690677,4.018665121192,      41P    671
-0.064446319939,-0.016055013637,0.0,-0.450652945522,                  41P    672
1.242822160169,4.019344451446,-0.074910839953,-0.195958458517,        41P    673
0.0,-0.469189828003,1.146862530479,4.019982645258,                    41P    674
-0.084741687138,-0.375861903397,0.0,-0.487726710485,                  41P    675
1.050902900789,4.02062083907,-0.094572534322,-0.5558874335,0.0,       41P    676
-0.505070091369,0.954878151429,4.021217942622,-0.103770420066,        41P    677
-0.736023876315,0.0,-0.521166453542,0.858794241764,                   41P    678
4.021772113408,-0.112306962114,-0.916160319131,0.0,                   41P    679
-0.537262815716,0.762710332099,4.022326284194,-0.120843504162,        41P    680
-1.096408387189,0.0,-0.552111116863,0.666566882068,                   41P    681
4.022837486329,-0.128718149732,-1.276771188073,0.0,                   41P    682
-0.565410220522,0.570362234101,4.02329535219,-0.135771194163,         41P    683
-1.457133988957,0.0,-0.578709324182,0.474157586134,                   41P    684
4.023753218052,-0.142824238595,-1.637612959822,0.0,                   41P    685
-0.59045527104,0.37789097366,4.024157611326,-0.149053582105,          41P    686
-1.818209951392,0.0,-0.600040338915,0.281561409511,                   41P    687
4.024487609157,-0.154136925414,-1.908508447178,0.0,                   41P    688
-0.604832872853,0.233396627436,4.024652608072,-0.156678597069,        41P    689
-1.998836168621,0.0,-0.609065895164,0.185216256536,                   41P    690
4.024798343939,-0.15892353742,-2.089190802828,0.0,                    41P    691
-0.612636353723,0.137021530498,4.024921268846,-0.160817093821,        41P    692
-2.134368119931,0.0,-0.614421583003,0.112924167479,4.0249827313,      41P    693
-0.161763872021,-2.179552038044,0.0,-0.616035205407,                  41P    694
0.088823283514,4.025038285616,-0.162619640259,-2.224741883796,        41P    695
0.0,-0.617463234718,0.064719237774,4.025087450273,                    41P    696
-0.163376981087,-2.269931729548,0.0,-0.618891264029,                  41P    697
0.040615192034,4.02513661493,-0.164134321916,-2.31512767815,0.0,      41P    698
-0.620133279801,0.016507891064,4.025179375453,-0.164793012354,        41P    699
-2.360328103622,0.0,-0.621161183863,-0.007601797848,                  41P    700
4.025214764468,-0.165338150825,-2.450728954567,0.0,                   41P    701
-0.623216991989,-0.05582117567,4.025285542498,-0.166428427765,        41P    702
-2.54115000027,0.0,-0.62444290108,-0.10405132528,4.025327748494,      41P    703
-0.167078576189,-2.63157476401,0.0,-0.62460776758,                    41P    704
-0.152283458073,4.025333424572,-0.167166011462,-2.67678714588,        41P    705
0.0,-0.62469020083,-0.176399524469,4.02533626261,                     41P    706
-0.167209729098,-2.721999634267,0.0,-0.624500529671,                  41P    707
-0.200515647681,4.02532973255,-0.167109138927,-2.76720965434,         41P    708
0.0,-0.624011281508,-0.224630454306,4.025312888555,                   41P    709
-0.166849671137,-2.789814664377,0.0,-0.623766657426,                  41P    710
-0.236687857619,4.025304466558,-0.166719937242,-2.812418101005,       41P    711
0.0,-0.623438628854,-0.248744421683,4.025293173084,                   41P    712
-0.166545970623,-2.835020746865,0.0,-0.623033699432,                  41P    713
-0.260800563956,4.025279232042,-0.166331220421,-2.857623392725,       41P    714
0.0,-0.622628770011,-0.272856706228,4.025265291,-0.166116470219,      41P    715
-2.880225071152,0.0,-0.622145693727,-0.284912332476,                  41P    716
4.025248659493,-0.165860275622,-2.90282349767,0.0,                    41P    717
-0.621565376775,-0.296966224172,4.025228680153,-0.165552510426,       41P    718
-2.993217203744,0.0,-0.619244108967,-0.345181790955,                  41P    719
4.02514876279,-0.164321449642,-3.083584331532,0.0,                    41P    720
-0.61555367979,-0.393383181009,4.025021707496,-0.162364268043,        41P    721
-3.173830813043,0.0,-0.609854838152,-0.44152021892,                   41P    722
4.024825505925,-0.159341945314,-3.218954053798,0.0,                   41P    723
-0.607005417333,-0.465588737876,4.024727405139,-0.157830783949,       41P    724
-3.26404698495,0.0,-0.603655721067,-0.489641089836,                   41P    725
4.024612080708,-0.156054306585,-3.309084458195,0.0,                   41P    726
-0.599668622204,-0.513663860815,4.024474811573,-0.153939789235,       41P    727
-3.354121931441,0.0,-0.595681523341,-0.537686631795,                  41P    728
4.024337542438,-0.151825271885,-3.399105518915,0.0,                   41P    729
-0.591065487699,-0.561680660364,4.024178620063,-0.149377204307,       41P    730
-3.443992560054,0.0,-0.585622334725,-0.585623191584,                  41P    731
4.023991221424,-0.146490483461,-3.455214320339,0.0,                   41P    732
-0.584261546481,-0.591608824389,4.023944371765,-0.145768803249,       41P    733
-3.466428641507,0.0,-0.582843568338,-0.597590489205,                  41P    734
4.023895553153,-0.145016792955,-3.477636036745,0.0,                   41P    735
-0.581370125044,-0.603568459763,4.023844824968,-0.144235367283,       41P    736
-3.488843431982,0.0,-0.579896681751,-0.609546430321,                  41P    737
4.023794096784,-0.143453941611,-3.500044614645,0.0,                   41P    738
-0.578370795177,-0.615521087122,4.023741563065,-0.142644703178,       41P    739
-3.511235400711,0.0,-0.576776079199,-0.621490198428,                  41P    740
4.023686659665,-0.141798961771,-3.533616972845,0.0,                   41P    741
-0.573586647243,-0.633428421041,4.023576852866,-0.140107478956,       41P    742
-3.555963483595,0.0,-0.570146603793,-0.645347942081,                  41P    743
4.023458417932,-0.138283086882,-3.578260944759,0.0,                   41P    744
-0.566404882429,-0.657241300309,4.023329596734,-0.136298702994,       41P    745
-3.600558405923,0.0,-0.562663161065,-0.669134658536,                  41P    746
4.023200775535,-0.134314319106,-3.622801688242,0.0,                   41P    747
-0.558602373594,-0.68099911803,4.023060969425,-0.132160721752,        41P    748
-3.644970618263,0.0,-0.554157053572,-0.692823918366,                  41P    749
4.022907924503,-0.129803191467,-3.667139548284,0.0,                   41P    750
-0.549711733549,-0.704648718701,4.022754879581,-0.127445661183,       41P    751
-3.689228952683,0.0,-0.544865293828,-0.716431100454,                  41P    752
4.02258802478,-0.124875401144,-3.711191957993,0.0,                    41P    753
-0.539487269698,-0.728146061543,4.022402868418,-0.122023220718,       41P    754
-3.722173460649,0.0,-0.536798257632,-0.734003542087,                  41P    755
4.022310290237,-0.120597130505,-3.733122368444,0.0,                   41P    756
-0.533973281242,-0.73984363669,4.022213031032,-0.119098932994,        41P    757
-3.744023432124,0.0,-0.530976031278,-0.745658211473,                  41P    758
4.022109840737,-0.117509371945,-3.754924495804,0.0,                   41P    759
-0.527978781315,-0.751472786256,4.022006650441,-0.115919810896,       41P    760
-3.765784663623,0.0,-0.524825027701,-0.757265547384,                  41P    761
4.021898071987,-0.114247249727,-3.77658073855,0.0,                    41P    762
-0.521462982209,-0.763024121672,4.021782322393,-0.112464223078,       41P    763
-3.787376813476,0.0,-0.518100936717,-0.768782695961,                  41P    764
4.021666572799,-0.110681196429,-3.798106605815,0.0,                   41P    765
-0.514525939451,-0.774505915436,4.021543491631,-0.108785232971,       41P    766
-3.808744662308,0.0,-0.510689064625,-0.780180203455,                  41P    767
4.021411394458,-0.106750385412,-3.814063690555,0.0,                   41P    768
-0.508770627213,-0.783017347464,4.021345345872,-0.105732961632,       41P    769
-3.819356976409,0.0,-0.506781481726,-0.785840760605,                  41P    770
4.021276862925,-0.104678038544,-3.824620752798,0.0,                   41P    771
-0.504715502457,-0.78864843354,4.02120573472,-0.103582367441,         41P    772
-3.829884529187,0.0,-0.502649523188,-0.791456106474,                  41P    773
4.021134606514,-0.102486696338,-3.835118486917,0.0,                   41P    774
-0.500505490521,-0.79424787428,4.021060791061,-0.101349630409,        41P    775
-3.840309488355,0.0,-0.498263333494,-0.797016729407,                  41P    776
4.02098359735,-0.100160525222,-3.850691491232,0.0,                    41P    777
-0.49377901944,-0.802554439661,4.020829209929,-0.09778231485,         41P    778
-3.860928519325,0.0,-0.488937819875,-0.808014821066,                  41P    779
4.020662535538,-0.095214833875,-3.870871230506,0.0,                   41P    780
-0.483539437801,-0.813318215248,4.020476678286,-0.09235185682,        41P    781
-3.875842586096,0.0,-0.480840246764,-0.81596991234,                   41P    782
4.02038374966,-0.090920368293,-3.88073835986,0.0,                     41P    783
-0.478000378019,-0.818581294449,4.020285977737,-0.089414272773,       41P    784
-3.885526307552,0.0,-0.474984905294,-0.821135162652,                  41P    785
4.020182160062,-0.087815047467,-3.890314255244,0.0,                   41P    786
-0.471969432569,-0.823689030855,4.020078342387,-0.086215822162,       41P    787
-3.894994359913,0.0,-0.468777305533,-0.82618537611,                   41P    788
4.019968442801,-0.084522910039,-3.899499206657,0.0,                   41P    789
-0.46535227157,-0.828588239633,4.019850524619,-0.082706478094,        41P    790
-3.904004053401,0.0,-0.461927237606,-0.830991103156,                  41P    791
4.019732606437,-0.08089004615,-3.90834350835,0.0,                     41P    792
-0.458274802626,-0.833305747493,4.019606859219,-0.078953014387,       41P    793
-3.912398932767,0.0,-0.454321839853,-0.835468891315,                  41P    794
4.019470765332,-0.076856600765,-3.916454357183,0.0,                   41P    795
-0.450368877079,-0.837632035137,4.019334671446,-0.074760187143,       41P    796
-3.920225373513,0.0,-0.446110893469,-0.839643477057,                  41P    797
4.019188076203,-0.072502008821,-3.923497437188,0.0,                   41P    798
-0.441484198637,-0.841388780037,4.01902878685,-0.07004828825,         41P    799
-3.926769500864,0.0,-0.436857503805,-0.843134083018,                  41P    800
4.018869497497,-0.067594567679,-3.92953688512,0.0,                    41P    801
-0.43184837237,-0.844610192431,4.018697041493,-0.064938025744,        41P    802
-3.931457947375,0.0,-0.42651324045,-0.845634877771,                   41P    803
4.018513361838,-0.062108592766,-3.932418478503,0.0,                   41P    804
-0.42384567449,-0.846147220442,4.018421522011,-0.060693876276,        41P    805
-3.93316691443,0.0,-0.421100261806,-0.846546432555,                   41P    806
4.018327002051,-0.059237874568,-3.93366930021,0.0,                    41P    807
-0.418306808497,-0.846814402706,4.018230828133,-0.057756395003,       41P    808
-3.93417168599,0.0,-0.415513355188,-0.847082372858,                   41P    809
4.018134654215,-0.056274915438,-3.934426229508,0.0,                   41P    810
-0.412666123216,-0.847218145143,4.018036628788,-0.054764914906,       41P    811
-3.934426229508,0.0,-0.409836065574,-0.847218145143,                  41P    812
4.017939194644,-0.053264022605,0.0,1.0,0.0,32.0,,1,43;                41P    813
406,1,35HSurf_ATBOBIFKXI, Wings, 0, 7, lower;                         43P    814
128,1,96,1,3,0,0,1,0,0,0.0,0.0,1.0,1.0,0.0,0.0,0.0,0.0,1.0,1.0,       45P    815
1.0,2.0,2.0,2.0,3.0,3.0,3.0,4.0,4.0,4.0,5.0,5.0,5.0,6.0,6.0,6.0,      45P    816
7.0,7.0,7.0,8.0,8.0,8.0,9.0,9.0,9.0,10.0,10.0,10.0,11.0,11.0,         45P    817
11.0,12.0,12.0,12.0,13.0,13.0,13.0,14.0,14.0,14.0,15.0,15.0,          45P    818
15.0,16.0,16.0,16.0,17.0,17.0,17.0,18.0,18.0,18.0,19.0,19.0,          45P    819
19.0,20.0,20.0,20.0,21.0,21.0,21.0,22.0,22.0,22.0,23.0,23.0,          45P    820
23.0,24.0,24.0,24.0,25.0,25.0,25.0,26.0,26.0,26.0,27.0,27.0,          45P    821
27.0,28.0,28.0,28.0,29.0,29.0,29.0,30.0,30.0,30.0,31.0,31.0,          45P    822
31.0,32.0,32.0,32.0,32.0,1.0,1.0,1.0,1.0,1.0,1.0,1.0,1.0,1.0,         45P    823
1.0,1.0,1.0,1.0,1.0,1.0,1.0,1.0,1.0,1.0,1.0,1.0,1.0,1.0,1.0,1.0,      45P    824
1.0,1.0,1.0,1.0,1.0,1.0,1.0,1.0,1.0,1.0,1.0,1.0,1.0,1.0,1.0,1.0,      45P    825
1.0,1.0,1.0,1.0,1.0,1.0,1.0,1.0,1.0,1.0,1.0,1.0,1.0,1.0,1.0,1.0,      45P    826
1.0,1.0,1.0,1.0,1.0,1.0,1.0,1.0,1.0,1.0,1.0,1.0,1.0,1.0,1.0,1.0,      45P    827
1.0,1.0,1.0,1.0,1.0,1.0,1.0,1.0,1.0,1.0,1.0,1.0,1.0,1.0,1.0,1.0,      45P    828
1.0,1.0,1.0,1.0,1.0,1.0,1.0,1.0,1.0,1.0,1.0,1.0,1.0,1.0,1.0,1.0,      45P    829
1.0,1.0,1.0,1.0,1.0,1.0,1.0,1.0,1.0,1.0,1.0,1.0,1.0,1.0,1.0,1.0,      45P    830
1.0,1.0,1.0,1.0,1.0,1.0,1.0,1.0,1.0,1.0,1.0,1.0,1.0,1.0,1.0,1.0,      45P    831
1.0,1.0,1.0,1.0,1.0,1.0,1.0,1.0,1.0,1.0,1.0,1.0,1.0,1.0,1.0,1.0,      45P    832
1.0,1.0,1.0,1.0,1.0,1.0,1.0,1.0,1.0,1.0,1.0,1.0,1.0,1.0,1.0,1.0,      45P    833
1.0,1.0,1.0,1.0,1.0,1.0,1.0,1.0,1.0,1.0,1.0,1.0,1.0,1.0,1.0,1.0,      45P    834
1.0,1.0,1.0,1.0,1.0,1.0,1.0,1.0,1.0,-3.934426229508,0.0,              45P    835
-0.409836065574,-0.847218145143,4.017939194644,-0.053264022605,       45P    836
-3.934426229508,0.0,-0.407006007932,-0.847218145143,                  45P    837
4.0178417605,-0.051763130304,-3.93417168599,0.0,-0.404158775959,      45P    838
-0.847082372858,4.017743735073,-0.050253129771,-3.93366930021,        45P    839
0.0,-0.40136532265,-0.846814402706,4.017647561155,                    45P    840
-0.048771650206,-3.93316691443,0.0,-0.398571869341,                   45P    841
-0.846546432555,4.017551387237,-0.047290170641,-3.932418478503,       45P    842
0.0,-0.395826456657,-0.846147220442,4.017456867277,                   45P    843
-0.045834168933,-3.931457947375,0.0,-0.393158890697,                  45P    844
-0.845634877771,4.017365027449,-0.044419452444,-3.92953688512,        45P    845
0.0,-0.387823758778,-0.844610192431,4.017181347794,                   45P    846
-0.041590019466,-3.926769500864,0.0,-0.382814627343,                  45P    847
-0.843134083018,4.01700889179,-0.038933477531,-3.923497437188,        45P    848
0.0,-0.378187932511,-0.841388780037,4.016849602437,                   45P    849
-0.03647975696,-3.920225373513,0.0,-0.373561237678,                   45P    850
-0.839643477057,4.016690313085,-0.034026036389,-3.916454357183,       45P    851
0.0,-0.369303254068,-0.837632035137,4.016543717842,                   45P    852
-0.031767858067,-3.912398932767,0.0,-0.365350291295,                  45P    853
-0.835468891315,4.016407623955,-0.029671444444,-3.90834350835,        45P    854
0.0,-0.361397328522,-0.833305747493,4.016271530069,                   45P    855
-0.027575030822,-3.904004053401,0.0,-0.357744893541,                  45P    856
-0.830991103156,4.016145782851,-0.02563799906,-3.899499206657,        45P    857
0.0,-0.354319859578,-0.828588239633,4.016027864669,                   45P    858
-0.023821567115,-3.894994359913,0.0,-0.350894825614,                  45P    859
-0.82618537611,4.015909946487,-0.022005135171,-3.890314255244,        45P    860
0.0,-0.347702698579,-0.823689030855,4.0158000469,                     45P    861
-0.020312223047,-3.885526307552,0.0,-0.344687225854,                  45P    862
-0.821135162652,4.015696229225,-0.018712997742,-3.88073835986,        45P    863
0.0,-0.341671753129,-0.818581294449,4.015592411551,                   45P    864
-0.017113772437,-3.875842586096,0.0,-0.338831884384,                  45P    865
-0.81596991234,4.015494639627,-0.015607676917,-3.870871230506,        45P    866
0.0,-0.336132693347,-0.813318215248,4.015401711001,                   45P    867
-0.01417618839,-3.860928519325,0.0,-0.330734311273,                   45P    868
-0.808014821066,4.015215853749,-0.011313211335,-3.850691491232,       45P    869
0.0,-0.325893111707,-0.802554439661,4.015049179358,                   45P    870
-0.00874573036,-3.840309488355,0.0,-0.321408797653,                   45P    871
-0.797016729407,4.014894791937,-0.006367519987,-3.835118486917,       45P    872
0.0,-0.319166640626,-0.79424787428,4.014817598227,                    45P    873
-0.005178414801,-3.829884529187,0.0,-0.317022607959,                  45P    874
-0.791456106474,4.014743782773,-0.004041348871,-3.824620752798,       45P    875
0.0,-0.314956628691,-0.78864843354,4.014672654568,                    45P    876
-0.002945677768,-3.819356976409,0.0,-0.312890649422,                  45P    877
-0.785840760605,4.014601526363,-0.001850006665,-3.814063690555,       45P    878
0.0,-0.310901503935,-0.783017347464,4.014533043415,                   45P    879
-0.000795083577,-3.808744662308,0.0,-0.308983066522,                  45P    880
-0.780180203455,4.014466994829,0.000222340202,-3.798106605815,        45P    881
0.0,-0.305146191697,-0.774505915436,4.014334897656,                   45P    882
0.002257187761,-3.787376813476,0.0,-0.30157119443,                    45P    883
-0.768782695961,4.014211816489,0.004153151219,-3.77658073855,         45P    884
0.0,-0.298209148938,-0.763024121672,4.014096066894,                   45P    885
0.005936177869,-3.765784663623,0.0,-0.294847103446,                   45P    886
-0.757265547384,4.0139803173,0.007719204518,-3.754924495804,0.0,      45P    887
-0.291693349833,-0.751472786256,4.013871738846,0.009391765687,        45P    888
-3.744023432124,0.0,-0.288696099869,-0.745658211473,                  45P    889
4.013768548551,0.010981326736,-3.733122368444,0.0,                    45P    890
-0.285698849906,-0.73984363669,4.013665358255,0.012570887785,         45P    891
-3.722173460649,0.0,-0.282873873515,-0.734003542087,                  45P    892
4.01356809905,0.014069085296,-3.711191957993,0.0,-0.28018486145,      45P    893
-0.728146061543,4.013475520869,0.015495175509,-3.689228952683,        45P    894
0.0,-0.27480683732,-0.716431100454,4.013290364507,                    45P    895
0.018347355935,-3.667139548284,0.0,-0.269960397598,                   45P    896
-0.704648718701,4.013123509706,0.020917615974,-3.644970618263,        45P    897
0.0,-0.265515077576,-0.692823918366,4.012970464784,                   45P    898
0.023275146258,-3.622801688242,0.0,-0.261069757553,                   45P    899
-0.68099911803,4.012817419863,0.025632676542,-3.600558405923,         45P    900
0.0,-0.257008970082,-0.669134658536,4.012677613752,                   45P    901
0.027786273897,-3.578260944759,0.0,-0.253267248719,                   45P    902
-0.657241300309,4.012548792554,0.029770657785,-3.555963483595,        45P    903
0.0,-0.249525527355,-0.645347942081,4.012419971355,                   45P    904
0.031755041673,-3.533616972845,0.0,-0.246085483905,                   45P    905
-0.633428421041,4.012301536422,0.033579433746,-3.511235400711,        45P    906
0.0,-0.242896051949,-0.621490198428,4.012191729622,                   45P    907
0.035270916561,-3.500044614645,0.0,-0.241301335971,                   45P    908
-0.615521087122,4.012136826222,0.036116657969,-3.488843431982,        45P    909
0.0,-0.239775449396,-0.609546430321,4.012084292504,                   45P    910
0.036925896402,-3.477636036745,0.0,-0.238302006103,                   45P    911
-0.603568459763,4.012033564319,0.037707322074,-3.466428641507,        45P    912
0.0,-0.23682856281,-0.597590489205,4.011982836135,                    45P    913
0.038488747746,-3.455214320339,0.0,-0.235410584667,                   45P    914
-0.591608824389,4.011934017523,0.03924075804,-3.443992560054,         45P    915
0.0,-0.234049796423,-0.585623191584,4.011887167863,                   45P    916
0.039962438251,-3.399105518915,0.0,-0.228606643449,                   45P    917
-0.561680660364,4.011699769224,0.042849159098,-3.354121931441,        45P    918
0.0,-0.223990607807,-0.537686631795,4.011540846849,                   45P    919
0.045297226675,-3.309084458195,0.0,-0.220003508944,                   45P    920
-0.513663860815,4.011403577715,0.047411744026,-3.26404698495,         45P    921
0.0,-0.216016410081,-0.489641089836,4.01126630858,                    45P    922
0.049526261376,-3.218954053798,0.0,-0.212666713814,                   45P    923
-0.465588737876,4.011150984148,0.051302738739,-3.173830813043,        45P    924
0.0,-0.209817292995,-0.44152021892,4.011052883363,                    45P    925
0.052813900104,-3.083584331532,0.0,-0.204118451357,                   45P    926
-0.393383181009,4.010856681792,0.055836222834,-2.993217203744,        45P    927
0.0,-0.200428022181,-0.345181790955,4.010729626497,                   45P    928
0.057793404432,-2.90282349767,0.0,-0.198106754373,                    45P    929
-0.296966224172,4.010649709135,0.059024465217,-2.880225071152,        45P    930
0.0,-0.197526437421,-0.284912332476,4.010629729794,                   45P    931
0.059332230413,-2.857623392725,0.0,-0.197043361137,                   45P    932
-0.272856706228,4.010613098287,0.059588425009,-2.835020746865,        45P    933
0.0,-0.196638431715,-0.260800563956,4.010599157245,                   45P    934
0.059803175212,-2.812418101005,0.0,-0.196233502294,                   45P    935
-0.248744421683,4.010585216204,0.060017925414,-2.789814664377,        45P    936
0.0,-0.195905473721,-0.236687857619,4.010573922729,                   45P    937
0.060191892033,-2.76720965434,0.0,-0.19566084964,                     45P    938
-0.224630454306,4.010565500732,0.060321625928,-2.721999634267,        45P    939
0.0,-0.195171601477,-0.200515647681,4.010548656737,                   45P    940
0.060581093717,-2.67678714588,0.0,-0.194981930317,                    45P    941
-0.176399524469,4.010542126677,0.060681683889,-2.63157476401,         45P    942
0.0,-0.195064363568,-0.152283458073,4.010544964716,                   45P    943
0.060637966252,-2.54115000027,0.0,-0.195229230068,                    45P    944
-0.10405132528,4.010550640793,0.06055053098,-2.450728954567,0.0,      45P    945
-0.196455139159,-0.05582117567,4.01059284679,0.059900382556,          45P    946
-2.360328103622,0.0,-0.198510947284,-0.007601797848,                  45P    947
4.01066362482,0.058810105615,-2.31512767815,0.0,-0.199538851347,      45P    948
0.016507891064,4.010699013835,0.058264967145,-2.269931729548,         45P    949
0.0,-0.200780867119,0.040615192034,4.010741774357,                    45P    950
0.057606276706,-2.224741883796,0.0,-0.20220889643,                    45P    951
0.064719237774,4.010790939014,0.056848935878,-2.179552038044,         45P    952
0.0,-0.203636925741,0.088823283514,4.010840103671,0.05609159505,      45P    953
-2.134368119931,0.0,-0.205250548144,0.112924167479,                   45P    954
4.010895657988,0.055235826812,-2.089190802828,0.0,                    45P    955
-0.207035777424,0.137021530498,4.010957120441,0.054289048611,         45P    956
-1.998836168621,0.0,-0.210606235983,0.185216256536,                   45P    957
4.011080045348,0.05239549221,-1.908508447178,0.0,                     45P    958
-0.214839258295,0.233396627436,4.011225781216,0.050150551859,         45P    959
-1.818209951392,0.0,-0.219631792233,0.281561409511,                   45P    960
4.011390780131,0.047608880205,-1.637612959822,0.0,                    45P    961
-0.229216860108,0.37789097366,4.011720777962,0.042525536896,          45P    962
-1.457133988957,0.0,-0.240962806966,0.474157586134,                   45P    963
4.012125171236,0.036296193385,-1.276771188073,0.0,                    45P    964
-0.254261910625,0.570362234101,4.012583037097,0.029243148954,         45P    965
-1.096408387189,0.0,-0.267561014285,0.666566882068,                   45P    966
4.013040902958,0.022190104523,-0.916160319131,0.0,                    45P    967
-0.282409315432,0.762710332099,4.013552105094,0.014315458952,         45P    968
-0.736023876315,0.0,-0.298505677605,0.858794241764,                   45P    969
4.01410627588,0.005778916904,-0.5558874335,0.0,-0.314602039779,       45P    970
0.954878151429,4.014660446666,-0.002757625144,-0.375861903397,        45P    971
0.0,-0.331945420662,1.050902900789,4.015257550217,                    45P    972
-0.011955510888,-0.195958458517,0.0,-0.350482303144,                  45P    973
1.146862530479,4.015895744029,-0.021786358072,-0.016055013637,        45P    974
0.0,-0.369019185626,1.242822160169,4.016533937841,                    45P    975
-0.031617205256,0.163726789557,0.0,-0.388750911091,                   45P    976
1.33871690677,4.017213268095,-0.04208172527,0.34335154827,0.0,        45P    977
-0.409836065574,1.434527886603,4.017939194644,-0.053264022605,        45P    978
0.0,1.0,0.0,32.0,,1,47;                                               45P    979
406,1,36HSurf_ATBOBIFKXI, Wings, 0, 10, upper;                        47P    980
128,1,96,1,3,0,0,1,0,0,0.0,0.0,1.0,1.0,0.0,0.0,0.0,0.0,1.0,1.0,       49P    981
1.0,2.0,2.0,2.0,3.0,3.0,3.0,4.0,4.0,4.0,5.0,5.0,5.0,6.0,6.0,6.0,      49P    982
7.0,7.0,7.0,8.0,8.0,8.0,9.0,9.0,9.0,10.0,10.0,10.0,11.0,11.0,         49P    983
11.0,12.0,12.0,12.0,13.0,13.0,13.0,14.0,14.0,14.0,15.0,15.0,          49P    984
15.0,16.0,16.0,16.0,17.0,17.0,17.0,18.0,18.0,18.0,19.0,19.0,          49P    985
19.0,20.0,20.0,20.0,21.0,21.0,21.0,22.0,22.0,22.0,23.0,23.0,          49P    986
23.0,24.0,24.0,24.0,25.0,25.0,25.0,26.0,26.0,26.0,27.0,27.0,          49P    987
27.0,28.0,28.0,28.0,29.0,29.0,29.0,30.0,30.0,30.0,31.0,31.0,          49P    988
31.0,32.0,32.0,32.0,32.0,1.0,1.0,1.0,1.0,1.0,1.0,1.0,1.0,1.0,         49P    989
1.0,1.0,1.0,1.0,1.0,1.0,1.0,1.0,1.0,1.0,1.0,1.0,1.0,1.0,1.0,1.0,      49P    990
1.0,1.0,1.0,1.0,1.0,1.0,1.0,1.0,1.0,1.0,1.0,1.0,1.0,1.0,1.0,1.0,      49P    991
1.0,1.0,1.0,1.0,1.0,1.0,1.0,1.0,1.0,1.0,1.0,1.0,1.0,1.0,1.0,1.0,      49P    992
1.0,1.0,1.0,1.0,1.0,1.0,1.0,1.0,1.0,1.0,1.0,1.0,1.0,1.0,1.0,1.0,      49P    993
1.0,1.0,1.0,1.0,1.0,1.0,1.0,1.0,1.0,1.0,1.0,1.0,1.0,1.0,1.0,1.0,      49P    994
1.0,1.0,1.0,1.0,1.0,1.0,1.0,1.0,1.0,1.0,1.0,1.0,1.0,1.0,1.0,1.0,      49P    995
1.0,1.0,1.0,1.0,1.0,1.0,1.0,1.0,1.0,1.0,1.0,1.0,1.0,1.0,1.0,1.0,      49P    996
1.0,1.0,1.0,1.0,1.0,1.0,1.0,1.0,1.0,1.0,1.0,1.0,1.0,1.0,1.0,1.0,      49P    997
1.0,1.0,1.0,1.0,1.0,1.0,1.0,1.0,1.0,1.0,1.0,1.0,1.0,1.0,1.0,1.0,      49P    998
1.0,1.0,1.0,1.0,1.0,1.0,1.0,1.0,1.0,1.0,1.0,1.0,1.0,1.0,1.0,1.0,      49P    999
1.0,1.0,1.0,1.0,1.0,1.0,1.0,1.0,1.0,1.0,1.0,1.0,1.0,1.0,1.0,1.0,      49P   1000
1.0,1.0,1.0,1.0,1.0,1.0,1.0,1.0,1.0,1.434527886603,                   49P   1001
4.017939194644,-0.053264022605,3.239989939223,8.048256307447,         49P   1002
0.112636441302,1.33871690677,4.018665121192,-0.064446319939,          49P   1003
3.197999735887,8.048458235122,0.107730894071,1.242822160169,          49P   1004
4.019344451446,-0.074910839953,3.155972820855,8.048647201317,         49P   1005
0.103140227624,1.146862530479,4.019982645258,-0.084741687138,         49P   1006
3.113917470104,8.048824724777,0.098827546273,1.050902900789,          49P   1007
4.02062083907,-0.094572534322,3.071862119353,8.049002248237,          49P   1008
0.094514864921,0.954878151429,4.021217942622,-0.103770420066,         49P   1009
3.029778229199,8.049168341806,0.090479856587,0.858794241764,          49P   1010
4.021772113408,-0.112306962114,2.987668411397,8.049322492964,         49P   1011
0.086734972245,0.762710332099,4.022326284194,-0.120843504162,         49P   1012
2.945558593596,8.049476644122,0.082990087902,0.666566882068,          49P   1013
4.022837486329,-0.128718149732,2.903422681583,8.049618842886,         49P   1014
0.07953557005,0.570362234101,4.02329535219,-0.135771194163,           49P   1015
2.861259948909,8.049746205343,0.076441479315,0.474157586134,          49P   1016
4.023753218052,-0.142824238595,2.819097216234,8.049873567799,         49P   1017
0.07334738858,0.37789097366,4.024157611326,-0.149053582105,           49P   1018
2.776907326941,8.049986056031,0.070614646113,0.281561409511,          49P   1019
4.024487609157,-0.154136925414,2.734689848393,8.050077850021,         49P   1020
0.068384640959,0.233396627436,4.024652608072,-0.156678597069,         49P   1021
2.713581109118,8.050123747016,0.067269638382,0.185216256536,          49P   1022
4.024798343939,-0.15892353742,2.692465537872,8.050164285697,          49P   1023
0.066284808468,0.137021530498,4.024921268846,-0.160817093821,         49P   1024
2.67134367533,8.050198479157,0.065454126714,0.112924167479,           49P   1025
4.0249827313,-0.161763872021,2.660782744059,8.050215575887,           49P   1026
0.065038785838,0.088823283514,4.025038285616,-0.162619640259,         49P   1027
2.650220269695,8.050231029178,0.064663370001,0.064719237774,          49P   1028
4.025087450273,-0.163376981087,2.639656409649,8.050244705086,         49P   1029
0.064331133154,0.040615192034,4.02513661493,-0.164134321916,          49P   1030
2.629092549603,8.050258380994,0.063998896308,0.016507891064,          49P   1031
4.025179375453,-0.164793012354,2.618527262917,8.050270275494,         49P   1032
0.06370993627,-0.007601797848,4.025214764468,-0.165338150825,         49P   1033
2.607960929689,8.050280119494,0.063470790196,-0.05582117567,          49P   1034
4.025285542498,-0.166428427765,2.586828263235,8.050299807496,         49P   1035
0.062992498046,-0.10405132528,4.025327748494,-0.167078576189,         49P   1036
2.565690875928,8.050311547745,0.062707285294,-0.152283458073,         49P   1037
4.025333424572,-0.167166011462,2.544552619469,8.050313126634,         49P   1038
0.06266892843,-0.176399524469,4.02533626261,-0.167209729098,          49P   1039
2.533983491239,8.050313916078,0.062649749998,-0.200515647681,         49P   1040
4.02532973255,-0.167109138927,2.52341433811,8.050312099641,           49P   1041
0.062693877767,-0.224630454306,4.025312888555,-0.166849671137,        49P   1042
2.512845761989,8.050307414224,0.062807703349,-0.236687857619,         49P   1043
4.025304466558,-0.166719937242,2.507561473929,8.050305071515,         49P   1044
0.062864616139,-0.248744421683,4.025293173084,-0.166545970623,        49P   1045
2.502277553678,8.050301930061,0.062940933325,-0.260800563956,         49P   1046
4.025279232042,-0.166331220421,2.496993818282,8.050298052145,         49P   1047
0.063035141808,-0.272856706228,4.025265291,-0.166116470219,           49P   1048
2.491710082886,8.050294174229,0.06312935029,-0.284912332476,          49P   1049
4.025248659493,-0.165860275622,2.486426573644,8.050289547919,         49P   1050
0.063241739959,-0.296966224172,4.025228680153,-0.165552510426,        49P   1051
2.481143824587,8.050283990357,0.063376753066,-0.345181790955,         49P   1052
4.02514876279,-0.164321449642,2.460012828362,8.050261760109,          49P   1053
0.063916805493,-0.393383181009,4.025021707496,-0.162364268043,        49P   1054
2.438888045243,8.050226417718,0.0647753989,-0.44152021892,            49P   1055
4.024825505925,-0.159341945314,2.41779146515,8.050171841222,          49P   1056
0.066101257662,-0.465588737876,4.024727405139,-0.157830783949,        49P   1057
2.407243175103,8.050144552975,0.066764187043,-0.489641089836,         49P   1058
4.024612080708,-0.156054306585,2.396701970418,8.050112473704,         49P   1059
0.067543507548,-0.513663860815,4.024474811573,-0.153939789235,        49P   1060
2.386173729919,8.050074290175,0.068471122369,-0.537686631795,         49P   1061
4.024337542438,-0.151825271885,2.37564548942,8.050036106647,          49P   1062
0.069398737189,-0.561680660364,4.024178620063,-0.149377204307,        49P   1063
2.365129845595,8.049991899935,0.070472676717,-0.585623191584,         49P   1064
4.023991221424,-0.146490483461,2.354636771043,8.049939772111,         49P   1065
0.071739048468,-0.591608824389,4.023944371765,-0.145768803249,        49P   1066
2.352013502405,8.049926740155,0.072055641406,-0.597590489205,         49P   1067
4.023895553153,-0.145016792955,2.349391972781,8.049913160505,         49P   1068
0.072385539807,-0.603568459763,4.023844824968,-0.144235367283,        49P   1069
2.346772062206,8.049899049677,0.072728342402,-0.609546430321,         49P   1070
4.023794096784,-0.143453941611,2.344152151631,8.04988493885,          49P   1071
0.073071144997,-0.615521087122,4.023741563065,-0.142644703178,        49P   1072
2.341533693346,8.049870325785,0.073426148735,-0.621490198428,         49P   1073
4.023686659665,-0.141798961771,2.338917665435,8.049855053557,         49P   1074
0.073797165914,-0.633428421041,4.023576852866,-0.140107478956,        49P   1075
2.333685609611,8.049824509101,0.074539200274,-0.645347942081,         49P   1076
4.023458417932,-0.138283086882,2.328461749956,8.049791564596,         49P   1077
0.07533954042,-0.657241300309,4.023329596734,-0.136298702994,         49P   1078
2.323249356437,8.049755730991,0.076210067164,-0.669134658536,         49P   1079
4.023200775535,-0.134314319106,2.318036962918,8.049719897386,         49P   1080
0.077080593907,-0.68099911803,4.023060969425,-0.132160721752,         49P   1081
2.312837234583,8.049681008159,0.078025352683,-0.692823918366,         49P   1082
4.022907924503,-0.129803191467,2.307654887306,8.049638436351,         49P   1083
0.079059574526,-0.704648718701,4.022754879581,-0.127445661183,        49P   1084
2.302472540028,8.049595864544,0.080093796369,-0.716431100454,         49P   1085
4.02258802478,-0.124875401144,2.297308783156,8.049549451306,          49P   1086
0.081221340346,-0.728146061543,4.022402868418,-0.122023220718,        49P   1087
2.292174574122,8.049497947206,0.082472559606,-0.734003542087,         49P   1088
4.022310290237,-0.120597130505,2.289607469605,8.049472195156,         49P   1089
0.083098169236,-0.73984363669,4.022213031032,-0.119098932994,         49P   1090
2.287047984666,8.049445141007,0.083755411521,-0.745658211473,         49P   1091
4.022109840737,-0.117509371945,2.284499684066,8.049416437033,         49P   1092
0.084452733955,-0.751472786256,4.022006650441,-0.115919810896,        49P   1093
2.281951383465,8.04938773306,0.08515005639,-0.757265547384,           49P   1094
4.021898071987,-0.114247249727,2.279412642936,8.049357530287,         49P   1095
0.085883790037,-0.763024121672,4.021782322393,-0.112464223078,        49P   1096
2.276888885161,8.049325332751,0.08666598364,-0.768782695961,          49P   1097
4.021666572799,-0.110681196429,2.274365127386,8.049293135214,         49P   1098
0.087448177243,-0.774505915436,4.021543491631,-0.108785232971,        49P   1099
2.271856864242,8.049258898288,0.088279914945,-0.780180203455,         49P   1100
4.021411394458,-0.106750385412,2.269370045841,8.04922215342,          49P   1101
0.08917257953,-0.783017347464,4.021345345872,-0.105732961632,         49P   1102
2.26812663664,8.049203780986,0.089618911823,-0.785840760605,          49P   1103
4.021276862925,-0.104678038544,2.266889245142,8.049184731398,         49P   1104
0.090081694637,-0.78864843354,4.02120573472,-0.103582367441,          49P   1105
2.26565875196,8.049164945989,0.090562353145,-0.791456106474,          49P   1106
4.021134606514,-0.102486696338,2.264428258778,8.049145160581,         49P   1107
0.091043011652,-0.79424787428,4.021060791061,-0.101349630409,         49P   1108
2.263204736192,8.049124627673,0.091541829601,-0.797016729407,         49P   1109
4.02098359735,-0.100160525222,2.261991255336,8.049103155051,          49P   1110
0.092063476583,-0.802554439661,4.020829209929,-0.09778231485,         49P   1111
2.259564293625,8.049060209807,0.093106770546,-0.808014821066,         49P   1112
4.020662535538,-0.095214833875,2.257171222123,8.049013846753,         49P   1113
0.09423309538,-0.813318215248,4.020476678286,-0.09235185682,          49P   1114
2.254846951976,8.048962147689,0.095489050998,-0.81596991234,          49P   1115
4.02038374966,-0.090920368293,2.253684816903,8.048936298158,          49P   1116
0.096117028807,-0.818581294449,4.020285977737,-0.089414272773,        49P   1117
2.252540350309,8.048909101388,0.096777735859,-0.821135162652,         49P   1118
4.020182160062,-0.087815047467,2.25142108981,8.048880222899,          49P   1119
0.097479297894,-0.823689030855,4.020078342387,-0.086215822162,        49P   1120
2.25030182931,8.048851344411,0.098180859928,-0.82618537611,           49P   1121
4.019968442801,-0.084522910039,2.249207778868,8.048820774144,         49P   1122
0.098923521309,-0.828588239633,4.019850524619,-0.082706478094,        49P   1123
2.248154697811,8.048787973382,0.099720369437,-0.830991103156,         49P   1124
4.019732606437,-0.08089004615,2.247101616754,8.048755172619,          49P   1125
0.100517217564,-0.833305747493,4.019606859219,-0.078953014387,        49P   1126
2.246087198714,8.04872019409,0.101366971467,-0.835468891315,          49P   1127
4.019470765332,-0.076856600765,2.245139177422,8.048682337475,         49P   1128
0.102286644386,-0.837632035137,4.019334671446,-0.074760187143,        49P   1129
2.24419115613,8.048644480859,0.103206317306,-0.839643477057,          49P   1130
4.019188076203,-0.072502008821,2.243309619845,8.04860370313,          49P   1131
0.104196954568,-0.841388780037,4.01902878685,-0.07004828825,          49P   1132
2.242544721843,8.048559394338,0.105273374001,-0.843134083018,         49P   1133
4.018869497497,-0.067594567679,2.241779823841,8.048515085546,         49P   1134
0.106349793433,-0.844610192431,4.018697041493,-0.064938025744,        49P   1135
2.241132902846,8.048467114246,0.107515188302,-0.845634877771,         49P   1136
4.018513361838,-0.062108592766,2.240683823358,8.048416020915,         49P   1137
0.108756428513,-0.846147220442,4.018421522011,-0.060693876276,        49P   1138
2.240459283613,8.048390474249,0.109377048619,-0.846546432555,         49P   1139
4.018327002051,-0.059237874568,2.240284324566,8.048364182063,         49P   1140
0.110015780083,-0.846814402706,4.018230828133,-0.057756395003,        49P   1141
2.240166883734,8.048337429804,0.110665688395,-0.847082372858,         49P   1142
4.018134654215,-0.056274915438,2.240049442902,8.048310677544,         49P   1143
0.111315596706,-0.847218145143,4.018036628788,-0.054764914906,        49P   1144
2.239989939223,8.048283410258,0.111978016843,-0.847218145143,         49P   1145
4.017939194644,-0.053264022605,2.239989939223,8.048256307447,         49P   1146
0.112636441302,0.0,1.0,0.0,32.0,,1,51;                                49P   1147
406,1,36HSurf_ATBOBIFKXI, Wings, 0, 13, lower;                        51P   1148
128,1,96,1,3,0,0,1,0,0,0.0,0.0,1.0,1.0,0.0,0.0,0.0,0.0,1.0,1.0,       53P   1149
1.0,2.0,2.0,2.0,3.0,3.0,3.0,4.0,4.0,4.0,5.0,5.0,5.0,6.0,6.0,6.0,      53P   1150
7.0,7.0,7.0,8.0,8.0,8.0,9.0,9.0,9.0,10.0,10.0,10.0,11.0,11.0,         53P   1151
11.0,12.0,12.0,12.0,13.0,13.0,13.0,14.0,14.0,14.0,15.0,15.0,          53P   1152
15.0,16.0,16.0,16.0,17.0,17.0,17.0,18.0,18.0,18.0,19.0,19.0,          53P   1153
19.0,20.0,20.0,20.0,21.0,21.0,21.0,22.0,22.0,22.0,23.0,23.0,          53P   1154
23.0,24.0,24.0,24.0,25.0,25.0,25.0,26.0,26.0,26.0,27.0,27.0,          53P   1155
27.0,28.0,28.0,28.0,29.0,29.0,29.0,30.0,30.0,30.0,31.0,31.0,          53P   1156
31.0,32.0,32.0,32.0,32.0,1.0,1.0,1.0,1.0,1.0,1.0,1.0,1.0,1.0,         53P   1157
1.0,1.0,1.0,1.0,1.0,1.0,1.0,1.0,1.0,1.0,1.0,1.0,1.0,1.0,1.0,1.0,      53P   1158
1.0,1.0,1.0,1.0,1.0,1.0,1.0,1.0,1.0,1.0,1.0,1.0,1.0,1.0,1.0,1.0,      53P   1159
1.0,1.0,1.0,1.0,1.0,1.0,1.0,1.0,1.0,1.0,1.0,1.0,1.0,1.0,1.0,1.0,      53P   1160
1.0,1.0,1.0,1.0,1.0,1.0,1.0,1.0,1.0,1.0,1.0,1.0,1.0,1.0,1.0,1.0,      53P   1161
1.0,1.0,1.0,1.0,1.0,1.0,1.0,1.0,1.0,1.0,1.0,1.0,1.0,1.0,1.0,1.0,      53P   1162
1.0,1.0,1.0,1.0,1.0,1.0,1.0,1.0,1.0,1.0,1.0,1.0,1.0,1.0,1.0,1.0,      53P   1163
1.0,1.0,1.0,1.0,1.0,1.0,1.0,1.0,1.0,1.0,1.0,1.0,1.0,1.0,1.0,1.0,      53P   1164
1.0,1.0,1.0,1.0,1.0,1.0,1.0,1.0,1.0,1.0,1.0,1.0,1.0,1.0,1.0,1.0,      53P   1165
1.0,1.0,1.0,1.0,1.0,1.0,1.0,1.0,1.0,1.0,1.0,1.0,1.0,1.0,1.0,1.0,      53P   1166
1.0,1.0,1.0,1.0,1.0,1.0,1.0,1.0,1.0,1.0,1.0,1.0,1.0,1.0,1.0,1.0,      53P   1167
1.0,1.0,1.0,1.0,1.0,1.0,1.0,1.0,1.0,1.0,1.0,1.0,1.0,1.0,1.0,1.0,      53P   1168
1.0,1.0,1.0,1.0,1.0,1.0,1.0,1.0,1.0,-0.847218145143,                  53P   1169
4.017939194644,-0.053264022605,2.239989939223,8.048256307447,         53P   1170
0.112636441302,-0.847218145143,4.0178417605,-0.051763130304,          53P   1171
2.239989939223,8.048229204636,0.11329486576,-0.847082372858,          53P   1172
4.017743735073,-0.050253129771,2.240049442902,8.048201937351,         53P   1173
0.113957285897,-0.846814402706,4.017647561155,-0.048771650206,        53P   1174
2.240166883734,8.048175185091,0.114607194209,-0.846546432555,         53P   1175
4.017551387237,-0.047290170641,2.240284324566,8.048148432831,         53P   1176
0.11525710252,-0.846147220442,4.017456867277,-0.045834168933,         53P   1177
2.240459283613,8.048122140645,0.115895833984,-0.845634877771,         53P   1178
4.017365027449,-0.044419452444,2.240683823358,8.04809659398,          53P   1179
0.11651645409,-0.844610192431,4.017181347794,-0.041590019466,         53P   1180
2.241132902846,8.048045500649,0.117757694301,-0.843134083018,         53P   1181
4.01700889179,-0.038933477531,2.241779823841,8.047997529349,          53P   1182
0.11892308917,-0.841388780037,4.016849602437,-0.03647975696,          53P   1183
2.242544721843,8.047953220557,0.119999508602,-0.839643477057,         53P   1184
4.016690313085,-0.034026036389,2.243309619845,8.047908911765,         53P   1185
0.121075928035,-0.837632035137,4.016543717842,-0.031767858067,        53P   1186
2.24419115613,8.047868134035,0.122066565297,-0.835468891315,          53P   1187
4.016407623955,-0.029671444444,2.245139177422,8.04783027742,          53P   1188
0.122986238217,-0.833305747493,4.016271530069,-0.027575030822,        53P   1189
2.246087198714,8.047792420805,0.123905911136,-0.830991103156,         53P   1190
4.016145782851,-0.02563799906,2.247101616754,8.047757442275,          53P   1191
0.124755665039,-0.828588239633,4.016027864669,-0.023821567115,        53P   1192
2.248154697811,8.047724641513,0.125552513167,-0.82618537611,          53P   1193
4.015909946487,-0.022005135171,2.249207778868,8.04769184075,          53P   1194
0.126349361294,-0.823689030855,4.0158000469,-0.020312223047,          53P   1195
2.25030182931,8.047661270484,0.127092022675,-0.821135162652,          53P   1196
4.015696229225,-0.018712997742,2.25142108981,8.047632391995,          53P   1197
0.12779358471,-0.818581294449,4.015592411551,-0.017113772437,         53P   1198
2.252540350309,8.047603513507,0.128495146744,-0.81596991234,          53P   1199
4.015494639627,-0.015607676917,2.253684816903,8.047576316737,         53P   1200
0.129155853796,-0.813318215248,4.015401711001,-0.01417618839,         53P   1201
2.254846951976,8.047550467205,0.129783831605,-0.808014821066,         53P   1202
4.015215853749,-0.011313211335,2.257171222123,8.047498768142,         53P   1203
0.131039787223,-0.802554439661,4.015049179358,-0.00874573036,         53P   1204
2.259564293625,8.047452405087,0.132166112057,-0.797016729407,         53P   1205
4.014894791937,-0.006367519987,2.261991255336,8.047409459843,         53P   1206
0.133209406021,-0.79424787428,4.014817598227,-0.005178414801,         53P   1207
2.263204736192,8.047387987221,0.133731053002,-0.791456106474,         53P   1208
4.014743782773,-0.004041348871,2.264428258778,8.047367454313,         53P   1209
0.134229870951,-0.78864843354,4.014672654568,-0.002945677768,         53P   1210
2.26565875196,8.047347668905,0.134710529459,-0.785840760605,          53P   1211
4.014601526363,-0.001850006665,2.266889245142,8.047327883497,         53P   1212
0.135191187966,-0.783017347464,4.014533043415,-0.000795083577,        53P   1213
2.26812663664,8.047308833908,0.13565397078,-0.780180203455,           53P   1214
4.014466994829,0.000222340202,2.269370045841,8.047290461474,          53P   1215
0.136100303073,-0.774505915436,4.014334897656,0.002257187761,         53P   1216
2.271856864242,8.047253716607,0.136992967658,-0.768782695961,         53P   1217
4.014211816489,0.004153151219,2.274365127386,8.04721947968,           53P   1218
0.13782470536,-0.763024121672,4.014096066894,0.005936177869,          53P   1219
2.276888885161,8.047187282144,0.138606898963,-0.757265547384,         53P   1220
4.0139803173,0.007719204518,2.279412642936,8.047155084608,            53P   1221
0.139389092566,-0.751472786256,4.013871738846,0.009391765687,         53P   1222
2.281951383465,8.047124881835,0.140122826213,-0.745658211473,         53P   1223
4.013768548551,0.010981326736,2.284499684066,8.047096177861,          53P   1224
0.140820148648,-0.73984363669,4.013665358255,0.012570887785,          53P   1225
2.287047984666,8.047067473888,0.141517471083,-0.734003542087,         53P   1226
4.01356809905,0.014069085296,2.289607469605,8.047040419739,           53P   1227
0.142174713367,-0.728146061543,4.013475520869,0.015495175509,         53P   1228
2.292174574122,8.047014667689,0.142800322997,-0.716431100454,         53P   1229
4.013290364507,0.018347355935,2.297308783156,8.046963163589,          53P   1230
0.144051542257,-0.704648718701,4.013123509706,0.020917615974,         53P   1231
2.302472540028,8.04691675035,0.145179086234,-0.692823918366,          53P   1232
4.012970464784,0.023275146258,2.307654887306,8.046874178543,          53P   1233
0.146213308077,-0.68099911803,4.012817419863,0.025632676542,          53P   1234
2.312837234583,8.046831606736,0.14724752992,-0.669134658536,          53P   1235
4.012677613752,0.027786273897,2.318036962918,8.046792717508,          53P   1236
0.148192288696,-0.657241300309,4.012548792554,0.029770657785,         53P   1237
2.323249356437,8.046756883903,0.149062815439,-0.645347942081,         53P   1238
4.012419971355,0.031755041673,2.328461749956,8.046721050299,          53P   1239
0.149933342183,-0.633428421041,4.012301536422,0.033579433746,         53P   1240
2.333685609611,8.046688105794,0.150733682329,-0.621490198428,         53P   1241
4.012191729622,0.035270916561,2.338917665435,8.046657561338,          53P   1242
0.151475716689,-0.615521087122,4.012136826222,0.036116657969,         53P   1243
2.341533693346,8.04664228911,0.151846733868,-0.609546430321,          53P   1244
4.012084292504,0.036925896402,2.344152151631,8.046627676045,          53P   1245
0.152201737607,-0.603568459763,4.012033564319,0.037707322074,         53P   1246
2.346772062206,8.046613565217,0.152544540201,-0.597590489205,         53P   1247
4.011982836135,0.038488747746,2.349391972781,8.04659945439,           53P   1248
0.152887342796,-0.591608824389,4.011934017523,0.03924075804,          53P   1249
2.352013502405,8.046585874739,0.153217241197,-0.585623191584,         53P   1250
4.011887167863,0.039962438251,2.354636771043,8.046572842783,          53P   1251
0.153533834135,-0.561680660364,4.011699769224,0.042849159098,         53P   1252
2.365129845595,8.046520714959,0.154800205886,-0.537686631795,         53P   1253
4.011540846849,0.045297226675,2.37564548942,8.046476508248,           53P   1254
0.155874145414,-0.513663860815,4.011403577715,0.047411744026,         53P   1255
2.386173729919,8.046438324719,0.156801760234,-0.489641089836,         53P   1256
4.01126630858,0.049526261376,2.396701970418,8.046400141191,           53P   1257
0.157729375055,-0.465588737876,4.011150984148,0.051302738739,         53P   1258
2.407243175103,8.04636806192,0.15850869556,-0.44152021892,            53P   1259
4.011052883363,0.052813900104,2.41779146515,8.046340773672,           53P   1260
0.159171624941,-0.393383181009,4.010856681792,0.055836222834,         53P   1261
2.438888045243,8.046286197177,0.160497483703,-0.345181790955,         53P   1262
4.010729626497,0.057793404432,2.460012828362,8.046250854785,          53P   1263
0.16135607711,-0.296966224172,4.010649709135,0.059024465217,          53P   1264
2.481143824587,8.046228624538,0.161896129538,-0.284912332476,         53P   1265
4.010629729794,0.059332230413,2.486426573644,8.046223066976,          53P   1266
0.162031142645,-0.272856706228,4.010613098287,0.059588425009,         53P   1267
2.491710082886,8.046218440665,0.162143532313,-0.260800563956,         53P   1268
4.010599157245,0.059803175212,2.496993818282,8.046214562749,          53P   1269
0.162237740795,-0.248744421683,4.010585216204,0.060017925414,         53P   1270
2.502277553678,8.046210684833,0.162331949278,-0.236687857619,         53P   1271
4.010573922729,0.060191892033,2.507561473929,8.046207543379,          53P   1272
0.162408266464,-0.224630454306,4.010565500732,0.060321625928,         53P   1273
2.512845761989,8.046205200671,0.162465179254,-0.200515647681,         53P   1274
4.010548656737,0.060581093717,2.52341433811,8.046200515253,           53P   1275
0.162579004836,-0.176399524469,4.010542126677,0.060681683889,         53P   1276
2.533983491239,8.046198698816,0.162623132605,-0.152283458073,         53P   1277
4.010544964716,0.060637966252,2.544552619469,8.046199488261,          53P   1278
0.162603954173,-0.10405132528,4.010550640793,0.06055053098,           53P   1279
2.565690875928,8.046201067149,0.162565597309,-0.05582117567,          53P   1280
4.01059284679,0.059900382556,2.586828263235,8.046212807399,           53P   1281
0.162280384557,-0.007601797848,4.01066362482,0.058810105615,          53P   1282
2.607960929689,8.0462324954,0.161802092407,0.016507891064,            53P   1283
4.010699013835,0.058264967145,2.618527262917,8.046242339401,          53P   1284
0.161562946333,0.040615192034,4.010741774357,0.057606276706,          53P   1285
2.629092549603,8.0462542339,0.161273986295,0.064719237774,            53P   1286
4.010790939014,0.056848935878,2.639656409649,8.046267909808,          53P   1287
0.160941749449,0.088823283514,4.010840103671,0.05609159505,           53P   1288
2.650220269695,8.046281585717,0.160609512602,0.112924167479,          53P   1289
4.010895657988,0.055235826812,2.660782744059,8.046297039007,          53P   1290
0.160234096766,0.137021530498,4.010957120441,0.054289048611,          53P   1291
2.67134367533,8.046314135737,0.159818755889,0.185216256536,           53P   1292
4.011080045348,0.05239549221,2.692465537872,8.046348329198,           53P   1293
0.158988074135,0.233396627436,4.011225781216,0.050150551859,          53P   1294
2.713581109118,8.046388867879,0.158003244221,0.281561409511,          53P   1295
4.011390780131,0.047608880205,2.734689848393,8.046434764874,          53P   1296
0.156888241644,0.37789097366,4.011720777962,0.042525536896,           53P   1297
2.776907326941,8.046526558864,0.15465823649,0.474157586134,           53P   1298
4.012125171236,0.036296193385,2.819097216234,8.046639047095,          53P   1299
0.151925494023,0.570362234101,4.012583037097,0.029243148954,          53P   1300
2.861259948909,8.046766409552,0.148831403288,0.666566882068,          53P   1301
4.013040902958,0.022190104523,2.903422681583,8.046893772008,          53P   1302
0.145737312553,0.762710332099,4.013552105094,0.014315458952,          53P   1303
2.945558593596,8.047035970773,0.142282794701,0.858794241764,          53P   1304
4.01410627588,0.005778916904,2.987668411397,8.047190121931,           53P   1305
0.138537910359,0.954878151429,4.014660446666,-0.002757625144,         53P   1306
3.029778229199,8.047344273089,0.134793026016,1.050902900789,          53P   1307
4.015257550217,-0.011955510888,3.071862119353,8.047510366658,         53P   1308
0.130758017682,1.146862530479,4.015895744029,-0.021786358072,         53P   1309
3.113917470104,8.047687890117,0.126445336331,1.242822160169,          53P   1310
4.016533937841,-0.031617205256,3.155972820855,8.047865413577,         53P   1311
0.122132654979,1.33871690677,4.017213268095,-0.04208172527,           53P   1312
3.197999735887,8.048054379773,0.117541988532,1.434527886603,          53P   1313
4.017939194644,-0.053264022605,3.239989939223,8.048256307447,         53P   1314
0.112636441302,0.0,1.0,0.0,32.0,,1,55;                                53P   1315
406,1,36HSurf_ATBOBIFKXI, Wings, 0, 16, upper;                        55P   1316
128,1,96,1,3,0,0,1,0,0,0.0,0.0,1.0,1.0,0.0,0.0,0.0,0.0,1.0,1.0,       57P   1317
1.0,2.0,2.0,2.0,3.0,3.0,3.0,4.0,4.0,4.0,5.0,5.0,5.0,6.0,6.0,6.0,      57P   1318
7.0,7.0,7.0,8.0,8.0,8.0,9.0,9.0,9.0,10.0,10.0,10.0,11.0,11.0,         57P   1319
11.0,12.0,12.0,12.0,13.0,13.0,13.0,14.0,14.0,14.0,15.0,15.0,          57P   1320
15.0,16.0,16.0,16.0,17.0,17.0,17.0,18.0,18.0,18.0,19.0,19.0,          57P   1321
19.0,20.0,20.0,20.0,21.0,21.0,21.0,22.0,22.0,22.0,23.0,23.0,          57P   1322
23.0,24.0,24.0,24.0,25.0,25.0,25.0,26.0,26.0,26.0,27.0,27.0,          57P   1323
27.0,28.0,28.0,28.0,29.0,29.0,29.0,30.0,30.0,30.0,31.0,31.0,          57P   1324
31.0,32.0,32.0,32.0,32.0,1.0,1.0,1.0,1.0,1.0,1.0,1.0,1.0,1.0,         57P   1325
1.0,1.0,1.0,1.0,1.0,1.0,1.0,1.0,1.0,1.0,1.0,1.0,1.0,1.0,1.0,1.0,      57P   1326
1.0,1.0,1.0,1.0,1.0,1.0,1.0,1.0,1.0,1.0,1.0,1.0,1.0,1.0,1.0,1.0,      57P   1327
1.0,1.0,1.0,1.0,1.0,1.0,1.0,1.0,1.0,1.0,1.0,1.0,1.0,1.0,1.0,1.0,      57P   1328
1.0,1.0,1.0,1.0,1.0,1.0,1.0,1.0,1.0,1.0,1.0,1.0,1.0,1.0,1.0,1.0,      57P   1329
1.0,1.0,1.0,1.0,1.0,1.0,1.0,1.0,1.0,1.0,1.0,1.0,1.0,1.0,1.0,1.0,      57P   1330
1.0,1.0,1.0,1.0,1.0,1.0,1.0,1.0,1.0,1.0,1.0,1.0,1.0,1.0,1.0,1.0,      57P   1331
1.0,1.0,1.0,1.0,1.0,1.0,1.0,1.0,1.0,1.0,1.0,1.0,1.0,1.0,1.0,1.0,      57P   1332
1.0,1.0,1.0,1.0,1.0,1.0,1.0,1.0,1.0,1.0,1.0,1.0,1.0,1.0,1.0,1.0,      57P   1333
1.0,1.0,1.0,1.0,1.0,1.0,1.0,1.0,1.0,1.0,1.0,1.0,1.0,1.0,1.0,1.0,      57P   1334
1.0,1.0,1.0,1.0,1.0,1.0,1.0,1.0,1.0,1.0,1.0,1.0,1.0,1.0,1.0,1.0,      57P   1335
1.0,1.0,1.0,1.0,1.0,1.0,1.0,1.0,1.0,1.0,1.0,1.0,1.0,1.0,1.0,1.0,      57P   1336
1.0,1.0,1.0,1.0,1.0,1.0,1.0,1.0,1.0,3.239989939223,                   57P   1337
8.048256307447,0.112636441302,3.239989939223,8.048256307447,          57P   1338
0.112636441302,3.197999735887,8.048458235122,0.107730894071,          57P   1339
3.197999735887,8.048256307447,0.112636441302,3.155972820855,          57P   1340
8.048647201317,0.103140227624,3.155972820855,8.048256307447,          57P   1341
0.112636441302,3.113917470104,8.048824724777,0.098827546273,          57P   1342
3.113917470104,8.048256307447,0.112636441302,3.071862119353,          57P   1343
8.049002248237,0.094514864921,3.071862119353,8.048256307447,          57P   1344
0.112636441302,3.029778229199,8.049168341806,0.090479856587,          57P   1345
3.029778229199,8.048256307447,0.112636441302,2.987668411397,          57P   1346
8.049322492964,0.086734972245,2.987668411397,8.048256307447,          57P   1347
0.112636441302,2.945558593596,8.049476644122,0.082990087902,          57P   1348
2.945558593596,8.048256307447,0.112636441302,2.903422681583,          57P   1349
8.049618842886,0.07953557005,2.903422681583,8.048256307447,           57P   1350
0.112636441302,2.861259948909,8.049746205343,0.076441479315,          57P   1351
2.861259948909,8.048256307447,0.112636441302,2.819097216234,          57P   1352
8.049873567799,0.07334738858,2.819097216234,8.048256307447,           57P   1353
0.112636441302,2.776907326941,8.049986056031,0.070614646113,          57P   1354
2.776907326941,8.048256307447,0.112636441302,2.734689848393,          57P   1355
8.050077850021,0.068384640959,2.734689848393,8.048256307447,          57P   1356
0.112636441302,2.713581109118,8.050123747016,0.067269638382,          57P   1357
2.713581109118,8.048256307447,0.112636441302,2.692465537872,          57P   1358
8.050164285697,0.066284808468,2.692465537872,8.048256307447,          57P   1359
0.112636441302,2.67134367533,8.050198479157,0.065454126714,           57P   1360
2.67134367533,8.048256307447,0.112636441302,2.660782744059,           57P   1361
8.050215575887,0.065038785838,2.660782744059,8.048256307447,          57P   1362
0.112636441302,2.650220269695,8.050231029178,0.064663370001,          57P   1363
2.650220269695,8.048256307447,0.112636441302,2.639656409649,          57P   1364
8.050244705086,0.064331133154,2.639656409649,8.048256307447,          57P   1365
0.112636441302,2.629092549603,8.050258380994,0.063998896308,          57P   1366
2.629092549603,8.048256307447,0.112636441302,2.618527262917,          57P   1367
8.050270275494,0.06370993627,2.618527262917,8.048256307447,           57P   1368
0.112636441302,2.607960929689,8.050280119494,0.063470790196,          57P   1369
2.607960929689,8.048256307447,0.112636441302,2.586828263235,          57P   1370
8.050299807496,0.062992498046,2.586828263235,8.048256307447,          57P   1371
0.112636441302,2.565690875928,8.050311547745,0.062707285294,          57P   1372
2.565690875928,8.048256307447,0.112636441302,2.544552619469,          57P   1373
8.050313126634,0.06266892843,2.544552619469,8.048256307447,           57P   1374
0.112636441302,2.533983491239,8.050313916078,0.062649749998,          57P   1375
2.533983491239,8.048256307447,0.112636441302,2.52341433811,           57P   1376
8.050312099641,0.062693877767,2.52341433811,8.048256307447,           57P   1377
0.112636441302,2.512845761989,8.050307414224,0.062807703349,          57P   1378
2.512845761989,8.048256307447,0.112636441302,2.507561473929,          57P   1379
8.050305071515,0.062864616139,2.507561473929,8.048256307447,          57P   1380
0.112636441302,2.502277553678,8.050301930061,0.062940933325,          57P   1381
2.502277553678,8.048256307447,0.112636441302,2.496993818282,          57P   1382
8.050298052145,0.063035141808,2.496993818282,8.048256307447,          57P   1383
0.112636441302,2.491710082886,8.050294174229,0.06312935029,           57P   1384
2.491710082886,8.048256307447,0.112636441302,2.486426573644,          57P   1385
8.050289547919,0.063241739959,2.486426573644,8.048256307447,          57P   1386
0.112636441302,2.481143824587,8.050283990357,0.063376753066,          57P   1387
2.481143824587,8.048256307447,0.112636441302,2.460012828362,          57P   1388
8.050261760109,0.063916805493,2.460012828362,8.048256307447,          57P   1389
0.112636441302,2.438888045243,8.050226417718,0.0647753989,            57P   1390
2.438888045243,8.048256307447,0.112636441302,2.41779146515,           57P   1391
8.050171841222,0.066101257662,2.41779146515,8.048256307447,           57P   1392
0.112636441302,2.407243175103,8.050144552975,0.066764187043,          57P   1393
2.407243175103,8.048256307447,0.112636441302,2.396701970418,          57P   1394
8.050112473704,0.067543507548,2.396701970418,8.048256307447,          57P   1395
0.112636441302,2.386173729919,8.050074290175,0.068471122369,          57P   1396
2.386173729919,8.048256307447,0.112636441302,2.37564548942,           57P   1397
8.050036106647,0.069398737189,2.37564548942,8.048256307447,           57P   1398
0.112636441302,2.365129845595,8.049991899935,0.070472676717,          57P   1399
2.365129845595,8.048256307447,0.112636441302,2.354636771043,          57P   1400
8.049939772111,0.071739048468,2.354636771043,8.048256307447,          57P   1401
0.112636441302,2.352013502405,8.049926740155,0.072055641406,          57P   1402
2.352013502405,8.048256307447,0.112636441302,2.349391972781,          57P   1403
8.049913160505,0.072385539807,2.349391972781,8.048256307447,          57P   1404
0.112636441302,2.346772062206,8.049899049677,0.072728342402,          57P   1405
2.346772062206,8.048256307447,0.112636441302,2.344152151631,          57P   1406
8.04988493885,0.073071144997,2.344152151631,8.048256307447,           57P   1407
0.112636441302,2.341533693346,8.049870325785,0.073426148735,          57P   1408
2.341533693346,8.048256307447,0.112636441302,2.338917665435,          57P   1409
8.049855053557,0.073797165914,2.338917665435,8.048256307447,          57P   1410
0.112636441302,2.333685609611,8.049824509101,0.074539200274,          57P   1411
2.333685609611,8.048256307447,0.112636441302,2.328461749956,          57P   1412
8.049791564596,0.07533954042,2.328461749956,8.048256307447,           57P   1413
0.112636441302,2.323249356437,8.049755730991,0.076210067164,          57P   1414
2.323249356437,8.048256307447,0.112636441302,2.318036962918,          57P   1415
8.049719897386,0.077080593907,2.318036962918,8.048256307447,          57P   1416
0.112636441302,2.312837234583,8.049681008159,0.078025352683,          57P   1417
2.312837234583,8.048256307447,0.112636441302,2.307654887306,          57P   1418
8.049638436351,0.079059574526,2.307654887306,8.048256307447,          57P   1419
0.112636441302,2.302472540028,8.049595864544,0.080093796369,          57P   1420
2.302472540028,8.048256307447,0.112636441302,2.297308783156,          57P   1421
8.049549451306,0.081221340346,2.297308783156,8.048256307447,          57P   1422
0.112636441302,2.292174574122,8.049497947206,0.082472559606,          57P   1423
2.292174574122,8.048256307447,0.112636441302,2.289607469605,          57P   1424
8.049472195156,0.083098169236,2.289607469605,8.048256307447,          57P   1425
0.112636441302,2.287047984666,8.049445141007,0.083755411521,          57P   1426
2.287047984666,8.048256307447,0.112636441302,2.284499684066,          57P   1427
8.049416437033,0.084452733955,2.284499684066,8.048256307447,          57P   1428
0.112636441302,2.281951383465,8.04938773306,0.08515005639,            57P   1429
2.281951383465,8.048256307447,0.112636441302,2.279412642936,          57P   1430
8.049357530287,0.085883790037,2.279412642936,8.048256307447,          57P   1431
0.112636441302,2.276888885161,8.049325332751,0.08666598364,           57P   1432
2.276888885161,8.048256307447,0.112636441302,2.274365127386,          57P   1433
8.049293135214,0.087448177243,2.274365127386,8.048256307447,          57P   1434
0.112636441302,2.271856864242,8.049258898288,0.088279914945,          57P   1435
2.271856864242,8.048256307447,0.112636441302,2.269370045841,          57P   1436
8.04922215342,0.08917257953,2.269370045841,8.048256307447,            57P   1437
0.112636441302,2.26812663664,8.049203780986,0.089618911823,           57P   1438
2.26812663664,8.048256307447,0.112636441302,2.266889245142,           57P   1439
8.049184731398,0.090081694637,2.266889245142,8.048256307447,          57P   1440
0.112636441302,2.26565875196,8.049164945989,0.090562353145,           57P   1441
2.26565875196,8.048256307447,0.112636441302,2.264428258778,           57P   1442
8.049145160581,0.091043011652,2.264428258778,8.048256307447,          57P   1443
0.112636441302,2.263204736192,8.049124627673,0.091541829601,          57P   1444
2.263204736192,8.048256307447,0.112636441302,2.261991255336,          57P   1445
8.049103155051,0.092063476583,2.261991255336,8.048256307447,          57P   1446
0.112636441302,2.259564293625,8.049060209807,0.093106770546,          57P   1447
2.259564293625,8.048256307447,0.112636441302,2.257171222123,          57P   1448
8.049013846753,0.09423309538,2.257171222123,8.048256307447,           57P   1449
0.112636441302,2.254846951976,8.048962147689,0.095489050998,          57P   1450
2.254846951976,8.048256307447,0.112636441302,2.253684816903,          57P   1451
8.048936298158,0.096117028807,2.253684816903,8.048256307447,          57P   1452
0.112636441302,2.252540350309,8.048909101388,0.096777735859,          57P   1453
2.252540350309,8.048256307447,0.112636441302,2.25142108981,           57P   1454
8.048880222899,0.097479297894,2.25142108981,8.048256307447,           57P   1455
0.112636441302,2.25030182931,8.048851344411,0.098180859928,           57P   1456
2.25030182931,8.048256307447,0.112636441302,2.249207778868,           57P   1457
8.048820774144,0.098923521309,2.249207778868,8.048256307447,          57P   1458
0.112636441302,2.248154697811,8.048787973382,0.099720369437,          57P   1459
2.248154697811,8.048256307447,0.112636441302,2.247101616754,          57P   1460
8.048755172619,0.100517217564,2.247101616754,8.048256307447,          57P   1461
0.112636441302,2.246087198714,8.04872019409,0.101366971467,           57P   1462
2.246087198714,8.048256307447,0.112636441302,2.245139177422,          57P   1463
8.048682337475,0.102286644386,2.245139177422,8.048256307447,          57P   1464
0.112636441302,2.24419115613,8.048644480859,0.103206317306,           57P   1465
2.24419115613,8.048256307447,0.112636441302,2.243309619845,           57P   1466
8.04860370313,0.104196954568,2.243309619845,8.048256307447,           57P   1467
0.112636441302,2.242544721843,8.048559394338,0.105273374001,          57P   1468
2.242544721843,8.048256307447,0.112636441302,2.241779823841,          57P   1469
8.048515085546,0.106349793433,2.241779823841,8.048256307447,          57P   1470
0.112636441302,2.241132902846,8.048467114246,0.107515188302,          57P   1471
2.241132902846,8.048256307447,0.112636441302,2.240683823358,          57P   1472
8.048416020915,0.108756428513,2.240683823358,8.048256307447,          57P   1473
0.112636441302,2.240459283613,8.048390474249,0.109377048619,          57P   1474
2.240459283613,8.048256307447,0.112636441302,2.240284324566,          57P   1475
8.048364182063,0.110015780083,2.240284324566,8.048256307447,          57P   1476
0.112636441302,2.240166883734,8.048337429804,0.110665688395,          57P   1477
2.240166883734,8.048256307447,0.112636441302,2.240049442902,          57P   1478
8.048310677544,0.111315596706,2.240049442902,8.048256307447,          57P   1479
0.112636441302,2.239989939223,8.048283410258,0.111978016843,          57P   1480
2.239989939223,8.048256307447,0.112636441302,2.239989939223,          57P   1481
8.048256307447,0.112636441302,2.239989939223,8.048256307447,          57P   1482
0.112636441302,0.0,1.0,0.0,32.0,,1,59;                                57P   1483
406,1,36HSurf_ATBOBIFKXI, Wings, 0, 19, lower;                        59P   1484
128,1,96,1,3,0,0,1,0,0,0.0,0.0,1.0,1.0,0.0,0.0,0.0,0.0,1.0,1.0,       61P   1485
1.0,2.0,2.0,2.0,3.0,3.0,3.0,4.0,4.0,4.0,5.0,5.0,5.0,6.0,6.0,6.0,      61P   1486
7.0,7.0,7.0,8.0,8.0,8.0,9.0,9.0,9.0,10.0,10.0,10.0,11.0,11.0,         61P   1487
11.0,12.0,12.0,12.0,13.0,13.0,13.0,14.0,14.0,14.0,15.0,15.0,          61P   1488
15.0,16.0,16.0,16.0,17.0,17.0,17.0,18.0,18.0,18.0,19.0,19.0,          61P   1489
19.0,20.0,20.0,20.0,21.0,21.0,21.0,22.0,22.0,22.0,23.0,23.0,          61P   1490
23.0,24.0,24.0,24.0,25.0,25.0,25.0,26.0,26.0,26.0,27.0,27.0,          61P   1491
27.0,28.0,28.0,28.0,29.0,29.0,29.0,30.0,30.0,30.0,31.0,31.0,          61P   1492
31.0,32.0,32.0,32.0,32.0,1.0,1.0,1.0,1.0,1.0,1.0,1.0,1.0,1.0,         61P   1493
1.0,1.0,1.0,1.0,1.0,1.0,1.0,1.0,1.0,1.0,1.0,1.0,1.0,1.0,1.0,1.0,      61P   1494
1.0,1.0,1.0,1.0,1.0,1.0,1.0,1.0,1.0,1.0,1.0,1.0,1.0,1.0,1.0,1.0,      61P   1495
1.0,1.0,1.0,1.0,1.0,1.0,1.0,1.0,1.0,1.0,1.0,1.0,1.0,1.0,1.0,1.0,      61P   1496
1.0,1.0,1.0,1.0,1.0,1.0,1.0,1.0,1.0,1.0,1.0,1.0,1.0,1.0,1.0,1.0,      61P   1497
1.0,1.0,1.0,1.0,1.0,1.0,1.0,1.0,1.0,1.0,1.0,1.0,1.0,1.0,1.0,1.0,      61P   1498
1.0,1.0,1.0,1.0,1.0,1.0,1.0,1.0,1.0,1.0,1.0,1.0,1.0,1.0,1.0,1.0,      61P   1499
1.0,1.0,1.0,1.0,1.0,1.0,1.0,1.0,1.0,1.0,1.0,1.0,1.0,1.0,1.0,1.0,      61P   1500
1.0,1.0,1.0,1.0,1.0,1.0,1.0,1.0,1.0,1.0,1.0,1.0,1.0,1.0,1.0,1.0,      61P   1501
1.0,1.0,1.0,1.0,1.0,1.0,1.0,1.0,1.0,1.0,1.0,1.0,1.0,1.0,1.0,1.0,      61P   1502
1.0,1.0,1.0,1.0,1.0,1.0,1.0,1.0,1.0,1.0,1.0,1.0,1.0,1.0,1.0,1.0,      61P   1503
1.0,1.0,1.0,1.0,1.0,1.0,1.0,1.0,1.0,1.0,1.0,1.0,1.0,1.0,1.0,1.0,      61P   1504
1.0,1.0,1.0,1.0,1.0,1.0,1.0,1.0,1.0,2.239989939223,                   61P   1505
8.048256307447,0.112636441302,2.239989939223,8.048256307447,          61P   1506
0.112636441302,2.239989939223,8.048229204636,0.11329486576,           61P   1507
2.239989939223,8.048256307447,0.112636441302,2.240049442902,          61P   1508
8.048201937351,0.113957285897,2.240049442902,8.048256307447,          61P   1509
0.112636441302,2.240166883734,8.048175185091,0.114607194209,          61P   1510
2.240166883734,8.048256307447,0.112636441302,2.240284324566,          61P   1511
8.048148432831,0.11525710252,2.240284324566,8.048256307447,           61P   1512
0.112636441302,2.240459283613,8.048122140645,0.115895833984,          61P   1513
2.240459283613,8.048256307447,0.112636441302,2.240683823358,          61P   1514
8.04809659398,0.11651645409,2.240683823358,8.048256307447,            61P   1515
0.112636441302,2.241132902846,8.048045500649,0.117757694301,          61P   1516
2.241132902846,8.048256307447,0.112636441302,2.241779823841,          61P   1517
8.047997529349,0.11892308917,2.241779823841,8.048256307447,           61P   1518
0.112636441302,2.242544721843,8.047953220557,0.119999508602,          61P   1519
2.242544721843,8.048256307447,0.112636441302,2.243309619845,          61P   1520
8.047908911765,0.121075928035,2.243309619845,8.048256307447,          61P   1521
0.112636441302,2.24419115613,8.047868134035,0.122066565297,           61P   1522
2.24419115613,8.048256307447,0.112636441302,2.245139177422,           61P   1523
8.04783027742,0.122986238217,2.245139177422,8.048256307447,           61P   1524
0.112636441302,2.246087198714,8.047792420805,0.123905911136,          61P   1525
2.246087198714,8.048256307447,0.112636441302,2.247101616754,          61P   1526
8.047757442275,0.124755665039,2.247101616754,8.048256307447,          61P   1527
0.112636441302,2.248154697811,8.047724641513,0.125552513167,          61P   1528
2.248154697811,8.048256307447,0.112636441302,2.249207778868,          61P   1529
8.04769184075,0.126349361294,2.249207778868,8.048256307447,           61P   1530
0.112636441302,2.25030182931,8.047661270484,0.127092022675,           61P   1531
2.25030182931,8.048256307447,0.112636441302,2.25142108981,            61P   1532
8.047632391995,0.12779358471,2.25142108981,8.048256307447,            61P   1533
0.112636441302,2.252540350309,8.047603513507,0.128495146744,          61P   1534
2.252540350309,8.048256307447,0.112636441302,2.253684816903,          61P   1535
8.047576316737,0.129155853796,2.253684816903,8.048256307447,          61P   1536
0.112636441302,2.254846951976,8.047550467205,0.129783831605,          61P   1537
2.254846951976,8.048256307447,0.112636441302,2.257171222123,          61P   1538
8.047498768142,0.131039787223,2.257171222123,8.048256307447,          61P   1539
0.112636441302,2.259564293625,8.047452405087,0.132166112057,          61P   1540
2.259564293625,8.048256307447,0.112636441302,2.261991255336,          61P   1541
8.047409459843,0.133209406021,2.261991255336,8.048256307447,          61P   1542
0.112636441302,2.263204736192,8.047387987221,0.133731053002,          61P   1543
2.263204736192,8.048256307447,0.112636441302,2.264428258778,          61P   1544
8.047367454313,0.134229870951,2.264428258778,8.048256307447,          61P   1545
0.112636441302,2.26565875196,8.047347668905,0.134710529459,           61P   1546
2.26565875196,8.048256307447,0.112636441302,2.266889245142,           61P   1547
8.047327883497,0.135191187966,2.266889245142,8.048256307447,          61P   1548
0.112636441302,2.26812663664,8.047308833908,0.13565397078,            61P   1549
2.26812663664,8.048256307447,0.112636441302,2.269370045841,           61P   1550
8.047290461474,0.136100303073,2.269370045841,8.048256307447,          61P   1551
0.112636441302,2.271856864242,8.047253716607,0.136992967658,          61P   1552
2.271856864242,8.048256307447,0.112636441302,2.274365127386,          61P   1553
8.04721947968,0.13782470536,2.274365127386,8.048256307447,            61P   1554
0.112636441302,2.276888885161,8.047187282144,0.138606898963,          61P   1555
2.276888885161,8.048256307447,0.112636441302,2.279412642936,          61P   1556
8.047155084608,0.139389092566,2.279412642936,8.048256307447,          61P   1557
0.112636441302,2.281951383465,8.047124881835,0.140122826213,          61P   1558
2.281951383465,8.048256307447,0.112636441302,2.284499684066,          61P   1559
8.047096177861,0.140820148648,2.284499684066,8.048256307447,          61P   1560
0.112636441302,2.287047984666,8.047067473888,0.141517471083,          61P   1561
2.287047984666,8.048256307447,0.112636441302,2.289607469605,          61P   1562
8.047040419739,0.142174713367,2.289607469605,8.048256307447,          61P   1563
0.112636441302,2.292174574122,8.047014667689,0.142800322997,          61P   1564
2.292174574122,8.048256307447,0.112636441302,2.297308783156,          61P   1565
8.046963163589,0.144051542257,2.297308783156,8.048256307447,          61P   1566
0.112636441302,2.302472540028,8.04691675035,0.145179086234,           61P   1567
2.302472540028,8.048256307447,0.112636441302,2.307654887306,          61P   1568
8.046874178543,0.146213308077,2.307654887306,8.048256307447,          61P   1569
0.112636441302,2.312837234583,8.046831606736,0.14724752992,           61P   1570
2.312837234583,8.048256307447,0.112636441302,2.318036962918,          61P   1571
8.046792717508,0.148192288696,2.318036962918,8.048256307447,          61P   1572
0.112636441302,2.323249356437,8.046756883903,0.149062815439,          61P   1573
2.323249356437,8.048256307447,0.112636441302,2.328461749956,          61P   1574
8.046721050299,0.149933342183,2.328461749956,8.048256307447,          61P   1575
0.112636441302,2.333685609611,8.046688105794,0.150733682329,          61P   1576
2.333685609611,8.048256307447,0.112636441302,2.338917665435,          61P   1577
8.046657561338,0.151475716689,2.338917665435,8.048256307447,          61P   1578
0.112636441302,2.341533693346,8.04664228911,0.151846733868,           61P   1579
2.341533693346,8.048256307447,0.112636441302,2.344152151631,          61P   1580
8.046627676045,0.152201737607,2.344152151631,8.048256307447,          61P   1581
0.112636441302,2.346772062206,8.046613565217,0.152544540201,          61P   1582
2.346772062206,8.048256307447,0.112636441302,2.349391972781,          61P   1583
8.04659945439,0.152887342796,2.349391972781,8.048256307447,           61P   1584
0.112636441302,2.352013502405,8.046585874739,0.153217241197,          61P   1585
2.352013502405,8.048256307447,0.112636441302,2.354636771043,          61P   1586
8.046572842783,0.153533834135,2.354636771043,8.048256307447,          61P   1587
0.112636441302,2.365129845595,8.046520714959,0.154800205886,          61P   1588
2.365129845595,8.048256307447,0.112636441302,2.37564548942,           61P   1589
8.046476508248,0.155874145414,2.37564548942,8.048256307447,           61P   1590
0.112636441302,2.386173729919,8.046438324719,0.156801760234,          61P   1591
2.386173729919,8.048256307447,0.112636441302,2.396701970418,          61P   1592
8.046400141191,0.157729375055,2.396701970418,8.048256307447,          61P   1593
0.112636441302,2.407243175103,8.04636806192,0.15850869556,            61P   1594
2.407243175103,8.048256307447,0.112636441302,2.41779146515,           61P   1595
8.046340773672,0.159171624941,2.41779146515,8.048256307447,           61P   1596
0.112636441302,2.438888045243,8.046286197177,0.160497483703,          61P   1597
2.438888045243,8.048256307447,0.112636441302,2.460012828362,          61P   1598
8.046250854785,0.16135607711,2.460012828362,8.048256307447,           61P   1599
0.112636441302,2.481143824587,8.046228624538,0.161896129538,          61P   1600
2.481143824587,8.048256307447,0.112636441302,2.486426573644,          61P   1601
8.046223066976,0.162031142645,2.486426573644,8.048256307447,          61P   1602
0.112636441302,2.491710082886,8.046218440665,0.162143532313,          61P   1603
2.491710082886,8.048256307447,0.112636441302,2.496993818282,          61P   1604
8.046214562749,0.162237740795,2.496993818282,8.048256307447,          61P   1605
0.112636441302,2.502277553678,8.046210684833,0.162331949278,          61P   1606
2.502277553678,8.048256307447,0.112636441302,2.507561473929,          61P   1607
8.046207543379,0.162408266464,2.507561473929,8.048256307447,          61P   1608
0.112636441302,2.512845761989,8.046205200671,0.162465179254,          61P   1609
2.512845761989,8.048256307447,0.112636441302,2.52341433811,           61P   1610
8.046200515253,0.162579004836,2.52341433811,8.048256307447,           61P   1611
0.112636441302,2.533983491239,8.046198698816,0.162623132605,          61P   1612
2.533983491239,8.048256307447,0.112636441302,2.544552619469,          61P   1613
8.046199488261,0.162603954173,2.544552619469,8.048256307447,          61P   1614
0.112636441302,2.565690875928,8.046201067149,0.162565597309,          61P   1615
2.565690875928,8.048256307447,0.112636441302,2.586828263235,          61P   1616
8.046212807399,0.162280384557,2.586828263235,8.048256307447,          61P   1617
0.112636441302,2.607960929689,8.0462324954,0.161802092407,            61P   1618
2.607960929689,8.048256307447,0.112636441302,2.618527262917,          61P   1619
8.046242339401,0.161562946333,2.618527262917,8.048256307447,          61P   1620
0.112636441302,2.629092549603,8.0462542339,0.161273986295,            61P   1621
2.629092549603,8.048256307447,0.112636441302,2.639656409649,          61P   1622
8.046267909808,0.160941749449,2.639656409649,8.048256307447,          61P   1623
0.112636441302,2.650220269695,8.046281585717,0.160609512602,          61P   1624
2.650220269695,8.048256307447,0.112636441302,2.660782744059,          61P   1625
8.046297039007,0.160234096766,2.660782744059,8.048256307447,          61P   1626
0.112636441302,2.67134367533,8.046314135737,0.159818755889,           61P   1627
2.67134367533,8.048256307447,0.112636441302,2.692465537872,           61P   1628
8.046348329198,0.158988074135,2.692465537872,8.048256307447,          61P   1629
0.112636441302,2.713581109118,8.046388867879,0.158003244221,          61P   1630
2.713581109118,8.048256307447,0.112636441302,2.734689848393,          61P   1631
8.046434764874,0.156888241644,2.734689848393,8.048256307447,          61P   1632
0.112636441302,2.776907326941,8.046526558864,0.15465823649,           61P   1633
2.776907326941,8.048256307447,0.112636441302,2.819097216234,          61P   1634
8.046639047095,0.151925494023,2.819097216234,8.048256307447,          61P   1635
0.112636441302,2.861259948909,8.046766409552,0.148831403288,          61P   1636
2.861259948909,8.048256307447,0.112636441302,2.903422681583,          61P   1637
8.046893772008,0.145737312553,2.903422681583,8.048256307447,          61P   1638
0.112636441302,2.945558593596,8.047035970773,0.142282794701,          61P   1639
2.945558593596,8.048256307447,0.112636441302,2.987668411397,          61P   1640
8.047190121931,0.138537910359,2.987668411397,8.048256307447,          61P   1641
0.112636441302,3.029778229199,8.047344273089,0.134793026016,          61P   1642
3.029778229199,8.048256307447,0.112636441302,3.071862119353,          61P   1643
8.047510366658,0.130758017682,3.071862119353,8.048256307447,          61P   1644
0.112636441302,3.113917470104,8.047687890117,0.126445336331,          61P   1645
3.113917470104,8.048256307447,0.112636441302,3.155972820855,          61P   1646
8.047865413577,0.122132654979,3.155972820855,8.048256307447,          61P   1647
0.112636441302,3.197999735887,8.048054379773,0.117541988532,          61P   1648
3.197999735887,8.048256307447,0.112636441302,3.239989939223,          61P   1649
8.048256307447,0.112636441302,3.239989939223,8.048256307447,          61P   1650
0.112636441302,0.0,1.0,0.0,32.0,,1,63;                                61P   1651
406,1,36HSurf_ATBOBIFKXI, Wings, 0, 22, upper;                        63P   1652
128,1,96,1,3,0,0,1,0,0,0.0,0.0,1.0,1.0,0.0,0.0,0.0,0.0,1.0,1.0,       65P   1653
1.0,2.0,2.0,2.0,3.0,3.0,3.0,4.0,4.0,4.0,5.0,5.0,5.0,6.0,6.0,6.0,      65P   1654
7.0,7.0,7.0,8.0,8.0,8.0,9.0,9.0,9.0,10.0,10.0,10.0,11.0,11.0,         65P   1655
11.0,12.0,12.0,12.0,13.0,13.0,13.0,14.0,14.0,14.0,15.0,15.0,          65P   1656
15.0,16.0,16.0,16.0,17.0,17.0,17.0,18.0,18.0,18.0,19.0,19.0,          65P   1657
19.0,20.0,20.0,20.0,21.0,21.0,21.0,22.0,22.0,22.0,23.0,23.0,          65P   1658
23.0,24.0,24.0,24.0,25.0,25.0,25.0,26.0,26.0,26.0,27.0,27.0,          65P   1659
27.0,28.0,28.0,28.0,29.0,29.0,29.0,30.0,30.0,30.0,31.0,31.0,          65P   1660
31.0,32.0,32.0,32.0,32.0,1.0,1.0,1.0,1.0,1.0,1.0,1.0,1.0,1.0,         65P   1661
1.0,1.0,1.0,1.0,1.0,1.0,1.0,1.0,1.0,1.0,1.0,1.0,1.0,1.0,1.0,1.0,      65P   1662
1.0,1.0,1.0,1.0,1.0,1.0,1.0,1.0,1.0,1.0,1.0,1.0,1.0,1.0,1.0,1.0,      65P   1663
1.0,1.0,1.0,1.0,1.0,1.0,1.0,1.0,1.0,1.0,1.0,1.0,1.0,1.0,1.0,1.0,      65P   1664
1.0,1.0,1.0,1.0,1.0,1.0,1.0,1.0,1.0,1.0,1.0,1.0,1.0,1.0,1.0,1.0,      65P   1665
1.0,1.0,1.0,1.0,1.0,1.0,1.0,1.0,1.0,1.0,1.0,1.0,1.0,1.0,1.0,1.0,      65P   1666
1.0,1.0,1.0,1.0,1.0,1.0,1.0,1.0,1.0,1.0,1.0,1.0,1.0,1.0,1.0,1.0,      65P   1667
1.0,1.0,1.0,1.0,1.0,1.0,1.0,1.0,1.0,1.0,1.0,1.0,1.0,1.0,1.0,1.0,      65P   1668
1.0,1.0,1.0,1.0,1.0,1.0,1.0,1.0,1.0,1.0,1.0,1.0,1.0,1.0,1.0,1.0,      65P   1669
1.0,1.0,1.0,1.0,1.0,1.0,1.0,1.0,1.0,1.0,1.0,1.0,1.0,1.0,1.0,1.0,      65P   1670
1.0,1.0,1.0,1.0,1.0,1.0,1.0,1.0,1.0,1.0,1.0,1.0,1.0,1.0,1.0,1.0,      65P   1671
1.0,1.0,1.0,1.0,1.0,1.0,1.0,1.0,1.0,1.0,1.0,1.0,1.0,1.0,1.0,1.0,      65P   1672
1.0,1.0,1.0,1.0,1.0,1.0,1.0,1.0,1.0,-3.934426229508,0.0,              65P   1673
-0.409836065574,-3.934426229508,0.0,-0.409836065574,                  65P   1674
-3.934426229508,0.0,-0.409836065574,-3.934426229508,0.0,              65P   1675
-0.412666123216,-3.93417168599,0.0,-0.409836065574,                   65P   1676
-3.93417168599,0.0,-0.415513355188,-3.93366930021,0.0,                65P   1677
-0.409836065574,-3.93366930021,0.0,-0.418306808497,                   65P   1678
-3.93316691443,0.0,-0.409836065574,-3.93316691443,0.0,                65P   1679
-0.421100261806,-3.932418478503,0.0,-0.409836065574,                  65P   1680
-3.932418478503,0.0,-0.42384567449,-3.931457947375,0.0,               65P   1681
-0.409836065574,-3.931457947375,0.0,-0.42651324045,                   65P   1682
-3.92953688512,0.0,-0.409836065574,-3.92953688512,0.0,                65P   1683
-0.43184837237,-3.926769500864,0.0,-0.409836065574,                   65P   1684
-3.926769500864,0.0,-0.436857503805,-3.923497437188,0.0,              65P   1685
-0.409836065574,-3.923497437188,0.0,-0.441484198637,                  65P   1686
-3.920225373513,0.0,-0.409836065574,-3.920225373513,0.0,              65P   1687
-0.446110893469,-3.916454357183,0.0,-0.409836065574,                  65P   1688
-3.916454357183,0.0,-0.450368877079,-3.912398932767,0.0,              65P   1689
-0.409836065574,-3.912398932767,0.0,-0.454321839853,                  65P   1690
-3.90834350835,0.0,-0.409836065574,-3.90834350835,0.0,                65P   1691
-0.458274802626,-3.904004053401,0.0,-0.409836065574,                  65P   1692
-3.904004053401,0.0,-0.461927237606,-3.899499206657,0.0,              65P   1693
-0.409836065574,-3.899499206657,0.0,-0.46535227157,                   65P   1694
-3.894994359913,0.0,-0.409836065574,-3.894994359913,0.0,              65P   1695
-0.468777305533,-3.890314255244,0.0,-0.409836065574,                  65P   1696
-3.890314255244,0.0,-0.471969432569,-3.885526307552,0.0,              65P   1697
-0.409836065574,-3.885526307552,0.0,-0.474984905294,                  65P   1698
-3.88073835986,0.0,-0.409836065574,-3.88073835986,0.0,                65P   1699
-0.478000378019,-3.875842586096,0.0,-0.409836065574,                  65P   1700
-3.875842586096,0.0,-0.480840246764,-3.870871230506,0.0,              65P   1701
-0.409836065574,-3.870871230506,0.0,-0.483539437801,                  65P   1702
-3.860928519325,0.0,-0.409836065574,-3.860928519325,0.0,              65P   1703
-0.488937819875,-3.850691491232,0.0,-0.409836065574,                  65P   1704
-3.850691491232,0.0,-0.49377901944,-3.840309488355,0.0,               65P   1705
-0.409836065574,-3.840309488355,0.0,-0.498263333494,                  65P   1706
-3.835118486917,0.0,-0.409836065574,-3.835118486917,0.0,              65P   1707
-0.500505490521,-3.829884529187,0.0,-0.409836065574,                  65P   1708
-3.829884529187,0.0,-0.502649523188,-3.824620752798,0.0,              65P   1709
-0.409836065574,-3.824620752798,0.0,-0.504715502457,                  65P   1710
-3.819356976409,0.0,-0.409836065574,-3.819356976409,0.0,              65P   1711
-0.506781481726,-3.814063690555,0.0,-0.409836065574,                  65P   1712
-3.814063690555,0.0,-0.508770627213,-3.808744662308,0.0,              65P   1713
-0.409836065574,-3.808744662308,0.0,-0.510689064625,                  65P   1714
-3.798106605815,0.0,-0.409836065574,-3.798106605815,0.0,              65P   1715
-0.514525939451,-3.787376813476,0.0,-0.409836065574,                  65P   1716
-3.787376813476,0.0,-0.518100936717,-3.77658073855,0.0,               65P   1717
-0.409836065574,-3.77658073855,0.0,-0.521462982209,                   65P   1718
-3.765784663623,0.0,-0.409836065574,-3.765784663623,0.0,              65P   1719
-0.524825027701,-3.754924495804,0.0,-0.409836065574,                  65P   1720
-3.754924495804,0.0,-0.527978781315,-3.744023432124,0.0,              65P   1721
-0.409836065574,-3.744023432124,0.0,-0.530976031278,                  65P   1722
-3.733122368444,0.0,-0.409836065574,-3.733122368444,0.0,              65P   1723
-0.533973281242,-3.722173460649,0.0,-0.409836065574,                  65P   1724
-3.722173460649,0.0,-0.536798257632,-3.711191957993,0.0,              65P   1725
-0.409836065574,-3.711191957993,0.0,-0.539487269698,                  65P   1726
-3.689228952683,0.0,-0.409836065574,-3.689228952683,0.0,              65P   1727
-0.544865293828,-3.667139548284,0.0,-0.409836065574,                  65P   1728
-3.667139548284,0.0,-0.549711733549,-3.644970618263,0.0,              65P   1729
-0.409836065574,-3.644970618263,0.0,-0.554157053572,                  65P   1730
-3.622801688242,0.0,-0.409836065574,-3.622801688242,0.0,              65P   1731
-0.558602373594,-3.600558405923,0.0,-0.409836065574,                  65P   1732
-3.600558405923,0.0,-0.562663161065,-3.578260944759,0.0,              65P   1733
-0.409836065574,-3.578260944759,0.0,-0.566404882429,                  65P   1734
-3.555963483595,0.0,-0.409836065574,-3.555963483595,0.0,              65P   1735
-0.570146603793,-3.533616972845,0.0,-0.409836065574,                  65P   1736
-3.533616972845,0.0,-0.573586647243,-3.511235400711,0.0,              65P   1737
-0.409836065574,-3.511235400711,0.0,-0.576776079199,                  65P   1738
-3.500044614645,0.0,-0.409836065574,-3.500044614645,0.0,              65P   1739
-0.578370795177,-3.488843431982,0.0,-0.409836065574,                  65P   1740
-3.488843431982,0.0,-0.579896681751,-3.477636036745,0.0,              65P   1741
-0.409836065574,-3.477636036745,0.0,-0.581370125044,                  65P   1742
-3.466428641507,0.0,-0.409836065574,-3.466428641507,0.0,              65P   1743
-0.582843568338,-3.455214320339,0.0,-0.409836065574,                  65P   1744
-3.455214320339,0.0,-0.584261546481,-3.443992560054,0.0,              65P   1745
-0.409836065574,-3.443992560054,0.0,-0.585622334725,                  65P   1746
-3.399105518915,0.0,-0.409836065574,-3.399105518915,0.0,              65P   1747
-0.591065487699,-3.354121931441,0.0,-0.409836065574,                  65P   1748
-3.354121931441,0.0,-0.595681523341,-3.309084458195,0.0,              65P   1749
-0.409836065574,-3.309084458195,0.0,-0.599668622204,                  65P   1750
-3.26404698495,0.0,-0.409836065574,-3.26404698495,0.0,                65P   1751
-0.603655721067,-3.218954053798,0.0,-0.409836065574,                  65P   1752
-3.218954053798,0.0,-0.607005417333,-3.173830813043,0.0,              65P   1753
-0.409836065574,-3.173830813043,0.0,-0.609854838152,                  65P   1754
-3.083584331532,0.0,-0.409836065574,-3.083584331532,0.0,              65P   1755
-0.61555367979,-2.993217203744,0.0,-0.409836065574,                   65P   1756
-2.993217203744,0.0,-0.619244108967,-2.90282349767,0.0,               65P   1757
-0.409836065574,-2.90282349767,0.0,-0.621565376775,                   65P   1758
-2.880225071152,0.0,-0.409836065574,-2.880225071152,0.0,              65P   1759
-0.622145693727,-2.857623392725,0.0,-0.409836065574,                  65P   1760
-2.857623392725,0.0,-0.622628770011,-2.835020746865,0.0,              65P   1761
-0.409836065574,-2.835020746865,0.0,-0.623033699432,                  65P   1762
-2.812418101005,0.0,-0.409836065574,-2.812418101005,0.0,              65P   1763
-0.623438628854,-2.789814664377,0.0,-0.409836065574,                  65P   1764
-2.789814664377,0.0,-0.623766657426,-2.76720965434,0.0,               65P   1765
-0.409836065574,-2.76720965434,0.0,-0.624011281508,                   65P   1766
-2.721999634267,0.0,-0.409836065574,-2.721999634267,0.0,              65P   1767
-0.624500529671,-2.67678714588,0.0,-0.409836065574,                   65P   1768
-2.67678714588,0.0,-0.62469020083,-2.63157476401,0.0,                 65P   1769
-0.409836065574,-2.63157476401,0.0,-0.62460776758,                    65P   1770
-2.54115000027,0.0,-0.409836065574,-2.54115000027,0.0,                65P   1771
-0.62444290108,-2.450728954567,0.0,-0.409836065574,                   65P   1772
-2.450728954567,0.0,-0.623216991989,-2.360328103622,0.0,              65P   1773
-0.409836065574,-2.360328103622,0.0,-0.621161183863,                  65P   1774
-2.31512767815,0.0,-0.409836065574,-2.31512767815,0.0,                65P   1775
-0.620133279801,-2.269931729548,0.0,-0.409836065574,                  65P   1776
-2.269931729548,0.0,-0.618891264029,-2.224741883796,0.0,              65P   1777
-0.409836065574,-2.224741883796,0.0,-0.617463234718,                  65P   1778
-2.179552038044,0.0,-0.409836065574,-2.179552038044,0.0,              65P   1779
-0.616035205407,-2.134368119931,0.0,-0.409836065574,                  65P   1780
-2.134368119931,0.0,-0.614421583003,-2.089190802828,0.0,              65P   1781
-0.409836065574,-2.089190802828,0.0,-0.612636353723,                  65P   1782
-1.998836168621,0.0,-0.409836065574,-1.998836168621,0.0,              65P   1783
-0.609065895164,-1.908508447178,0.0,-0.409836065574,                  65P   1784
-1.908508447178,0.0,-0.604832872853,-1.818209951392,0.0,              65P   1785
-0.409836065574,-1.818209951392,0.0,-0.600040338915,                  65P   1786
-1.637612959822,0.0,-0.409836065574,-1.637612959822,0.0,              65P   1787
-0.59045527104,-1.457133988957,0.0,-0.409836065574,                   65P   1788
-1.457133988957,0.0,-0.578709324182,-1.276771188073,0.0,              65P   1789
-0.409836065574,-1.276771188073,0.0,-0.565410220522,                  65P   1790
-1.096408387189,0.0,-0.409836065574,-1.096408387189,0.0,              65P   1791
-0.552111116863,-0.916160319131,0.0,-0.409836065574,                  65P   1792
-0.916160319131,0.0,-0.537262815716,-0.736023876315,0.0,              65P   1793
-0.409836065574,-0.736023876315,0.0,-0.521166453542,                  65P   1794
-0.5558874335,0.0,-0.409836065574,-0.5558874335,0.0,                  65P   1795
-0.505070091369,-0.375861903397,0.0,-0.409836065574,                  65P   1796
-0.375861903397,0.0,-0.487726710485,-0.195958458517,0.0,              65P   1797
-0.409836065574,-0.195958458517,0.0,-0.469189828003,                  65P   1798
-0.016055013637,0.0,-0.409836065574,-0.016055013637,0.0,              65P   1799
-0.450652945522,0.163726789557,0.0,-0.409836065574,                   65P   1800
0.163726789556,0.0,-0.430921220056,0.34335154827,0.0,                 65P   1801
-0.409836065574,0.34335154827,0.0,-0.409836065574,0.0,1.0,0.0,        65P   1802
32.0,,1,67;                                                           65P   1803
406,1,35HSurf_ATBOBIFKXI, Wings, 1, 1, lower;                         67P   1804
128,1,96,1,3,0,0,1,0,0,0.0,0.0,1.0,1.0,0.0,0.0,0.0,0.0,1.0,1.0,       69P   1805
1.0,2.0,2.0,2.0,3.0,3.0,3.0,4.0,4.0,4.0,5.0,5.0,5.0,6.0,6.0,6.0,      69P   1806
7.0,7.0,7.0,8.0,8.0,8.0,9.0,9.0,9.0,10.0,10.0,10.0,11.0,11.0,         69P   1807
11.0,12.0,12.0,12.0,13.0,13.0,13.0,14.0,14.0,14.0,15.0,15.0,          69P   1808
15.0,16.0,16.0,16.0,17.0,17.0,17.0,18.0,18.0,18.0,19.0,19.0,          69P   1809
19.0,20.0,20.0,20.0,21.0,21.0,21.0,22.0,22.0,22.0,23.0,23.0,          69P   1810
23.0,24.0,24.0,24.0,25.0,25.0,25.0,26.0,26.0,26.0,27.0,27.0,          69P   1811
27.0,28.0,28.0,28.0,29.0,29.0,29.0,30.0,30.0,30.0,31.0,31.0,          69P   1812
31.0,32.0,32.0,32.0,32.0,1.0,1.0,1.0,1.0,1.0,1.0,1.0,1.0,1.0,         69P   1813
1.0,1.0,1.0,1.0,1.0,1.0,1.0,1.0,1.0,1.0,1.0,1.0,1.0,1.0,1.0,1.0,      69P   1814
1.0,1.0,1.0,1.0,1.0,1.0,1.0,1.0,1.0,1.0,1.0,1.0,1.0,1.0,1.0,1.0,      69P   1815
1.0,1.0,1.0,1.0,1.0,1.0,1.0,1.0,1.0,1.0,1.0,1.0,1.0,1.0,1.0,1.0,      69P   1816
1.0,1.0,1.0,1.0,1.0,1.0,1.0,1.0,1.0,1.0,1.0,1.0,1.0,1.0,1.0,1.0,      69P   1817
1.0,1.0,1.0,1.0,1.0,1.0,1.0,1.0,1.0,1.0,1.0,1.0,1.0,1.0,1.0,1.0,      69P   1818
1.0,1.0,1.0,1.0,1.0,1.0,1.0,1.0,1.0,1.0,1.0,1.0,1.0,1.0,1.0,1.0,      69P   1819
1.0,1.0,1.0,1.0,1.0,1.0,1.0,1.0,1.0,1.0,1.0,1.0,1.0,1.0,1.0,1.0,      69P   1820
1.0,1.0,1.0,1.0,1.0,1.0,1.0,1.0,1.0,1.0,1.0,1.0,1.0,1.0,1.0,1.0,      69P   1821
1.0,1.0,1.0,1.0,1.0,1.0,1.0,1.0,1.0,1.0,1.0,1.0,1.0,1.0,1.0,1.0,      69P   1822
1.0,1.0,1.0,1.0,1.0,1.0,1.0,1.0,1.0,1.0,1.0,1.0,1.0,1.0,1.0,1.0,      69P   1823
1.0,1.0,1.0,1.0,1.0,1.0,1.0,1.0,1.0,1.0,1.0,1.0,1.0,1.0,1.0,1.0,      69P   1824
1.0,1.0,1.0,1.0,1.0,1.0,1.0,1.0,1.0,0.34335154827,0.0,                69P   1825
-0.409836065574,0.34335154827,0.0,-0.409836065574,                    69P   1826
0.163726789557,0.0,-0.409836065574,0.163726789557,0.0,                69P   1827
-0.388750911091,-0.016055013637,0.0,-0.409836065574,                  69P   1828
-0.016055013637,0.0,-0.369019185626,-0.195958458517,0.0,              69P   1829
-0.409836065574,-0.195958458517,0.0,-0.350482303144,                  69P   1830
-0.375861903397,0.0,-0.409836065574,-0.375861903397,0.0,              69P   1831
-0.331945420662,-0.5558874335,0.0,-0.409836065574,-0.5558874335,      69P   1832
0.0,-0.314602039779,-0.736023876315,0.0,-0.409836065574,              69P   1833
-0.736023876315,0.0,-0.298505677605,-0.916160319131,0.0,              69P   1834
-0.409836065574,-0.916160319131,0.0,-0.282409315432,                  69P   1835
-1.096408387189,0.0,-0.409836065574,-1.096408387189,0.0,              69P   1836
-0.267561014285,-1.276771188073,0.0,-0.409836065574,                  69P   1837
-1.276771188073,0.0,-0.254261910625,-1.457133988957,0.0,              69P   1838
-0.409836065574,-1.457133988957,0.0,-0.240962806966,                  69P   1839
-1.637612959822,0.0,-0.409836065574,-1.637612959822,0.0,              69P   1840
-0.229216860108,-1.818209951392,0.0,-0.409836065574,                  69P   1841
-1.818209951392,0.0,-0.219631792233,-1.908508447178,0.0,              69P   1842
-0.409836065574,-1.908508447178,0.0,-0.214839258295,                  69P   1843
-1.998836168621,0.0,-0.409836065574,-1.998836168621,0.0,              69P   1844
-0.210606235983,-2.089190802828,0.0,-0.409836065574,                  69P   1845
-2.089190802828,0.0,-0.207035777424,-2.134368119931,0.0,              69P   1846
-0.409836065574,-2.134368119931,0.0,-0.205250548144,                  69P   1847
-2.179552038044,0.0,-0.409836065574,-2.179552038044,0.0,              69P   1848
-0.203636925741,-2.224741883796,0.0,-0.409836065574,                  69P   1849
-2.224741883796,0.0,-0.20220889643,-2.269931729548,0.0,               69P   1850
-0.409836065574,-2.269931729548,0.0,-0.200780867119,                  69P   1851
-2.31512767815,0.0,-0.409836065574,-2.31512767815,0.0,                69P   1852
-0.199538851347,-2.360328103622,0.0,-0.409836065574,                  69P   1853
-2.360328103622,0.0,-0.198510947284,-2.450728954567,0.0,              69P   1854
-0.409836065574,-2.450728954567,0.0,-0.196455139159,                  69P   1855
-2.54115000027,0.0,-0.409836065574,-2.54115000027,0.0,                69P   1856
-0.195229230068,-2.63157476401,0.0,-0.409836065574,                   69P   1857
-2.63157476401,0.0,-0.195064363568,-2.67678714588,0.0,                69P   1858
-0.409836065574,-2.67678714588,0.0,-0.194981930317,                   69P   1859
-2.721999634267,0.0,-0.409836065574,-2.721999634267,0.0,              69P   1860
-0.195171601477,-2.76720965434,0.0,-0.409836065574,                   69P   1861
-2.76720965434,0.0,-0.19566084964,-2.789814664377,0.0,                69P   1862
-0.409836065574,-2.789814664377,0.0,-0.195905473721,                  69P   1863
-2.812418101005,0.0,-0.409836065574,-2.812418101005,0.0,              69P   1864
-0.196233502294,-2.835020746865,0.0,-0.409836065574,                  69P   1865
-2.835020746865,0.0,-0.196638431715,-2.857623392725,0.0,              69P   1866
-0.409836065574,-2.857623392725,0.0,-0.197043361137,                  69P   1867
-2.880225071152,0.0,-0.409836065574,-2.880225071152,0.0,              69P   1868
-0.197526437421,-2.90282349767,0.0,-0.409836065574,                   69P   1869
-2.90282349767,0.0,-0.198106754373,-2.993217203744,0.0,               69P   1870
-0.409836065574,-2.993217203744,0.0,-0.200428022181,                  69P   1871
-3.083584331532,0.0,-0.409836065574,-3.083584331532,0.0,              69P   1872
-0.204118451357,-3.173830813043,0.0,-0.409836065574,                  69P   1873
-3.173830813043,0.0,-0.209817292995,-3.218954053798,0.0,              69P   1874
-0.409836065574,-3.218954053798,0.0,-0.212666713814,                  69P   1875
-3.26404698495,0.0,-0.409836065574,-3.26404698495,0.0,                69P   1876
-0.216016410081,-3.309084458195,0.0,-0.409836065574,                  69P   1877
-3.309084458195,0.0,-0.220003508944,-3.354121931441,0.0,              69P   1878
-0.409836065574,-3.354121931441,0.0,-0.223990607807,                  69P   1879
-3.399105518915,0.0,-0.409836065574,-3.399105518915,0.0,              69P   1880
-0.228606643449,-3.443992560054,0.0,-0.409836065574,                  69P   1881
-3.443992560054,0.0,-0.234049796423,-3.455214320339,0.0,              69P   1882
-0.409836065574,-3.455214320339,0.0,-0.235410584667,                  69P   1883
-3.466428641507,0.0,-0.409836065574,-3.466428641507,0.0,              69P   1884
-0.23682856281,-3.477636036745,0.0,-0.409836065574,                   69P   1885
-3.477636036745,0.0,-0.238302006103,-3.488843431982,0.0,              69P   1886
-0.409836065574,-3.488843431982,0.0,-0.239775449396,                  69P   1887
-3.500044614645,0.0,-0.409836065574,-3.500044614645,0.0,              69P   1888
-0.241301335971,-3.511235400711,0.0,-0.409836065574,                  69P   1889
-3.511235400711,0.0,-0.242896051949,-3.533616972845,0.0,              69P   1890
-0.409836065574,-3.533616972845,0.0,-0.246085483905,                  69P   1891
-3.555963483595,0.0,-0.409836065574,-3.555963483595,0.0,              69P   1892
-0.249525527355,-3.578260944759,0.0,-0.409836065574,                  69P   1893
-3.578260944759,0.0,-0.253267248719,-3.600558405923,0.0,              69P   1894
-0.409836065574,-3.600558405923,0.0,-0.257008970082,                  69P   1895
-3.622801688242,0.0,-0.409836065574,-3.622801688242,0.0,              69P   1896
-0.261069757553,-3.644970618263,0.0,-0.409836065574,                  69P   1897
-3.644970618263,0.0,-0.265515077576,-3.667139548284,0.0,              69P   1898
-0.409836065574,-3.667139548284,0.0,-0.269960397598,                  69P   1899
-3.689228952683,0.0,-0.409836065574,-3.689228952683,0.0,              69P   1900
-0.27480683732,-3.711191957993,0.0,-0.409836065574,                   69P   1901
-3.711191957993,0.0,-0.28018486145,-3.722173460649,0.0,               69P   1902
-0.409836065574,-3.722173460649,0.0,-0.282873873515,                  69P   1903
-3.733122368444,0.0,-0.409836065574,-3.733122368444,0.0,              69P   1904
-0.285698849906,-3.744023432124,0.0,-0.409836065574,                  69P   1905
-3.744023432124,0.0,-0.288696099869,-3.754924495804,0.0,              69P   1906
-0.409836065574,-3.754924495804,0.0,-0.291693349833,                  69P   1907
-3.765784663623,0.0,-0.409836065574,-3.765784663623,0.0,              69P   1908
-0.294847103446,-3.77658073855,0.0,-0.409836065574,                   69P   1909
-3.77658073855,0.0,-0.298209148938,-3.787376813476,0.0,               69P   1910
-0.409836065574,-3.787376813476,0.0,-0.30157119443,                   69P   1911
-3.798106605815,0.0,-0.409836065574,-3.798106605815,0.0,              69P   1912
-0.305146191697,-3.808744662308,0.0,-0.409836065574,                  69P   1913
-3.808744662308,0.0,-0.308983066522,-3.814063690555,0.0,              69P   1914
-0.409836065574,-3.814063690555,0.0,-0.310901503935,                  69P   1915
-3.819356976409,0.0,-0.409836065574,-3.819356976409,0.0,              69P   1916
-0.312890649422,-3.824620752798,0.0,-0.409836065574,                  69P   1917
-3.824620752798,0.0,-0.314956628691,-3.829884529187,0.0,              69P   1918
-0.409836065574,-3.829884529187,0.0,-0.317022607959,                  69P   1919
-3.835118486917,0.0,-0.409836065574,-3.835118486917,0.0,              69P   1920
-0.319166640626,-3.840309488355,0.0,-0.409836065574,                  69P   1921
-3.840309488355,0.0,-0.321408797653,-3.850691491232,0.0,              69P   1922
-0.409836065574,-3.850691491232,0.0,-0.325893111707,                  69P   1923
-3.860928519325,0.0,-0.409836065574,-3.860928519325,0.0,              69P   1924
-0.330734311273,-3.870871230506,0.0,-0.409836065574,                  69P   1925
-3.870871230506,0.0,-0.336132693347,-3.875842586096,0.0,              69P   1926
-0.409836065574,-3.875842586096,0.0,-0.338831884384,                  69P   1927
-3.88073835986,0.0,-0.409836065574,-3.88073835986,0.0,                69P   1928
-0.341671753129,-3.885526307552,0.0,-0.409836065574,                  69P   1929
-3.885526307552,0.0,-0.344687225854,-3.890314255244,0.0,              69P   1930
-0.409836065574,-3.890314255244,0.0,-0.347702698579,                  69P   1931
-3.894994359913,0.0,-0.409836065574,-3.894994359913,0.0,              69P   1932
-0.350894825614,-3.899499206657,0.0,-0.409836065574,                  69P   1933
-3.899499206657,0.0,-0.354319859578,-3.904004053401,0.0,              69P   1934
-0.409836065574,-3.904004053401,0.0,-0.357744893541,                  69P   1935
-3.90834350835,0.0,-0.409836065574,-3.90834350835,0.0,                69P   1936
-0.361397328522,-3.912398932767,0.0,-0.409836065574,                  69P   1937
-3.912398932767,0.0,-0.365350291295,-3.916454357183,0.0,              69P   1938
-0.409836065574,-3.916454357183,0.0,-0.369303254068,                  69P   1939
-3.920225373513,0.0,-0.409836065574,-3.920225373513,0.0,              69P   1940
-0.373561237678,-3.923497437188,0.0,-0.409836065574,                  69P   1941
-3.923497437188,0.0,-0.378187932511,-3.926769500864,0.0,              69P   1942
-0.409836065574,-3.926769500864,0.0,-0.382814627343,                  69P   1943
-3.92953688512,0.0,-0.409836065574,-3.92953688512,0.0,                69P   1944
-0.387823758778,-3.931457947375,0.0,-0.409836065574,                  69P   1945
-3.931457947375,0.0,-0.393158890697,-3.932418478503,0.0,              69P   1946
-0.409836065574,-3.932418478503,0.0,-0.395826456657,                  69P   1947
-3.93316691443,0.0,-0.409836065574,-3.93316691443,0.0,                69P   1948
-0.398571869341,-3.93366930021,0.0,-0.409836065574,                   69P   1949
-3.93366930021,0.0,-0.40136532265,-3.93417168599,0.0,                 69P   1950
-0.409836065574,-3.93417168599,0.0,-0.404158775959,                   69P   1951
-3.934426229508,0.0,-0.409836065574,-3.934426229508,0.0,              69P   1952
-0.407006007932,-3.934426229508,0.0,-0.409836065574,                  69P   1953
-3.934426229508,0.0,-0.409836065574,0.0,1.0,0.0,32.0,,1,71;           69P   1954
406,1,35HSurf_ATBOBIFKXI, Wings, 1, 4, upper;                         71P   1955
128,1,96,1,3,0,0,1,0,0,0.0,0.0,1.0,1.0,0.0,0.0,0.0,0.0,1.0,1.0,       73P   1956
1.0,2.0,2.0,2.0,3.0,3.0,3.0,4.0,4.0,4.0,5.0,5.0,5.0,6.0,6.0,6.0,      73P   1957
7.0,7.0,7.0,8.0,8.0,8.0,9.0,9.0,9.0,10.0,10.0,10.0,11.0,11.0,         73P   1958
11.0,12.0,12.0,12.0,13.0,13.0,13.0,14.0,14.0,14.0,15.0,15.0,          73P   1959
15.0,16.0,16.0,16.0,17.0,17.0,17.0,18.0,18.0,18.0,19.0,19.0,          73P   1960
19.0,20.0,20.0,20.0,21.0,21.0,21.0,22.0,22.0,22.0,23.0,23.0,          73P   1961
23.0,24.0,24.0,24.0,25.0,25.0,25.0,26.0,26.0,26.0,27.0,27.0,          73P   1962
27.0,28.0,28.0,28.0,29.0,29.0,29.0,30.0,30.0,30.0,31.0,31.0,          73P   1963
31.0,32.0,32.0,32.0,32.0,1.0,1.0,1.0,1.0,1.0,1.0,1.0,1.0,1.0,         73P   1964
1.0,1.0,1.0,1.0,1.0,1.0,1.0,1.0,1.0,1.0,1.0,1.0,1.0,1.0,1.0,1.0,      73P   1965
1.0,1.0,1.0,1.0,1.0,1.0,1.0,1.0,1.0,1.0,1.0,1.0,1.0,1.0,1.0,1.0,      73P   1966
1.0,1.0,1.0,1.0,1.0,1.0,1.0,1.0,1.0,1.0,1.0,1.0,1.0,1.0,1.0,1.0,      73P   1967
1.0,1.0,1.0,1.0,1.0,1.0,1.0,1.0,1.0,1.0,1.0,1.0,1.0,1.0,1.0,1.0,      73P   1968
1.0,1.0,1.0,1.0,1.0,1.0,1.0,1.0,1.0,1.0,1.0,1.0,1.0,1.0,1.0,1.0,      73P   1969
1.0,1.0,1.0,1.0,1.0,1.0,1.0,1.0,1.0,1.0,1.0,1.0,1.0,1.0,1.0,1.0,      73P   1970
1.0,1.0,1.0,1.0,1.0,1.0,1.0,1.0,1.0,1.0,1.0,1.0,1.0,1.0,1.0,1.0,      73P   1971
1.0,1.0,1.0,1.0,1.0,1.0,1.0,1.0,1.0,1.0,1.0,1.0,1.0,1.0,1.0,1.0,      73P   1972
1.0,1.0,1.0,1.0,1.0,1.0,1.0,1.0,1.0,1.0,1.0,1.0,1.0,1.0,1.0,1.0,      73P   1973
1.0,1.0,1.0,1.0,1.0,1.0,1.0,1.0,1.0,1.0,1.0,1.0,1.0,1.0,1.0,1.0,      73P   1974
1.0,1.0,1.0,1.0,1.0,1.0,1.0,1.0,1.0,1.0,1.0,1.0,1.0,1.0,1.0,1.0,      73P   1975
1.0,1.0,1.0,1.0,1.0,1.0,1.0,1.0,1.0,-3.934426229508,0.0,              73P   1976
-0.409836065574,-0.847218145143,-4.017939194644,-0.053264022605,      73P   1977
-3.934426229508,0.0,-0.412666123216,-0.847218145143,                  73P   1978
-4.018036628788,-0.054764914906,-3.93417168599,0.0,                   73P   1979
-0.415513355188,-0.847082372858,-4.018134654215,-0.056274915438,      73P   1980
-3.93366930021,0.0,-0.418306808497,-0.846814402706,                   73P   1981
-4.018230828133,-0.057756395003,-3.93316691443,0.0,                   73P   1982
-0.421100261806,-0.846546432555,-4.018327002051,-0.059237874568,      73P   1983
-3.932418478503,0.0,-0.42384567449,-0.846147220442,                   73P   1984
-4.018421522011,-0.060693876276,-3.931457947375,0.0,                  73P   1985
-0.42651324045,-0.845634877771,-4.018513361838,-0.062108592766,       73P   1986
-3.92953688512,0.0,-0.43184837237,-0.844610192431,                    73P   1987
-4.018697041493,-0.064938025744,-3.926769500864,0.0,                  73P   1988
-0.436857503805,-0.843134083018,-4.018869497497,-0.067594567679,      73P   1989
-3.923497437188,0.0,-0.441484198637,-0.841388780037,                  73P   1990
-4.01902878685,-0.07004828825,-3.920225373513,0.0,                    73P   1991
-0.446110893469,-0.839643477057,-4.019188076203,-0.072502008821,      73P   1992
-3.916454357183,0.0,-0.450368877079,-0.837632035137,                  73P   1993
-4.019334671446,-0.074760187143,-3.912398932767,0.0,                  73P   1994
-0.454321839853,-0.835468891315,-4.019470765332,-0.076856600765,      73P   1995
-3.90834350835,0.0,-0.458274802626,-0.833305747493,                   73P   1996
-4.019606859219,-0.078953014387,-3.904004053401,0.0,                  73P   1997
-0.461927237606,-0.830991103156,-4.019732606437,-0.08089004615,       73P   1998
-3.899499206657,0.0,-0.46535227157,-0.828588239633,                   73P   1999
-4.019850524619,-0.082706478094,-3.894994359913,0.0,                  73P   2000
-0.468777305533,-0.82618537611,-4.019968442801,-0.084522910039,       73P   2001
-3.890314255244,0.0,-0.471969432569,-0.823689030855,                  73P   2002
-4.020078342387,-0.086215822162,-3.885526307552,0.0,                  73P   2003
-0.474984905294,-0.821135162652,-4.020182160062,-0.087815047467,      73P   2004
-3.88073835986,0.0,-0.478000378019,-0.818581294449,                   73P   2005
-4.020285977737,-0.089414272773,-3.875842586096,0.0,                  73P   2006
-0.480840246764,-0.81596991234,-4.02038374966,-0.090920368293,        73P   2007
-3.870871230506,0.0,-0.483539437801,-0.813318215248,                  73P   2008
-4.020476678286,-0.09235185682,-3.860928519325,0.0,                   73P   2009
-0.488937819875,-0.808014821066,-4.020662535538,-0.095214833875,      73P   2010
-3.850691491232,0.0,-0.49377901944,-0.802554439661,                   73P   2011
-4.020829209929,-0.09778231485,-3.840309488355,0.0,                   73P   2012
-0.498263333494,-0.797016729407,-4.02098359735,-0.100160525222,       73P   2013
-3.835118486917,0.0,-0.500505490521,-0.79424787428,                   73P   2014
-4.021060791061,-0.101349630409,-3.829884529187,0.0,                  73P   2015
-0.502649523188,-0.791456106474,-4.021134606514,-0.102486696338,      73P   2016
-3.824620752798,0.0,-0.504715502457,-0.78864843354,                   73P   2017
-4.02120573472,-0.103582367441,-3.819356976409,0.0,                   73P   2018
-0.506781481726,-0.785840760605,-4.021276862925,-0.104678038544,      73P   2019
-3.814063690555,0.0,-0.508770627213,-0.783017347464,                  73P   2020
-4.021345345872,-0.105732961632,-3.808744662308,0.0,                  73P   2021
-0.510689064625,-0.780180203455,-4.021411394458,-0.106750385412,      73P   2022
-3.798106605815,0.0,-0.514525939451,-0.774505915436,                  73P   2023
-4.021543491631,-0.108785232971,-3.787376813476,0.0,                  73P   2024
-0.518100936717,-0.768782695961,-4.021666572799,-0.110681196429,      73P   2025
-3.77658073855,0.0,-0.521462982209,-0.763024121672,                   73P   2026
-4.021782322393,-0.112464223078,-3.765784663623,0.0,                  73P   2027
-0.524825027701,-0.757265547384,-4.021898071987,-0.114247249727,      73P   2028
-3.754924495804,0.0,-0.527978781315,-0.751472786256,                  73P   2029
-4.022006650441,-0.115919810896,-3.744023432124,0.0,                  73P   2030
-0.530976031278,-0.745658211473,-4.022109840737,-0.117509371945,      73P   2031
-3.733122368444,0.0,-0.533973281242,-0.73984363669,                   73P   2032
-4.022213031032,-0.119098932994,-3.722173460649,0.0,                  73P   2033
-0.536798257632,-0.734003542087,-4.022310290237,-0.120597130505,      73P   2034
-3.711191957993,0.0,-0.539487269698,-0.728146061543,                  73P   2035
-4.022402868418,-0.122023220718,-3.689228952683,0.0,                  73P   2036
-0.544865293828,-0.716431100454,-4.02258802478,-0.124875401144,       73P   2037
-3.667139548284,0.0,-0.549711733549,-0.704648718701,                  73P   2038
-4.022754879581,-0.127445661183,-3.644970618263,0.0,                  73P   2039
-0.554157053572,-0.692823918366,-4.022907924503,-0.129803191467,      73P   2040
-3.622801688242,0.0,-0.558602373594,-0.68099911803,                   73P   2041
-4.023060969425,-0.132160721752,-3.600558405923,0.0,                  73P   2042
-0.562663161065,-0.669134658536,-4.023200775535,-0.134314319106,      73P   2043
-3.578260944759,0.0,-0.566404882429,-0.657241300309,                  73P   2044
-4.023329596734,-0.136298702994,-3.555963483595,0.0,                  73P   2045
-0.570146603793,-0.645347942081,-4.023458417932,-0.138283086882,      73P   2046
-3.533616972845,0.0,-0.573586647243,-0.633428421041,                  73P   2047
-4.023576852866,-0.140107478956,-3.511235400711,0.0,                  73P   2048
-0.576776079199,-0.621490198428,-4.023686659665,-0.141798961771,      73P   2049
-3.500044614645,0.0,-0.578370795177,-0.615521087122,                  73P   2050
-4.023741563065,-0.142644703178,-3.488843431982,0.0,                  73P   2051
-0.579896681751,-0.609546430321,-4.023794096784,-0.143453941611,      73P   2052
-3.477636036745,0.0,-0.581370125044,-0.603568459763,                  73P   2053
-4.023844824968,-0.144235367283,-3.466428641507,0.0,                  73P   2054
-0.582843568338,-0.597590489205,-4.023895553153,-0.145016792955,      73P   2055
-3.455214320339,0.0,-0.584261546481,-0.591608824389,                  73P   2056
-4.023944371765,-0.145768803249,-3.443992560054,0.0,                  73P   2057
-0.585622334725,-0.585623191584,-4.023991221424,-0.146490483461,      73P   2058
-3.399105518915,0.0,-0.591065487699,-0.561680660364,                  73P   2059
-4.024178620063,-0.149377204307,-3.354121931441,0.0,                  73P   2060
-0.595681523341,-0.537686631795,-4.024337542438,-0.151825271885,      73P   2061
-3.309084458195,0.0,-0.599668622204,-0.513663860815,                  73P   2062
-4.024474811573,-0.153939789235,-3.26404698495,0.0,                   73P   2063
-0.603655721067,-0.489641089836,-4.024612080708,-0.156054306585,      73P   2064
-3.218954053798,0.0,-0.607005417333,-0.465588737876,                  73P   2065
-4.024727405139,-0.157830783949,-3.173830813043,0.0,                  73P   2066
-0.609854838152,-0.44152021892,-4.024825505925,-0.159341945314,       73P   2067
-3.083584331532,0.0,-0.61555367979,-0.393383181009,                   73P   2068
-4.025021707496,-0.162364268043,-2.993217203744,0.0,                  73P   2069
-0.619244108967,-0.345181790955,-4.02514876279,-0.164321449642,       73P   2070
-2.90282349767,0.0,-0.621565376775,-0.296966224172,                   73P   2071
-4.025228680153,-0.165552510426,-2.880225071152,0.0,                  73P   2072
-0.622145693727,-0.284912332476,-4.025248659493,-0.165860275622,      73P   2073
-2.857623392725,0.0,-0.622628770011,-0.272856706228,                  73P   2074
-4.025265291,-0.166116470219,-2.835020746865,0.0,                     73P   2075
-0.623033699432,-0.260800563956,-4.025279232042,-0.166331220421,      73P   2076
-2.812418101005,0.0,-0.623438628854,-0.248744421683,                  73P   2077
-4.025293173084,-0.166545970623,-2.789814664377,0.0,                  73P   2078
-0.623766657426,-0.236687857619,-4.025304466558,-0.166719937242,      73P   2079
-2.76720965434,0.0,-0.624011281508,-0.224630454306,                   73P   2080
-4.025312888555,-0.166849671137,-2.721999634267,0.0,                  73P   2081
-0.624500529671,-0.200515647681,-4.02532973255,-0.167109138927,       73P   2082
-2.67678714588,0.0,-0.62469020083,-0.176399524469,                    73P   2083
-4.02533626261,-0.167209729098,-2.63157476401,0.0,                    73P   2084
-0.62460776758,-0.152283458073,-4.025333424572,-0.167166011462,       73P   2085
-2.54115000027,0.0,-0.62444290108,-0.10405132528,                     73P   2086
-4.025327748494,-0.167078576189,-2.450728954567,0.0,                  73P   2087
-0.623216991989,-0.05582117567,-4.025285542498,-0.166428427765,       73P   2088
-2.360328103622,0.0,-0.621161183863,-0.007601797848,                  73P   2089
-4.025214764468,-0.165338150825,-2.31512767815,0.0,                   73P   2090
-0.620133279801,0.016507891064,-4.025179375453,-0.164793012354,       73P   2091
-2.269931729548,0.0,-0.618891264029,0.040615192034,                   73P   2092
-4.02513661493,-0.164134321916,-2.224741883796,0.0,                   73P   2093
-0.617463234718,0.064719237774,-4.025087450273,-0.163376981087,       73P   2094
-2.179552038044,0.0,-0.616035205407,0.088823283514,                   73P   2095
-4.025038285616,-0.162619640259,-2.134368119931,0.0,                  73P   2096
-0.614421583003,0.112924167479,-4.0249827313,-0.161763872021,         73P   2097
-2.089190802828,0.0,-0.612636353723,0.137021530498,                   73P   2098
-4.024921268846,-0.160817093821,-1.998836168621,0.0,                  73P   2099
-0.609065895164,0.185216256536,-4.024798343939,-0.15892353742,        73P   2100
-1.908508447178,0.0,-0.604832872853,0.233396627436,                   73P   2101
-4.024652608072,-0.156678597069,-1.818209951392,0.0,                  73P   2102
-0.600040338915,0.281561409511,-4.024487609157,-0.154136925414,       73P   2103
-1.637612959822,0.0,-0.59045527104,0.37789097366,                     73P   2104
-4.024157611326,-0.149053582105,-1.457133988957,0.0,                  73P   2105
-0.578709324182,0.474157586134,-4.023753218052,-0.142824238595,       73P   2106
-1.276771188073,0.0,-0.565410220522,0.570362234101,                   73P   2107
-4.02329535219,-0.135771194163,-1.096408387189,0.0,                   73P   2108
-0.552111116863,0.666566882068,-4.022837486329,-0.128718149732,       73P   2109
-0.916160319131,0.0,-0.537262815716,0.762710332099,                   73P   2110
-4.022326284194,-0.120843504162,-0.736023876315,0.0,                  73P   2111
-0.521166453542,0.858794241764,-4.021772113408,-0.112306962114,       73P   2112
-0.5558874335,0.0,-0.505070091369,0.954878151429,                     73P   2113
-4.021217942622,-0.103770420066,-0.375861903397,0.0,                  73P   2114
-0.487726710485,1.050902900789,-4.02062083907,-0.094572534322,        73P   2115
-0.195958458517,0.0,-0.469189828003,1.146862530479,                   73P   2116
-4.019982645258,-0.084741687138,-0.016055013637,0.0,                  73P   2117
-0.450652945522,1.242822160169,-4.019344451446,-0.074910839953,       73P   2118
0.163726789556,0.0,-0.430921220056,1.33871690677,                     73P   2119
-4.018665121192,-0.064446319939,0.34335154827,0.0,                    73P   2120
-0.409836065574,1.434527886603,-4.017939194644,-0.053264022605,       73P   2121
0.0,1.0,0.0,32.0,,1,75;                                               73P   2122
406,1,35HSurf_ATBOBIFKXI, Wings, 1, 7, lower;                         75P   2123
128,1,96,1,3,0,0,1,0,0,0.0,0.0,1.0,1.0,0.0,0.0,0.0,0.0,1.0,1.0,       77P   2124
1.0,2.0,2.0,2.0,3.0,3.0,3.0,4.0,4.0,4.0,5.0,5.0,5.0,6.0,6.0,6.0,      77P   2125
7.0,7.0,7.0,8.0,8.0,8.0,9.0,9.0,9.0,10.0,10.0,10.0,11.0,11.0,         77P   2126
11.0,12.0,12.0,12.0,13.0,13.0,13.0,14.0,14.0,14.0,15.0,15.0,          77P   2127
15.0,16.0,16.0,16.0,17.0,17.0,17.0,18.0,18.0,18.0,19.0,19.0,          77P   2128
19.0,20.0,20.0,20.0,21.0,21.0,21.0,22.0,22.0,22.0,23.0,23.0,          77P   2129
23.0,24.0,24.0,24.0,25.0,25.0,25.0,26.0,26.0,26.0,27.0,27.0,          77P   2130
27.0,28.0,28.0,28.0,29.0,29.0,29.0,30.0,30.0,30.0,31.0,31.0,          77P   2131
31.0,32.0,32.0,32.0,32.0,1.0,1.0,1.0,1.0,1.0,1.0,1.0,1.0,1.0,         77P   2132
1.0,1.0,1.0,1.0,1.0,1.0,1.0,1.0,1.0,1.0,1.0,1.0,1.0,1.0,1.0,1.0,      77P   2133
1.0,1.0,1.0,1.0,1.0,1.0,1.0,1.0,1.0,1.0,1.0,1.0,1.0,1.0,1.0,1.0,      77P   2134
1.0,1.0,1.0,1.0,1.0,1.0,1.0,1.0,1.0,1.0,1.0,1.0,1.0,1.0,1.0,1.0,      77P   2135
1.0,1.0,1.0,1.0,1.0,1.0,1.0,1.0,1.0,1.0,1.0,1.0,1.0,1.0,1.0,1.0,      77P   2136
1.0,1.0,1.0,1.0,1.0,1.0,1.0,1.0,1.0,1.0,1.0,1.0,1.0,1.0,1.0,1.0,      77P   2137
1.0,1.0,1.0,1.0,1.0,1.0,1.0,1.0,1.0,1.0,1.0,1.0,1.0,1.0,1.0,1.0,      77P   2138
1.0,1.0,1.0,1.0,1.0,1.0,1.0,1.0,1.0,1.0,1.0,1.0,1.0,1.0,1.0,1.0,      77P   2139
1.0,1.0,1.0,1.0,1.0,1.0,1.0,1.0,1.0,1.0,1.0,1.0,1.0,1.0,1.0,1.0,      77P   2140
1.0,1.0,1.0,1.0,1.0,1.0,1.0,1.0,1.0,1.0,1.0,1.0,1.0,1.0,1.0,1.0,      77P   2141
1.0,1.0,1.0,1.0,1.0,1.0,1.0,1.0,1.0,1.0,1.0,1.0,1.0,1.0,1.0,1.0,      77P   2142
1.0,1.0,1.0,1.0,1.0,1.0,1.0,1.0,1.0,1.0,1.0,1.0,1.0,1.0,1.0,1.0,      77P   2143
1.0,1.0,1.0,1.0,1.0,1.0,1.0,1.0,1.0,0.34335154827,0.0,                77P   2144
-0.409836065574,1.434527886603,-4.017939194644,-0.053264022605,       77P   2145
0.163726789557,0.0,-0.388750911091,1.33871690677,                     77P   2146
-4.017213268095,-0.04208172527,-0.016055013637,0.0,                   77P   2147
-0.369019185626,1.242822160169,-4.016533937841,-0.031617205256,       77P   2148
-0.195958458517,0.0,-0.350482303144,1.146862530479,                   77P   2149
-4.015895744029,-0.021786358072,-0.375861903397,0.0,                  77P   2150
-0.331945420662,1.050902900789,-4.015257550217,-0.011955510888,       77P   2151
-0.5558874335,0.0,-0.314602039779,0.954878151429,                     77P   2152
-4.014660446666,-0.002757625144,-0.736023876315,0.0,                  77P   2153
-0.298505677605,0.858794241764,-4.01410627588,0.005778916904,         77P   2154
-0.916160319131,0.0,-0.282409315432,0.762710332099,                   77P   2155
-4.013552105094,0.014315458952,-1.096408387189,0.0,                   77P   2156
-0.267561014285,0.666566882068,-4.013040902958,0.022190104523,        77P   2157
-1.276771188073,0.0,-0.254261910625,0.570362234101,                   77P   2158
-4.012583037097,0.029243148954,-1.457133988957,0.0,                   77P   2159
-0.240962806966,0.474157586134,-4.012125171236,0.036296193385,        77P   2160
-1.637612959822,0.0,-0.229216860108,0.37789097366,                    77P   2161
-4.011720777962,0.042525536896,-1.818209951392,0.0,                   77P   2162
-0.219631792233,0.281561409511,-4.011390780131,0.047608880205,        77P   2163
-1.908508447178,0.0,-0.214839258295,0.233396627436,                   77P   2164
-4.011225781216,0.050150551859,-1.998836168621,0.0,                   77P   2165
-0.210606235983,0.185216256536,-4.011080045348,0.05239549221,         77P   2166
-2.089190802828,0.0,-0.207035777424,0.137021530498,                   77P   2167
-4.010957120441,0.054289048611,-2.134368119931,0.0,                   77P   2168
-0.205250548144,0.112924167479,-4.010895657988,0.055235826812,        77P   2169
-2.179552038044,0.0,-0.203636925741,0.088823283514,                   77P   2170
-4.010840103671,0.05609159505,-2.224741883796,0.0,                    77P   2171
-0.20220889643,0.064719237774,-4.010790939014,0.056848935878,         77P   2172
-2.269931729548,0.0,-0.200780867119,0.040615192034,                   77P   2173
-4.010741774357,0.057606276706,-2.31512767815,0.0,                    77P   2174
-0.199538851347,0.016507891064,-4.010699013835,0.058264967145,        77P   2175
-2.360328103622,0.0,-0.198510947284,-0.007601797848,                  77P   2176
-4.01066362482,0.058810105615,-2.450728954567,0.0,                    77P   2177
-0.196455139159,-0.05582117567,-4.01059284679,0.059900382556,         77P   2178
-2.54115000027,0.0,-0.195229230068,-0.10405132528,                    77P   2179
-4.010550640793,0.06055053098,-2.63157476401,0.0,                     77P   2180
-0.195064363568,-0.152283458073,-4.010544964716,0.060637966252,       77P   2181
-2.67678714588,0.0,-0.194981930317,-0.176399524469,                   77P   2182
-4.010542126677,0.060681683889,-2.721999634267,0.0,                   77P   2183
-0.195171601477,-0.200515647681,-4.010548656737,0.060581093717,       77P   2184
-2.76720965434,0.0,-0.19566084964,-0.224630454306,                    77P   2185
-4.010565500732,0.060321625928,-2.789814664377,0.0,                   77P   2186
-0.195905473721,-0.236687857619,-4.010573922729,0.060191892033,       77P   2187
-2.812418101005,0.0,-0.196233502294,-0.248744421683,                  77P   2188
-4.010585216204,0.060017925414,-2.835020746865,0.0,                   77P   2189
-0.196638431715,-0.260800563956,-4.010599157245,0.059803175212,       77P   2190
-2.857623392725,0.0,-0.197043361137,-0.272856706228,                  77P   2191
-4.010613098287,0.059588425009,-2.880225071152,0.0,                   77P   2192
-0.197526437421,-0.284912332476,-4.010629729794,0.059332230413,       77P   2193
-2.90282349767,0.0,-0.198106754373,-0.296966224172,                   77P   2194
-4.010649709135,0.059024465217,-2.993217203744,0.0,                   77P   2195
-0.200428022181,-0.345181790955,-4.010729626497,0.057793404432,       77P   2196
-3.083584331532,0.0,-0.204118451357,-0.393383181009,                  77P   2197
-4.010856681792,0.055836222834,-3.173830813043,0.0,                   77P   2198
-0.209817292995,-0.44152021892,-4.011052883363,0.052813900104,        77P   2199
-3.218954053798,0.0,-0.212666713814,-0.465588737876,                  77P   2200
-4.011150984148,0.051302738739,-3.26404698495,0.0,                    77P   2201
-0.216016410081,-0.489641089836,-4.01126630858,0.049526261376,        77P   2202
-3.309084458195,0.0,-0.220003508944,-0.513663860815,                  77P   2203
-4.011403577715,0.047411744026,-3.354121931441,0.0,                   77P   2204
-0.223990607807,-0.537686631795,-4.011540846849,0.045297226675,       77P   2205
-3.399105518915,0.0,-0.228606643449,-0.561680660364,                  77P   2206
-4.011699769224,0.042849159098,-3.443992560054,0.0,                   77P   2207
-0.234049796423,-0.585623191584,-4.011887167863,0.039962438251,       77P   2208
-3.455214320339,0.0,-0.235410584667,-0.591608824389,                  77P   2209
-4.011934017523,0.03924075804,-3.466428641507,0.0,                    77P   2210
-0.23682856281,-0.597590489205,-4.011982836135,0.038488747746,        77P   2211
-3.477636036745,0.0,-0.238302006103,-0.603568459763,                  77P   2212
-4.012033564319,0.037707322074,-3.488843431982,0.0,                   77P   2213
-0.239775449396,-0.609546430321,-4.012084292504,0.036925896402,       77P   2214
-3.500044614645,0.0,-0.241301335971,-0.615521087122,                  77P   2215
-4.012136826222,0.036116657969,-3.511235400711,0.0,                   77P   2216
-0.242896051949,-0.621490198428,-4.012191729622,0.035270916561,       77P   2217
-3.533616972845,0.0,-0.246085483905,-0.633428421041,                  77P   2218
-4.012301536422,0.033579433746,-3.555963483595,0.0,                   77P   2219
-0.249525527355,-0.645347942081,-4.012419971355,0.031755041673,       77P   2220
-3.578260944759,0.0,-0.253267248719,-0.657241300309,                  77P   2221
-4.012548792554,0.029770657785,-3.600558405923,0.0,                   77P   2222
-0.257008970082,-0.669134658536,-4.012677613752,0.027786273897,       77P   2223
-3.622801688242,0.0,-0.261069757553,-0.68099911803,                   77P   2224
-4.012817419863,0.025632676542,-3.644970618263,0.0,                   77P   2225
-0.265515077576,-0.692823918366,-4.012970464784,0.023275146258,       77P   2226
-3.667139548284,0.0,-0.269960397598,-0.704648718701,                  77P   2227
-4.013123509706,0.020917615974,-3.689228952683,0.0,                   77P   2228
-0.27480683732,-0.716431100454,-4.013290364507,0.018347355935,        77P   2229
-3.711191957993,0.0,-0.28018486145,-0.728146061543,                   77P   2230
-4.013475520869,0.015495175509,-3.722173460649,0.0,                   77P   2231
-0.282873873515,-0.734003542087,-4.01356809905,0.014069085296,        77P   2232
-3.733122368444,0.0,-0.285698849906,-0.73984363669,                   77P   2233
-4.013665358255,0.012570887785,-3.744023432124,0.0,                   77P   2234
-0.288696099869,-0.745658211473,-4.013768548551,0.010981326736,       77P   2235
-3.754924495804,0.0,-0.291693349833,-0.751472786256,                  77P   2236
-4.013871738846,0.009391765687,-3.765784663623,0.0,                   77P   2237
-0.294847103446,-0.757265547384,-4.0139803173,0.007719204518,         77P   2238
-3.77658073855,0.0,-0.298209148938,-0.763024121672,                   77P   2239
-4.014096066894,0.005936177869,-3.787376813476,0.0,                   77P   2240
-0.30157119443,-0.768782695961,-4.014211816489,0.004153151219,        77P   2241
-3.798106605815,0.0,-0.305146191697,-0.774505915436,                  77P   2242
-4.014334897656,0.002257187761,-3.808744662308,0.0,                   77P   2243
-0.308983066522,-0.780180203455,-4.014466994829,0.000222340202,       77P   2244
-3.814063690555,0.0,-0.310901503935,-0.783017347464,                  77P   2245
-4.014533043415,-0.000795083577,-3.819356976409,0.0,                  77P   2246
-0.312890649422,-0.785840760605,-4.014601526363,-0.001850006665,      77P   2247
-3.824620752798,0.0,-0.314956628691,-0.78864843354,                   77P   2248
-4.014672654568,-0.002945677768,-3.829884529187,0.0,                  77P   2249
-0.317022607959,-0.791456106474,-4.014743782773,-0.004041348871,      77P   2250
-3.835118486917,0.0,-0.319166640626,-0.79424787428,                   77P   2251
-4.014817598227,-0.005178414801,-3.840309488355,0.0,                  77P   2252
-0.321408797653,-0.797016729407,-4.014894791937,-0.006367519987,      77P   2253
-3.850691491232,0.0,-0.325893111707,-0.802554439661,                  77P   2254
-4.015049179358,-0.00874573036,-3.860928519325,0.0,                   77P   2255
-0.330734311273,-0.808014821066,-4.015215853749,-0.011313211335,      77P   2256
-3.870871230506,0.0,-0.336132693347,-0.813318215248,                  77P   2257
-4.015401711001,-0.01417618839,-3.875842586096,0.0,                   77P   2258
-0.338831884384,-0.81596991234,-4.015494639627,-0.015607676917,       77P   2259
-3.88073835986,0.0,-0.341671753129,-0.818581294449,                   77P   2260
-4.015592411551,-0.017113772437,-3.885526307552,0.0,                  77P   2261
-0.344687225854,-0.821135162652,-4.015696229225,-0.018712997742,      77P   2262
-3.890314255244,0.0,-0.347702698579,-0.823689030855,                  77P   2263
-4.0158000469,-0.020312223047,-3.894994359913,0.0,                    77P   2264
-0.350894825614,-0.82618537611,-4.015909946487,-0.022005135171,       77P   2265
-3.899499206657,0.0,-0.354319859578,-0.828588239633,                  77P   2266
-4.016027864669,-0.023821567115,-3.904004053401,0.0,                  77P   2267
-0.357744893541,-0.830991103156,-4.016145782851,-0.02563799906,       77P   2268
-3.90834350835,0.0,-0.361397328522,-0.833305747493,                   77P   2269
-4.016271530069,-0.027575030822,-3.912398932767,0.0,                  77P   2270
-0.365350291295,-0.835468891315,-4.016407623955,-0.029671444444,      77P   2271
-3.916454357183,0.0,-0.369303254068,-0.837632035137,                  77P   2272
-4.016543717842,-0.031767858067,-3.920225373513,0.0,                  77P   2273
-0.373561237678,-0.839643477057,-4.016690313085,-0.034026036389,      77P   2274
-3.923497437188,0.0,-0.378187932511,-0.841388780037,                  77P   2275
-4.016849602437,-0.03647975696,-3.926769500864,0.0,                   77P   2276
-0.382814627343,-0.843134083018,-4.01700889179,-0.038933477531,       77P   2277
-3.92953688512,0.0,-0.387823758778,-0.844610192431,                   77P   2278
-4.017181347794,-0.041590019466,-3.931457947375,0.0,                  77P   2279
-0.393158890697,-0.845634877771,-4.017365027449,-0.044419452444,      77P   2280
-3.932418478503,0.0,-0.395826456657,-0.846147220442,                  77P   2281
-4.017456867277,-0.045834168933,-3.93316691443,0.0,                   77P   2282
-0.398571869341,-0.846546432555,-4.017551387237,-0.047290170641,      77P   2283
-3.93366930021,0.0,-0.40136532265,-0.846814402706,                    77P   2284
-4.017647561155,-0.048771650206,-3.93417168599,0.0,                   77P   2285
-0.404158775959,-0.847082372858,-4.017743735073,-0.050253129771,      77P   2286
-3.934426229508,0.0,-0.407006007932,-0.847218145143,                  77P   2287
-4.0178417605,-0.051763130304,-3.934426229508,0.0,                    77P   2288
-0.409836065574,-0.847218145143,-4.017939194644,-0.053264022605,      77P   2289
0.0,1.0,0.0,32.0,,1,79;                                               77P   2290
406,1,36HSurf_ATBOBIFKXI, Wings, 1, 10, upper;                        79P   2291
128,1,96,1,3,0,0,1,0,0,0.0,0.0,1.0,1.0,0.0,0.0,0.0,0.0,1.0,1.0,       81P   2292
1.0,2.0,2.0,2.0,3.0,3.0,3.0,4.0,4.0,4.0,5.0,5.0,5.0,6.0,6.0,6.0,      81P   2293
7.0,7.0,7.0,8.0,8.0,8.0,9.0,9.0,9.0,10.0,10.0,10.0,11.0,11.0,         81P   2294
11.0,12.0,12.0,12.0,13.0,13.0,13.0,14.0,14.0,14.0,15.0,15.0,          81P   2295
15.0,16.0,16.0,16.0,17.0,17.0,17.0,18.0,18.0,18.0,19.0,19.0,          81P   2296
19.0,20.0,20.0,20.0,21.0,21.0,21.0,22.0,22.0,22.0,23.0,23.0,          81P   2297
23.0,24.0,24.0,24.0,25.0,25.0,25.0,26.0,26.0,26.0,27.0,27.0,          81P   2298
27.0,28.0,28.0,28.0,29.0,29.0,29.0,30.0,30.0,30.0,31.0,31.0,          81P   2299
31.0,32.0,32.0,32.0,32.0,1.0,1.0,1.0,1.0,1.0,1.0,1.0,1.0,1.0,         81P   2300
1.0,1.0,1.0,1.0,1.0,1.0,1.0,1.0,1.0,1.0,1.0,1.0,1.0,1.0,1.0,1.0,      81P   2301
1.0,1.0,1.0,1.0,1.0,1.0,1.0,1.0,1.0,1.0,1.0,1.0,1.0,1.0,1.0,1.0,      81P   2302
1.0,1.0,1.0,1.0,1.0,1.0,1.0,1.0,1.0,1.0,1.0,1.0,1.0,1.0,1.0,1.0,      81P   2303
1.0,1.0,1.0,1.0,1.0,1.0,1.0,1.0,1.0,1.0,1.0,1.0,1.0,1.0,1.0,1.0,      81P   2304
1.0,1.0,1.0,1.0,1.0,1.0,1.0,1.0,1.0,1.0,1.0,1.0,1.0,1.0,1.0,1.0,      81P   2305
1.0,1.0,1.0,1.0,1.0,1.0,1.0,1.0,1.0,1.0,1.0,1.0,1.0,1.0,1.0,1.0,      81P   2306
1.0,1.0,1.0,1.0,1.0,1.0,1.0,1.0,1.0,1.0,1.0,1.0,1.0,1.0,1.0,1.0,      81P   2307
1.0,1.0,1.0,1.0,1.0,1.0,1.0,1.0,1.0,1.0,1.0,1.0,1.0,1.0,1.0,1.0,      81P   2308
1.0,1.0,1.0,1.0,1.0,1.0,1.0,1.0,1.0,1.0,1.0,1.0,1.0,1.0,1.0,1.0,      81P   2309
1.0,1.0,1.0,1.0,1.0,1.0,1.0,1.0,1.0,1.0,1.0,1.0,1.0,1.0,1.0,1.0,      81P   2310
1.0,1.0,1.0,1.0,1.0,1.0,1.0,1.0,1.0,1.0,1.0,1.0,1.0,1.0,1.0,1.0,      81P   2311
1.0,1.0,1.0,1.0,1.0,1.0,1.0,1.0,1.0,-0.847218145143,                  81P   2312
-4.017939194644,-0.053264022605,2.239989939223,-8.048256307447,       81P   2313
0.112636441302,-0.847218145143,-4.018036628788,-0.054764914906,       81P   2314
2.239989939223,-8.048283410258,0.111978016843,-0.847082372858,        81P   2315
-4.018134654215,-0.056274915438,2.240049442902,-8.048310677544,       81P   2316
0.111315596706,-0.846814402706,-4.018230828133,-0.057756395003,       81P   2317
2.240166883734,-8.048337429804,0.110665688395,-0.846546432555,        81P   2318
-4.018327002051,-0.059237874568,2.240284324566,-8.048364182063,       81P   2319
0.110015780083,-0.846147220442,-4.018421522011,-0.060693876276,       81P   2320
2.240459283613,-8.048390474249,0.109377048619,-0.845634877771,        81P   2321
-4.018513361838,-0.062108592766,2.240683823358,-8.048416020915,       81P   2322
0.108756428513,-0.844610192431,-4.018697041493,-0.064938025744,       81P   2323
2.241132902846,-8.048467114246,0.107515188302,-0.843134083018,        81P   2324
-4.018869497497,-0.067594567679,2.241779823841,-8.048515085546,       81P   2325
0.106349793433,-0.841388780037,-4.01902878685,-0.07004828825,         81P   2326
2.242544721843,-8.048559394338,0.105273374001,-0.839643477057,        81P   2327
-4.019188076203,-0.072502008821,2.243309619845,-8.04860370313,        81P   2328
0.104196954568,-0.837632035137,-4.019334671446,-0.074760187143,       81P   2329
2.24419115613,-8.048644480859,0.103206317306,-0.835468891315,         81P   2330
-4.019470765332,-0.076856600765,2.245139177422,-8.048682337475,       81P   2331
0.102286644386,-0.833305747493,-4.019606859219,-0.078953014387,       81P   2332
2.246087198714,-8.04872019409,0.101366971467,-0.830991103156,         81P   2333
-4.019732606437,-0.08089004615,2.247101616754,-8.048755172619,        81P   2334
0.100517217564,-0.828588239633,-4.019850524619,-0.082706478094,       81P   2335
2.248154697811,-8.048787973382,0.099720369437,-0.82618537611,         81P   2336
-4.019968442801,-0.084522910039,2.249207778868,-8.048820774144,       81P   2337
0.098923521309,-0.823689030855,-4.020078342387,-0.086215822162,       81P   2338
2.25030182931,-8.048851344411,0.098180859928,-0.821135162652,         81P   2339
-4.020182160062,-0.087815047467,2.25142108981,-8.048880222899,        81P   2340
0.097479297894,-0.818581294449,-4.020285977737,-0.089414272773,       81P   2341
2.252540350309,-8.048909101388,0.096777735859,-0.81596991234,         81P   2342
-4.02038374966,-0.090920368293,2.253684816903,-8.048936298158,        81P   2343
0.096117028807,-0.813318215248,-4.020476678286,-0.09235185682,        81P   2344
2.254846951976,-8.048962147689,0.095489050998,-0.808014821066,        81P   2345
-4.020662535538,-0.095214833875,2.257171222123,-8.049013846753,       81P   2346
0.09423309538,-0.802554439661,-4.020829209929,-0.09778231485,         81P   2347
2.259564293625,-8.049060209807,0.093106770546,-0.797016729407,        81P   2348
-4.02098359735,-0.100160525222,2.261991255336,-8.049103155051,        81P   2349
0.092063476583,-0.79424787428,-4.021060791061,-0.101349630409,        81P   2350
2.263204736192,-8.049124627673,0.091541829601,-0.791456106474,        81P   2351
-4.021134606514,-0.102486696338,2.264428258778,-8.049145160581,       81P   2352
0.091043011652,-0.78864843354,-4.02120573472,-0.103582367441,         81P   2353
2.26565875196,-8.049164945989,0.090562353145,-0.785840760605,         81P   2354
-4.021276862925,-0.104678038544,2.266889245142,-8.049184731398,       81P   2355
0.090081694637,-0.783017347464,-4.021345345872,-0.105732961632,       81P   2356
2.26812663664,-8.049203780986,0.089618911823,-0.780180203455,         81P   2357
-4.021411394458,-0.106750385412,2.269370045841,-8.04922215342,        81P   2358
0.08917257953,-0.774505915436,-4.021543491631,-0.108785232971,        81P   2359
2.271856864242,-8.049258898288,0.088279914945,-0.768782695961,        81P   2360
-4.021666572799,-0.110681196429,2.274365127386,-8.049293135214,       81P   2361
0.087448177243,-0.763024121672,-4.021782322393,-0.112464223078,       81P   2362
2.276888885161,-8.049325332751,0.08666598364,-0.757265547384,         81P   2363
-4.021898071987,-0.114247249727,2.279412642936,-8.049357530287,       81P   2364
0.085883790037,-0.751472786256,-4.022006650441,-0.115919810896,       81P   2365
2.281951383465,-8.04938773306,0.08515005639,-0.745658211473,          81P   2366
-4.022109840737,-0.117509371945,2.284499684066,-8.049416437033,       81P   2367
0.084452733955,-0.73984363669,-4.022213031032,-0.119098932994,        81P   2368
2.287047984666,-8.049445141007,0.083755411521,-0.734003542087,        81P   2369
-4.022310290237,-0.120597130505,2.289607469605,-8.049472195156,       81P   2370
0.083098169236,-0.728146061543,-4.022402868418,-0.122023220718,       81P   2371
2.292174574122,-8.049497947206,0.082472559606,-0.716431100454,        81P   2372
-4.02258802478,-0.124875401144,2.297308783156,-8.049549451306,        81P   2373
0.081221340346,-0.704648718701,-4.022754879581,-0.127445661183,       81P   2374
2.302472540028,-8.049595864544,0.080093796369,-0.692823918366,        81P   2375
-4.022907924503,-0.129803191467,2.307654887306,-8.049638436351,       81P   2376
0.079059574526,-0.68099911803,-4.023060969425,-0.132160721752,        81P   2377
2.312837234583,-8.049681008159,0.078025352683,-0.669134658536,        81P   2378
-4.023200775535,-0.134314319106,2.318036962918,-8.049719897386,       81P   2379
0.077080593907,-0.657241300309,-4.023329596734,-0.136298702994,       81P   2380
2.323249356437,-8.049755730991,0.076210067164,-0.645347942081,        81P   2381
-4.023458417932,-0.138283086882,2.328461749956,-8.049791564596,       81P   2382
0.07533954042,-0.633428421041,-4.023576852866,-0.140107478956,        81P   2383
2.333685609611,-8.049824509101,0.074539200274,-0.621490198428,        81P   2384
-4.023686659665,-0.141798961771,2.338917665435,-8.049855053557,       81P   2385
0.073797165914,-0.615521087122,-4.023741563065,-0.142644703178,       81P   2386
2.341533693346,-8.049870325785,0.073426148735,-0.609546430321,        81P   2387
-4.023794096784,-0.143453941611,2.344152151631,-8.04988493885,        81P   2388
0.073071144997,-0.603568459763,-4.023844824968,-0.144235367283,       81P   2389
2.346772062206,-8.049899049677,0.072728342402,-0.597590489205,        81P   2390
-4.023895553153,-0.145016792955,2.349391972781,-8.049913160505,       81P   2391
0.072385539807,-0.591608824389,-4.023944371765,-0.145768803249,       81P   2392
2.352013502405,-8.049926740155,0.072055641406,-0.585623191584,        81P   2393
-4.023991221424,-0.146490483461,2.354636771043,-8.049939772111,       81P   2394
0.071739048468,-0.561680660364,-4.024178620063,-0.149377204307,       81P   2395
2.365129845595,-8.049991899935,0.070472676717,-0.537686631795,        81P   2396
-4.024337542438,-0.151825271885,2.37564548942,-8.050036106647,        81P   2397
0.069398737189,-0.513663860815,-4.024474811573,-0.153939789235,       81P   2398
2.386173729919,-8.050074290175,0.068471122369,-0.489641089836,        81P   2399
-4.024612080708,-0.156054306585,2.396701970418,-8.050112473704,       81P   2400
0.067543507548,-0.465588737876,-4.024727405139,-0.157830783949,       81P   2401
2.407243175103,-8.050144552975,0.066764187043,-0.44152021892,         81P   2402
-4.024825505925,-0.159341945314,2.41779146515,-8.050171841222,        81P   2403
0.066101257662,-0.393383181009,-4.025021707496,-0.162364268043,       81P   2404
2.438888045243,-8.050226417718,0.0647753989,-0.345181790955,          81P   2405
-4.02514876279,-0.164321449642,2.460012828362,-8.050261760109,        81P   2406
0.063916805493,-0.296966224172,-4.025228680153,-0.165552510426,       81P   2407
2.481143824587,-8.050283990357,0.063376753066,-0.284912332476,        81P   2408
-4.025248659493,-0.165860275622,2.486426573644,-8.050289547919,       81P   2409
0.063241739959,-0.272856706228,-4.025265291,-0.166116470219,          81P   2410
2.491710082886,-8.050294174229,0.06312935029,-0.260800563956,         81P   2411
-4.025279232042,-0.166331220421,2.496993818282,-8.050298052145,       81P   2412
0.063035141808,-0.248744421683,-4.025293173084,-0.166545970623,       81P   2413
2.502277553678,-8.050301930061,0.062940933325,-0.236687857619,        81P   2414
-4.025304466558,-0.166719937242,2.507561473929,-8.050305071515,       81P   2415
0.062864616139,-0.224630454306,-4.025312888555,-0.166849671137,       81P   2416
2.512845761989,-8.050307414224,0.062807703349,-0.200515647681,        81P   2417
-4.02532973255,-0.167109138927,2.52341433811,-8.050312099641,         81P   2418
0.062693877767,-0.176399524469,-4.02533626261,-0.167209729098,        81P   2419
2.533983491239,-8.050313916078,0.062649749998,-0.152283458073,        81P   2420
-4.025333424572,-0.167166011462,2.544552619469,-8.050313126634,       81P   2421
0.06266892843,-0.10405132528,-4.025327748494,-0.167078576189,         81P   2422
2.565690875928,-8.050311547745,0.062707285294,-0.05582117567,         81P   2423
-4.025285542498,-0.166428427765,2.586828263235,-8.050299807496,       81P   2424
0.062992498046,-0.007601797848,-4.025214764468,-0.165338150825,       81P   2425
2.607960929689,-8.050280119494,0.063470790196,0.016507891064,         81P   2426
-4.025179375453,-0.164793012354,2.618527262917,-8.050270275494,       81P   2427
0.06370993627,0.040615192034,-4.02513661493,-0.164134321916,          81P   2428
2.629092549603,-8.050258380994,0.063998896308,0.064719237774,         81P   2429
-4.025087450273,-0.163376981087,2.639656409649,-8.050244705086,       81P   2430
0.064331133154,0.088823283514,-4.025038285616,-0.162619640259,        81P   2431
2.650220269695,-8.050231029178,0.064663370001,0.112924167479,         81P   2432
-4.0249827313,-0.161763872021,2.660782744059,-8.050215575887,         81P   2433
0.065038785838,0.137021530498,-4.024921268846,-0.160817093821,        81P   2434
2.67134367533,-8.050198479157,0.065454126714,0.185216256536,          81P   2435
-4.024798343939,-0.15892353742,2.692465537872,-8.050164285697,        81P   2436
0.066284808468,0.233396627436,-4.024652608072,-0.156678597069,        81P   2437
2.713581109118,-8.050123747016,0.067269638382,0.281561409511,         81P   2438
-4.024487609157,-0.154136925414,2.734689848393,-8.050077850021,       81P   2439
0.068384640959,0.37789097366,-4.024157611326,-0.149053582105,         81P   2440
2.776907326941,-8.049986056031,0.070614646113,0.474157586134,         81P   2441
-4.023753218052,-0.142824238595,2.819097216234,-8.049873567799,       81P   2442
0.07334738858,0.570362234101,-4.02329535219,-0.135771194163,          81P   2443
2.861259948909,-8.049746205343,0.076441479315,0.666566882068,         81P   2444
-4.022837486329,-0.128718149732,2.903422681583,-8.049618842886,       81P   2445
0.07953557005,0.762710332099,-4.022326284194,-0.120843504162,         81P   2446
2.945558593596,-8.049476644122,0.082990087902,0.858794241764,         81P   2447
-4.021772113408,-0.112306962114,2.987668411397,-8.049322492964,       81P   2448
0.086734972245,0.954878151429,-4.021217942622,-0.103770420066,        81P   2449
3.029778229199,-8.049168341806,0.090479856587,1.050902900789,         81P   2450
-4.02062083907,-0.094572534322,3.071862119353,-8.049002248237,        81P   2451
0.094514864921,1.146862530479,-4.019982645258,-0.084741687138,        81P   2452
3.113917470104,-8.048824724777,0.098827546273,1.242822160169,         81P   2453
-4.019344451446,-0.074910839953,3.155972820855,-8.048647201317,       81P   2454
0.103140227624,1.33871690677,-4.018665121192,-0.064446319939,         81P   2455
3.197999735887,-8.048458235122,0.107730894071,1.434527886603,         81P   2456
-4.017939194644,-0.053264022605,3.239989939223,-8.048256307447,       81P   2457
0.112636441302,0.0,1.0,0.0,32.0,,1,83;                                81P   2458
406,1,36HSurf_ATBOBIFKXI, Wings, 1, 13, lower;                        83P   2459
128,1,96,1,3,0,0,1,0,0,0.0,0.0,1.0,1.0,0.0,0.0,0.0,0.0,1.0,1.0,       85P   2460
1.0,2.0,2.0,2.0,3.0,3.0,3.0,4.0,4.0,4.0,5.0,5.0,5.0,6.0,6.0,6.0,      85P   2461
7.0,7.0,7.0,8.0,8.0,8.0,9.0,9.0,9.0,10.0,10.0,10.0,11.0,11.0,         85P   2462
11.0,12.0,12.0,12.0,13.0,13.0,13.0,14.0,14.0,14.0,15.0,15.0,          85P   2463
15.0,16.0,16.0,16.0,17.0,17.0,17.0,18.0,18.0,18.0,19.0,19.0,          85P   2464
19.0,20.0,20.0,20.0,21.0,21.0,21.0,22.0,22.0,22.0,23.0,23.0,          85P   2465
23.0,24.0,24.0,24.0,25.0,25.0,25.0,26.0,26.0,26.0,27.0,27.0,          85P   2466
27.0,28.0,28.0,28.0,29.0,29.0,29.0,30.0,30.0,30.0,31.0,31.0,          85P   2467
31.0,32.0,32.0,32.0,32.0,1.0,1.0,1.0,1.0,1.0,1.0,1.0,1.0,1.0,         85P   2468
1.0,1.0,1.0,1.0,1.0,1.0,1.0,1.0,1.0,1.0,1.0,1.0,1.0,1.0,1.0,1.0,      85P   2469
1.0,1.0,1.0,1.0,1.0,1.0,1.0,1.0,1.0,1.0,1.0,1.0,1.0,1.0,1.0,1.0,      85P   2470
1.0,1.0,1.0,1.0,1.0,1.0,1.0,1.0,1.0,1.0,1.0,1.0,1.0,1.0,1.0,1.0,      85P   2471
1.0,1.0,1.0,1.0,1.0,1.0,1.0,1.0,1.0,1.0,1.0,1.0,1.0,1.0,1.0,1.0,      85P   2472
1.0,1.0,1.0,1.0,1.0,1.0,1.0,1.0,1.0,1.0,1.0,1.0,1.0,1.0,1.0,1.0,      85P   2473
1.0,1.0,1.0,1.0,1.0,1.0,1.0,1.0,1.0,1.0,1.0,1.0,1.0,1.0,1.0,1.0,      85P   2474
1.0,1.0,1.0,1.0,1.0,1.0,1.0,1.0,1.0,1.0,1.0,1.0,1.0,1.0,1.0,1.0,      85P   2475
1.0,1.0,1.0,1.0,1.0,1.0,1.0,1.0,1.0,1.0,1.0,1.0,1.0,1.0,1.0,1.0,      85P   2476
1.0,1.0,1.0,1.0,1.0,1.0,1.0,1.0,1.0,1.0,1.0,1.0,1.0,1.0,1.0,1.0,      85P   2477
1.0,1.0,1.0,1.0,1.0,1.0,1.0,1.0,1.0,1.0,1.0,1.0,1.0,1.0,1.0,1.0,      85P   2478
1.0,1.0,1.0,1.0,1.0,1.0,1.0,1.0,1.0,1.0,1.0,1.0,1.0,1.0,1.0,1.0,      85P   2479
1.0,1.0,1.0,1.0,1.0,1.0,1.0,1.0,1.0,1.434527886603,                   85P   2480
-4.017939194644,-0.053264022605,3.239989939223,-8.048256307447,       85P   2481
0.112636441302,1.33871690677,-4.017213268095,-0.04208172527,          85P   2482
3.197999735887,-8.048054379773,0.117541988532,1.242822160169,         85P   2483
-4.016533937841,-0.031617205256,3.155972820855,-8.047865413577,       85P   2484
0.122132654979,1.146862530479,-4.015895744029,-0.021786358072,        85P   2485
3.113917470104,-8.047687890117,0.126445336331,1.050902900789,         85P   2486
-4.015257550217,-0.011955510888,3.071862119353,-8.047510366658,       85P   2487
0.130758017682,0.954878151429,-4.014660446666,-0.002757625144,        85P   2488
3.029778229199,-8.047344273089,0.134793026016,0.858794241764,         85P   2489
-4.01410627588,0.005778916904,2.987668411397,-8.047190121931,         85P   2490
0.138537910359,0.762710332099,-4.013552105094,0.014315458952,         85P   2491
2.945558593596,-8.047035970773,0.142282794701,0.666566882068,         85P   2492
-4.013040902958,0.022190104523,2.903422681583,-8.046893772008,        85P   2493
0.145737312553,0.570362234101,-4.012583037097,0.029243148954,         85P   2494
2.861259948909,-8.046766409552,0.148831403288,0.474157586134,         85P   2495
-4.012125171236,0.036296193385,2.819097216234,-8.046639047095,        85P   2496
0.151925494023,0.37789097366,-4.011720777962,0.042525536896,          85P   2497
2.776907326941,-8.046526558864,0.15465823649,0.281561409511,          85P   2498
-4.011390780131,0.047608880205,2.734689848393,-8.046434764874,        85P   2499
0.156888241644,0.233396627436,-4.011225781216,0.050150551859,         85P   2500
2.713581109118,-8.046388867879,0.158003244221,0.185216256536,         85P   2501
-4.011080045348,0.05239549221,2.692465537872,-8.046348329198,         85P   2502
0.158988074135,0.137021530498,-4.010957120441,0.054289048611,         85P   2503
2.67134367533,-8.046314135737,0.159818755889,0.112924167479,          85P   2504
-4.010895657988,0.055235826812,2.660782744059,-8.046297039007,        85P   2505
0.160234096766,0.088823283514,-4.010840103671,0.05609159505,          85P   2506
2.650220269695,-8.046281585717,0.160609512602,0.064719237774,         85P   2507
-4.010790939014,0.056848935878,2.639656409649,-8.046267909808,        85P   2508
0.160941749449,0.040615192034,-4.010741774357,0.057606276706,         85P   2509
2.629092549603,-8.0462542339,0.161273986295,0.016507891064,           85P   2510
-4.010699013835,0.058264967145,2.618527262917,-8.046242339401,        85P   2511
0.161562946333,-0.007601797848,-4.01066362482,0.058810105615,         85P   2512
2.607960929689,-8.0462324954,0.161802092407,-0.05582117567,           85P   2513
-4.01059284679,0.059900382556,2.586828263235,-8.046212807399,         85P   2514
0.162280384557,-0.10405132528,-4.010550640793,0.06055053098,          85P   2515
2.565690875928,-8.046201067149,0.162565597309,-0.152283458073,        85P   2516
-4.010544964716,0.060637966252,2.544552619469,-8.046199488261,        85P   2517
0.162603954173,-0.176399524469,-4.010542126677,0.060681683889,        85P   2518
2.533983491239,-8.046198698816,0.162623132605,-0.200515647681,        85P   2519
-4.010548656737,0.060581093717,2.52341433811,-8.046200515253,         85P   2520
0.162579004836,-0.224630454306,-4.010565500732,0.060321625928,        85P   2521
2.512845761989,-8.046205200671,0.162465179254,-0.236687857619,        85P   2522
-4.010573922729,0.060191892033,2.507561473929,-8.046207543379,        85P   2523
0.162408266464,-0.248744421683,-4.010585216204,0.060017925414,        85P   2524
2.502277553678,-8.046210684833,0.162331949278,-0.260800563956,        85P   2525
-4.010599157245,0.059803175212,2.496993818282,-8.046214562749,        85P   2526
0.162237740795,-0.272856706228,-4.010613098287,0.059588425009,        85P   2527
2.491710082886,-8.046218440665,0.162143532313,-0.284912332476,        85P   2528
-4.010629729794,0.059332230413,2.486426573644,-8.046223066976,        85P   2529
0.162031142645,-0.296966224172,-4.010649709135,0.059024465217,        85P   2530
2.481143824587,-8.046228624538,0.161896129538,-0.345181790955,        85P   2531
-4.010729626497,0.057793404432,2.460012828362,-8.046250854785,        85P   2532
0.16135607711,-0.393383181009,-4.010856681792,0.055836222834,         85P   2533
2.438888045243,-8.046286197177,0.160497483703,-0.44152021892,         85P   2534
-4.011052883363,0.052813900104,2.41779146515,-8.046340773672,         85P   2535
0.159171624941,-0.465588737876,-4.011150984148,0.051302738739,        85P   2536
2.407243175103,-8.04636806192,0.15850869556,-0.489641089836,          85P   2537
-4.01126630858,0.049526261376,2.396701970418,-8.046400141191,         85P   2538
0.157729375055,-0.513663860815,-4.011403577715,0.047411744026,        85P   2539
2.386173729919,-8.046438324719,0.156801760234,-0.537686631795,        85P   2540
-4.011540846849,0.045297226675,2.37564548942,-8.046476508248,         85P   2541
0.155874145414,-0.561680660364,-4.011699769224,0.042849159098,        85P   2542
2.365129845595,-8.046520714959,0.154800205886,-0.585623191584,        85P   2543
-4.011887167863,0.039962438251,2.354636771043,-8.046572842783,        85P   2544
0.153533834135,-0.591608824389,-4.011934017523,0.03924075804,         85P   2545
2.352013502405,-8.046585874739,0.153217241197,-0.597590489205,        85P   2546
-4.011982836135,0.038488747746,2.349391972781,-8.04659945439,         85P   2547
0.152887342796,-0.603568459763,-4.012033564319,0.037707322074,        85P   2548
2.346772062206,-8.046613565217,0.152544540201,-0.609546430321,        85P   2549
-4.012084292504,0.036925896402,2.344152151631,-8.046627676045,        85P   2550
0.152201737607,-0.615521087122,-4.012136826222,0.036116657969,        85P   2551
2.341533693346,-8.04664228911,0.151846733868,-0.621490198428,         85P   2552
-4.012191729622,0.035270916561,2.338917665435,-8.046657561338,        85P   2553
0.151475716689,-0.633428421041,-4.012301536422,0.033579433746,        85P   2554
2.333685609611,-8.046688105794,0.150733682329,-0.645347942081,        85P   2555
-4.012419971355,0.031755041673,2.328461749956,-8.046721050299,        85P   2556
0.149933342183,-0.657241300309,-4.012548792554,0.029770657785,        85P   2557
2.323249356437,-8.046756883903,0.149062815439,-0.669134658536,        85P   2558
-4.012677613752,0.027786273897,2.318036962918,-8.046792717508,        85P   2559
0.148192288696,-0.68099911803,-4.012817419863,0.025632676542,         85P   2560
2.312837234583,-8.046831606736,0.14724752992,-0.692823918366,         85P   2561
-4.012970464784,0.023275146258,2.307654887306,-8.046874178543,        85P   2562
0.146213308077,-0.704648718701,-4.013123509706,0.020917615974,        85P   2563
2.302472540028,-8.04691675035,0.145179086234,-0.716431100454,         85P   2564
-4.013290364507,0.018347355935,2.297308783156,-8.046963163589,        85P   2565
0.144051542257,-0.728146061543,-4.013475520869,0.015495175509,        85P   2566
2.292174574122,-8.047014667689,0.142800322997,-0.734003542087,        85P   2567
-4.01356809905,0.014069085296,2.289607469605,-8.047040419739,         85P   2568
0.142174713367,-0.73984363669,-4.013665358255,0.012570887785,         85P   2569
2.287047984666,-8.047067473888,0.141517471083,-0.745658211473,        85P   2570
-4.013768548551,0.010981326736,2.284499684066,-8.047096177861,        85P   2571
0.140820148648,-0.751472786256,-4.013871738846,0.009391765687,        85P   2572
2.281951383465,-8.047124881835,0.140122826213,-0.757265547384,        85P   2573
-4.0139803173,0.007719204518,2.279412642936,-8.047155084608,          85P   2574
0.139389092566,-0.763024121672,-4.014096066894,0.005936177869,        85P   2575
2.276888885161,-8.047187282144,0.138606898963,-0.768782695961,        85P   2576
-4.014211816489,0.004153151219,2.274365127386,-8.04721947968,         85P   2577
0.13782470536,-0.774505915436,-4.014334897656,0.002257187761,         85P   2578
2.271856864242,-8.047253716607,0.136992967658,-0.780180203455,        85P   2579
-4.014466994829,0.000222340202,2.269370045841,-8.047290461474,        85P   2580
0.136100303073,-0.783017347464,-4.014533043415,-0.000795083577,       85P   2581
2.26812663664,-8.047308833908,0.13565397078,-0.785840760605,          85P   2582
-4.014601526363,-0.001850006665,2.266889245142,-8.047327883497,       85P   2583
0.135191187966,-0.78864843354,-4.014672654568,-0.002945677768,        85P   2584
2.26565875196,-8.047347668905,0.134710529459,-0.791456106474,         85P   2585
-4.014743782773,-0.004041348871,2.264428258778,-8.047367454313,       85P   2586
0.134229870951,-0.79424787428,-4.014817598227,-0.005178414801,        85P   2587
2.263204736192,-8.047387987221,0.133731053002,-0.797016729407,        85P   2588
-4.014894791937,-0.006367519987,2.261991255336,-8.047409459843,       85P   2589
0.133209406021,-0.802554439661,-4.015049179358,-0.00874573036,        85P   2590
2.259564293625,-8.047452405087,0.132166112057,-0.808014821066,        85P   2591
-4.015215853749,-0.011313211335,2.257171222123,-8.047498768142,       85P   2592
0.131039787223,-0.813318215248,-4.015401711001,-0.01417618839,        85P   2593
2.254846951976,-8.047550467205,0.129783831605,-0.81596991234,         85P   2594
-4.015494639627,-0.015607676917,2.253684816903,-8.047576316737,       85P   2595
0.129155853796,-0.818581294449,-4.015592411551,-0.017113772437,       85P   2596
2.252540350309,-8.047603513507,0.128495146744,-0.821135162652,        85P   2597
-4.015696229225,-0.018712997742,2.25142108981,-8.047632391995,        85P   2598
0.12779358471,-0.823689030855,-4.0158000469,-0.020312223047,          85P   2599
2.25030182931,-8.047661270484,0.127092022675,-0.82618537611,          85P   2600
-4.015909946487,-0.022005135171,2.249207778868,-8.04769184075,        85P   2601
0.126349361294,-0.828588239633,-4.016027864669,-0.023821567115,       85P   2602
2.248154697811,-8.047724641513,0.125552513167,-0.830991103156,        85P   2603
-4.016145782851,-0.02563799906,2.247101616754,-8.047757442275,        85P   2604
0.124755665039,-0.833305747493,-4.016271530069,-0.027575030822,       85P   2605
2.246087198714,-8.047792420805,0.123905911136,-0.835468891315,        85P   2606
-4.016407623955,-0.029671444444,2.245139177422,-8.04783027742,        85P   2607
0.122986238217,-0.837632035137,-4.016543717842,-0.031767858067,       85P   2608
2.24419115613,-8.047868134035,0.122066565297,-0.839643477057,         85P   2609
-4.016690313085,-0.034026036389,2.243309619845,-8.047908911765,       85P   2610
0.121075928035,-0.841388780037,-4.016849602437,-0.03647975696,        85P   2611
2.242544721843,-8.047953220557,0.119999508602,-0.843134083018,        85P   2612
-4.01700889179,-0.038933477531,2.241779823841,-8.047997529349,        85P   2613
0.11892308917,-0.844610192431,-4.017181347794,-0.041590019466,        85P   2614
2.241132902846,-8.048045500649,0.117757694301,-0.845634877771,        85P   2615
-4.017365027449,-0.044419452444,2.240683823358,-8.04809659398,        85P   2616
0.11651645409,-0.846147220442,-4.017456867277,-0.045834168933,        85P   2617
2.240459283613,-8.048122140645,0.115895833984,-0.846546432555,        85P   2618
-4.017551387237,-0.047290170641,2.240284324566,-8.048148432831,       85P   2619
0.11525710252,-0.846814402706,-4.017647561155,-0.048771650206,        85P   2620
2.240166883734,-8.048175185091,0.114607194209,-0.847082372858,        85P   2621
-4.017743735073,-0.050253129771,2.240049442902,-8.048201937351,       85P   2622
0.113957285897,-0.847218145143,-4.0178417605,-0.051763130304,         85P   2623
2.239989939223,-8.048229204636,0.11329486576,-0.847218145143,         85P   2624
-4.017939194644,-0.053264022605,2.239989939223,-8.048256307447,       85P   2625
0.112636441302,0.0,1.0,0.0,32.0,,1,87;                                85P   2626
406,1,36HSurf_ATBOBIFKXI, Wings, 1, 16, upper;                        87P   2627
128,1,96,1,3,0,0,1,0,0,0.0,0.0,1.0,1.0,0.0,0.0,0.0,0.0,1.0,1.0,       89P   2628
1.0,2.0,2.0,2.0,3.0,3.0,3.0,4.0,4.0,4.0,5.0,5.0,5.0,6.0,6.0,6.0,      89P   2629
7.0,7.0,7.0,8.0,8.0,8.0,9.0,9.0,9.0,10.0,10.0,10.0,11.0,11.0,         89P   2630
11.0,12.0,12.0,12.0,13.0,13.0,13.0,14.0,14.0,14.0,15.0,15.0,          89P   2631
15.0,16.0,16.0,16.0,17.0,17.0,17.0,18.0,18.0,18.0,19.0,19.0,          89P   2632
19.0,20.0,20.0,20.0,21.0,21.0,21.0,22.0,22.0,22.0,23.0,23.0,          89P   2633
23.0,24.0,24.0,24.0,25.0,25.0,25.0,26.0,26.0,26.0,27.0,27.0,          89P   2634
27.0,28.0,28.0,28.0,29.0,29.0,29.0,30.0,30.0,30.0,31.0,31.0,          89P   2635
31.0,32.0,32.0,32.0,32.0,1.0,1.0,1.0,1.0,1.0,1.0,1.0,1.0,1.0,         89P   2636
1.0,1.0,1.0,1.0,1.0,1.0,1.0,1.0,1.0,1.0,1.0,1.0,1.0,1.0,1.0,1.0,      89P   2637
1.0,1.0,1.0,1.0,1.0,1.0,1.0,1.0,1.0,1.0,1.0,1.0,1.0,1.0,1.0,1.0,      89P   2638
1.0,1.0,1.0,1.0,1.0,1.0,1.0,1.0,1.0,1.0,1.0,1.0,1.0,1.0,1.0,1.0,      89P   2639
1.0,1.0,1.0,1.0,1.0,1.0,1.0,1.0,1.0,1.0,1.0,1.0,1.0,1.0,1.0,1.0,      89P   2640
1.0,1.0,1.0,1.0,1.0,1.0,1.0,1.0,1.0,1.0,1.0,1.0,1.0,1.0,1.0,1.0,      89P   2641
1.0,1.0,1.0,1.0,1.0,1.0,1.0,1.0,1.0,1.0,1.0,1.0,1.0,1.0,1.0,1.0,      89P   2642
1.0,1.0,1.0,1.0,1.0,1.0,1.0,1.0,1.0,1.0,1.0,1.0,1.0,1.0,1.0,1.0,      89P   2643
1.0,1.0,1.0,1.0,1.0,1.0,1.0,1.0,1.0,1.0,1.0,1.0,1.0,1.0,1.0,1.0,      89P   2644
1.0,1.0,1.0,1.0,1.0,1.0,1.0,1.0,1.0,1.0,1.0,1.0,1.0,1.0,1.0,1.0,      89P   2645
1.0,1.0,1.0,1.0,1.0,1.0,1.0,1.0,1.0,1.0,1.0,1.0,1.0,1.0,1.0,1.0,      89P   2646
1.0,1.0,1.0,1.0,1.0,1.0,1.0,1.0,1.0,1.0,1.0,1.0,1.0,1.0,1.0,1.0,      89P   2647
1.0,1.0,1.0,1.0,1.0,1.0,1.0,1.0,1.0,2.239989939223,                   89P   2648
-8.048256307447,0.112636441302,2.239989939223,-8.048256307447,        89P   2649
0.112636441302,2.239989939223,-8.048283410258,0.111978016843,         89P   2650
2.239989939223,-8.048256307447,0.112636441302,2.240049442902,         89P   2651
-8.048310677544,0.111315596706,2.240049442902,-8.048256307447,        89P   2652
0.112636441302,2.240166883734,-8.048337429804,0.110665688395,         89P   2653
2.240166883734,-8.048256307447,0.112636441302,2.240284324566,         89P   2654
-8.048364182063,0.110015780083,2.240284324566,-8.048256307447,        89P   2655
0.112636441302,2.240459283613,-8.048390474249,0.109377048619,         89P   2656
2.240459283613,-8.048256307447,0.112636441302,2.240683823358,         89P   2657
-8.048416020915,0.108756428513,2.240683823358,-8.048256307447,        89P   2658
0.112636441302,2.241132902846,-8.048467114246,0.107515188302,         89P   2659
2.241132902846,-8.048256307447,0.112636441302,2.241779823841,         89P   2660
-8.048515085546,0.106349793433,2.241779823841,-8.048256307447,        89P   2661
0.112636441302,2.242544721843,-8.048559394338,0.105273374001,         89P   2662
2.242544721843,-8.048256307447,0.112636441302,2.243309619845,         89P   2663
-8.04860370313,0.104196954568,2.243309619845,-8.048256307447,         89P   2664
0.112636441302,2.24419115613,-8.048644480859,0.103206317306,          89P   2665
2.24419115613,-8.048256307447,0.112636441302,2.245139177422,          89P   2666
-8.048682337475,0.102286644386,2.245139177422,-8.048256307447,        89P   2667
0.112636441302,2.246087198714,-8.04872019409,0.101366971467,          89P   2668
2.246087198714,-8.048256307447,0.112636441302,2.247101616754,         89P   2669
-8.048755172619,0.100517217564,2.247101616754,-8.048256307447,        89P   2670
0.112636441302,2.248154697811,-8.048787973382,0.099720369437,         89P   2671
2.248154697811,-8.048256307447,0.112636441302,2.249207778868,         89P   2672
-8.048820774144,0.098923521309,2.249207778868,-8.048256307447,        89P   2673
0.112636441302,2.25030182931,-8.048851344411,0.098180859928,          89P   2674
2.25030182931,-8.048256307447,0.112636441302,2.25142108981,           89P   2675
-8.048880222899,0.097479297894,2.25142108981,-8.048256307447,         89P   2676
0.112636441302,2.252540350309,-8.048909101388,0.096777735859,         89P   2677
2.252540350309,-8.048256307447,0.112636441302,2.253684816903,         89P   2678
-8.048936298158,0.096117028807,2.253684816903,-8.048256307447,        89P   2679
0.112636441302,2.254846951976,-8.048962147689,0.095489050998,         89P   2680
2.254846951976,-8.048256307447,0.112636441302,2.257171222123,         89P   2681
-8.049013846753,0.09423309538,2.257171222123,-8.048256307447,         89P   2682
0.112636441302,2.259564293625,-8.049060209807,0.093106770546,         89P   2683
2.259564293625,-8.048256307447,0.112636441302,2.261991255336,         89P   2684
-8.049103155051,0.092063476583,2.261991255336,-8.048256307447,        89P   2685
0.112636441302,2.263204736192,-8.049124627673,0.091541829601,         89P   2686
2.263204736192,-8.048256307447,0.112636441302,2.264428258778,         89P   2687
-8.049145160581,0.091043011652,2.264428258778,-8.048256307447,        89P   2688
0.112636441302,2.26565875196,-8.049164945989,0.090562353145,          89P   2689
2.26565875196,-8.048256307447,0.112636441302,2.266889245142,          89P   2690
-8.049184731398,0.090081694637,2.266889245142,-8.048256307447,        89P   2691
0.112636441302,2.26812663664,-8.049203780986,0.089618911823,          89P   2692
2.26812663664,-8.048256307447,0.112636441302,2.269370045841,          89P   2693
-8.04922215342,0.08917257953,2.269370045841,-8.048256307447,          89P   2694
0.112636441302,2.271856864242,-8.049258898288,0.088279914945,         89P   2695
2.271856864242,-8.048256307447,0.112636441302,2.274365127386,         89P   2696
-8.049293135214,0.087448177243,2.274365127386,-8.048256307447,        89P   2697
0.112636441302,2.276888885161,-8.049325332751,0.08666598364,          89P   2698
2.276888885161,-8.048256307447,0.112636441302,2.279412642936,         89P   2699
-8.049357530287,0.085883790037,2.279412642936,-8.048256307447,        89P   2700
0.112636441302,2.281951383465,-8.04938773306,0.08515005639,           89P   2701
2.281951383465,-8.048256307447,0.112636441302,2.284499684066,         89P   2702
-8.049416437033,0.084452733955,2.284499684066,-8.048256307447,        89P   2703
0.112636441302,2.287047984666,-8.049445141007,0.083755411521,         89P   2704
2.287047984666,-8.048256307447,0.112636441302,2.289607469605,         89P   2705
-8.049472195156,0.083098169236,2.289607469605,-8.048256307447,        89P   2706
0.112636441302,2.292174574122,-8.049497947206,0.082472559606,         89P   2707
2.292174574122,-8.048256307447,0.112636441302,2.297308783156,         89P   2708
-8.049549451306,0.081221340346,2.297308783156,-8.048256307447,        89P   2709
0.112636441302,2.302472540028,-8.049595864544,0.080093796369,         89P   2710
2.302472540028,-8.048256307447,0.112636441302,2.307654887306,         89P   2711
-8.049638436351,0.079059574526,2.307654887306,-8.048256307447,        89P   2712
0.112636441302,2.312837234583,-8.049681008159,0.078025352683,         89P   2713
2.312837234583,-8.048256307447,0.112636441302,2.318036962918,         89P   2714
-8.049719897386,0.077080593907,2.318036962918,-8.048256307447,        89P   2715
0.112636441302,2.323249356437,-8.049755730991,0.076210067164,         89P   2716
2.323249356437,-8.048256307447,0.112636441302,2.328461749956,         89P   2717
-8.049791564596,0.07533954042,2.328461749956,-8.048256307447,         89P   2718
0.112636441302,2.333685609611,-8.049824509101,0.074539200274,         89P   2719
2.333685609611,-8.048256307447,0.112636441302,2.338917665435,         89P   2720
-8.049855053557,0.073797165914,2.338917665435,-8.048256307447,        89P   2721
0.112636441302,2.341533693346,-8.049870325785,0.073426148735,         89P   2722
2.341533693346,-8.048256307447,0.112636441302,2.344152151631,         89P   2723
-8.04988493885,0.073071144997,2.344152151631,-8.048256307447,         89P   2724
0.112636441302,2.346772062206,-8.049899049677,0.072728342402,         89P   2725
2.346772062206,-8.048256307447,0.112636441302,2.349391972781,         89P   2726
-8.049913160505,0.072385539807,2.349391972781,-8.048256307447,        89P   2727
0.112636441302,2.352013502405,-8.049926740155,0.072055641406,         89P   2728
2.352013502405,-8.048256307447,0.112636441302,2.354636771043,         89P   2729
-8.049939772111,0.071739048468,2.354636771043,-8.048256307447,        89P   2730
0.112636441302,2.365129845595,-8.049991899935,0.070472676717,         89P   2731
2.365129845595,-8.048256307447,0.112636441302,2.37564548942,          89P   2732
-8.050036106647,0.069398737189,2.37564548942,-8.048256307447,         89P   2733
0.112636441302,2.386173729919,-8.050074290175,0.068471122369,         89P   2734
2.386173729919,-8.048256307447,0.112636441302,2.396701970418,         89P   2735
-8.050112473704,0.067543507548,2.396701970418,-8.048256307447,        89P   2736
0.112636441302,2.407243175103,-8.050144552975,0.066764187043,         89P   2737
2.407243175103,-8.048256307447,0.112636441302,2.41779146515,          89P   2738
-8.050171841222,0.066101257662,2.41779146515,-8.048256307447,         89P   2739
0.112636441302,2.438888045243,-8.050226417718,0.0647753989,           89P   2740
2.438888045243,-8.048256307447,0.112636441302,2.460012828362,         89P   2741
-8.050261760109,0.063916805493,2.460012828362,-8.048256307447,        89P   2742
0.112636441302,2.481143824587,-8.050283990357,0.063376753066,         89P   2743
2.481143824587,-8.048256307447,0.112636441302,2.486426573644,         89P   2744
-8.050289547919,0.063241739959,2.486426573644,-8.048256307447,        89P   2745
0.112636441302,2.491710082886,-8.050294174229,0.06312935029,          89P   2746
2.491710082886,-8.048256307447,0.112636441302,2.496993818282,         89P   2747
-8.050298052145,0.063035141808,2.496993818282,-8.048256307447,        89P   2748
0.112636441302,2.502277553678,-8.050301930061,0.062940933325,         89P   2749
2.502277553678,-8.048256307447,0.112636441302,2.507561473929,         89P   2750
-8.050305071515,0.062864616139,2.507561473929,-8.048256307447,        89P   2751
0.112636441302,2.512845761989,-8.050307414224,0.062807703349,         89P   2752
2.512845761989,-8.048256307447,0.112636441302,2.52341433811,          89P   2753
-8.050312099641,0.062693877767,2.52341433811,-8.048256307447,         89P   2754
0.112636441302,2.533983491239,-8.050313916078,0.062649749998,         89P   2755
2.533983491239,-8.048256307447,0.112636441302,2.544552619469,         89P   2756
-8.050313126634,0.06266892843,2.544552619469,-8.048256307447,         89P   2757
0.112636441302,2.565690875928,-8.050311547745,0.062707285294,         89P   2758
2.565690875928,-8.048256307447,0.112636441302,2.586828263235,         89P   2759
-8.050299807496,0.062992498046,2.586828263235,-8.048256307447,        89P   2760
0.112636441302,2.607960929689,-8.050280119494,0.063470790196,         89P   2761
2.607960929689,-8.048256307447,0.112636441302,2.618527262917,         89P   2762
-8.050270275494,0.06370993627,2.618527262917,-8.048256307447,         89P   2763
0.112636441302,2.629092549603,-8.050258380994,0.063998896308,         89P   2764
2.629092549603,-8.048256307447,0.112636441302,2.639656409649,         89P   2765
-8.050244705086,0.064331133154,2.639656409649,-8.048256307447,        89P   2766
0.112636441302,2.650220269695,-8.050231029178,0.064663370001,         89P   2767
2.650220269695,-8.048256307447,0.112636441302,2.660782744059,         89P   2768
-8.050215575887,0.065038785838,2.660782744059,-8.048256307447,        89P   2769
0.112636441302,2.67134367533,-8.050198479157,0.065454126714,          89P   2770
2.67134367533,-8.048256307447,0.112636441302,2.692465537872,          89P   2771
-8.050164285697,0.066284808468,2.692465537872,-8.048256307447,        89P   2772
0.112636441302,2.713581109118,-8.050123747016,0.067269638382,         89P   2773
2.713581109118,-8.048256307447,0.112636441302,2.734689848393,         89P   2774
-8.050077850021,0.068384640959,2.734689848393,-8.048256307447,        89P   2775
0.112636441302,2.776907326941,-8.049986056031,0.070614646113,         89P   2776
2.776907326941,-8.048256307447,0.112636441302,2.819097216234,         89P   2777
-8.049873567799,0.07334738858,2.819097216234,-8.048256307447,         89P   2778
0.112636441302,2.861259948909,-8.049746205343,0.076441479315,         89P   2779
2.861259948909,-8.048256307447,0.112636441302,2.903422681583,         89P   2780
-8.049618842886,0.07953557005,2.903422681583,-8.048256307447,         89P   2781
0.112636441302,2.945558593596,-8.049476644122,0.082990087902,         89P   2782
2.945558593596,-8.048256307447,0.112636441302,2.987668411397,         89P   2783
-8.049322492964,0.086734972245,2.987668411397,-8.048256307447,        89P   2784
0.112636441302,3.029778229199,-8.049168341806,0.090479856587,         89P   2785
3.029778229199,-8.048256307447,0.112636441302,3.071862119353,         89P   2786
-8.049002248237,0.094514864921,3.071862119353,-8.048256307447,        89P   2787
0.112636441302,3.113917470104,-8.048824724777,0.098827546273,         89P   2788
3.113917470104,-8.048256307447,0.112636441302,3.155972820855,         89P   2789
-8.048647201317,0.103140227624,3.155972820855,-8.048256307447,        89P   2790
0.112636441302,3.197999735887,-8.048458235122,0.107730894071,         89P   2791
3.197999735887,-8.048256307447,0.112636441302,3.239989939223,         89P   2792
-8.048256307447,0.112636441302,3.239989939223,-8.048256307447,        89P   2793
0.112636441302,0.0,1.0,0.0,32.0,,1,91;                                89P   2794
406,1,36HSurf_ATBOBIFKXI, Wings, 1, 19, lower;                        91P   2795
128,1,96,1,3,0,0,1,0,0,0.0,0.0,1.0,1.0,0.0,0.0,0.0,0.0,1.0,1.0,       93P   2796
1.0,2.0,2.0,2.0,3.0,3.0,3.0,4.0,4.0,4.0,5.0,5.0,5.0,6.0,6.0,6.0,      93P   2797
7.0,7.0,7.0,8.0,8.0,8.0,9.0,9.0,9.0,10.0,10.0,10.0,11.0,11.0,         93P   2798
11.0,12.0,12.0,12.0,13.0,13.0,13.0,14.0,14.0,14.0,15.0,15.0,          93P   2799
15.0,16.0,16.0,16.0,17.0,17.0,17.0,18.0,18.0,18.0,19.0,19.0,          93P   2800
19.0,20.0,20.0,20.0,21.0,21.0,21.0,22.0,22.0,22.0,23.0,23.0,          93P   2801
23.0,24.0,24.0,24.0,25.0,25.0,25.0,26.0,26.0,26.0,27.0,27.0,          93P   2802
27.0,28.0,28.0,28.0,29.0,29.0,29.0,30.0,30.0,30.0,31.0,31.0,          93P   2803
31.0,32.0,32.0,32.0,32.0,1.0,1.0,1.0,1.0,1.0,1.0,1.0,1.0,1.0,         93P   2804
1.0,1.0,1.0,1.0,1.0,1.0,1.0,1.0,1.0,1.0,1.0,1.0,1.0,1.0,1.0,1.0,      93P   2805
1.0,1.0,1.0,1.0,1.0,1.0,1.0,1.0,1.0,1.0,1.0,1.0,1.0,1.0,1.0,1.0,      93P   2806
1.0,1.0,1.0,1.0,1.0,1.0,1.0,1.0,1.0,1.0,1.0,1.0,1.0,1.0,1.0,1.0,      93P   2807
1.0,1.0,1.0,1.0,1.0,1.0,1.0,1.0,1.0,1.0,1.0,1.0,1.0,1.0,1.0,1.0,      93P   2808
1.0,1.0,1.0,1.0,1.0,1.0,1.0,1.0,1.0,1.0,1.0,1.0,1.0,1.0,1.0,1.0,      93P   2809
1.0,1.0,1.0,1.0,1.0,1.0,1.0,1.0,1.0,1.0,1.0,1.0,1.0,1.0,1.0,1.0,      93P   2810
1.0,1.0,1.0,1.0,1.0,1.0,1.0,1.0,1.0,1.0,1.0,1.0,1.0,1.0,1.0,1.0,      93P   2811
1.0,1.0,1.0,1.0,1.0,1.0,1.0,1.0,1.0,1.0,1.0,1.0,1.0,1.0,1.0,1.0,      93P   2812
1.0,1.0,1.0,1.0,1.0,1.0,1.0,1.0,1.0,1.0,1.0,1.0,1.0,1.0,1.0,1.0,      93P   2813
1.0,1.0,1.0,1.0,1.0,1.0,1.0,1.0,1.0,1.0,1.0,1.0,1.0,1.0,1.0,1.0,      93P   2814
1.0,1.0,1.0,1.0,1.0,1.0,1.0,1.0,1.0,1.0,1.0,1.0,1.0,1.0,1.0,1.0,      93P   2815
1.0,1.0,1.0,1.0,1.0,1.0,1.0,1.0,1.0,3.239989939223,                   93P   2816
-8.048256307447,0.112636441302,3.239989939223,-8.048256307447,        93P   2817
0.112636441302,3.197999735887,-8.048054379773,0.117541988532,         93P   2818
3.197999735887,-8.048256307447,0.112636441302,3.155972820855,         93P   2819
-8.047865413577,0.122132654979,3.155972820855,-8.048256307447,        93P   2820
0.112636441302,3.113917470104,-8.047687890117,0.126445336331,         93P   2821
3.113917470104,-8.048256307447,0.112636441302,3.071862119353,         93P   2822
-8.047510366658,0.130758017682,3.071862119353,-8.048256307447,        93P   2823
0.112636441302,3.029778229199,-8.047344273089,0.134793026016,         93P   2824
3.029778229199,-8.048256307447,0.112636441302,2.987668411397,         93P   2825
-8.047190121931,0.138537910359,2.987668411397,-8.048256307447,        93P   2826
0.112636441302,2.945558593596,-8.047035970773,0.142282794701,         93P   2827
2.945558593596,-8.048256307447,0.112636441302,2.903422681583,         93P   2828
-8.046893772008,0.145737312553,2.903422681583,-8.048256307447,        93P   2829
0.112636441302,2.861259948909,-8.046766409552,0.148831403288,         93P   2830
2.861259948909,-8.048256307447,0.112636441302,2.819097216234,         93P   2831
-8.046639047095,0.151925494023,2.819097216234,-8.048256307447,        93P   2832
0.112636441302,2.776907326941,-8.046526558864,0.15465823649,          93P   2833
2.776907326941,-8.048256307447,0.112636441302,2.734689848393,         93P   2834
-8.046434764874,0.156888241644,2.734689848393,-8.048256307447,        93P   2835
0.112636441302,2.713581109118,-8.046388867879,0.158003244221,         93P   2836
2.713581109118,-8.048256307447,0.112636441302,2.692465537872,         93P   2837
-8.046348329198,0.158988074135,2.692465537872,-8.048256307447,        93P   2838
0.112636441302,2.67134367533,-8.046314135737,0.159818755889,          93P   2839
2.67134367533,-8.048256307447,0.112636441302,2.660782744059,          93P   2840
-8.046297039007,0.160234096766,2.660782744059,-8.048256307447,        93P   2841
0.112636441302,2.650220269695,-8.046281585717,0.160609512602,         93P   2842
2.650220269695,-8.048256307447,0.112636441302,2.639656409649,         93P   2843
-8.046267909808,0.160941749449,2.639656409649,-8.048256307447,        93P   2844
0.112636441302,2.629092549603,-8.0462542339,0.161273986295,           93P   2845
2.629092549603,-8.048256307447,0.112636441302,2.618527262917,         93P   2846
-8.046242339401,0.161562946333,2.618527262917,-8.048256307447,        93P   2847
0.112636441302,2.607960929689,-8.0462324954,0.161802092407,           93P   2848
2.607960929689,-8.048256307447,0.112636441302,2.586828263235,         93P   2849
-8.046212807399,0.162280384557,2.586828263235,-8.048256307447,        93P   2850
0.112636441302,2.565690875928,-8.046201067149,0.162565597309,         93P   2851
2.565690875928,-8.048256307447,0.112636441302,2.544552619469,         93P   2852
-8.046199488261,0.162603954173,2.544552619469,-8.048256307447,        93P   2853
0.112636441302,2.533983491239,-8.046198698816,0.162623132605,         93P   2854
2.533983491239,-8.048256307447,0.112636441302,2.52341433811,          93P   2855
-8.046200515253,0.162579004836,2.52341433811,-8.048256307447,         93P   2856
0.112636441302,2.512845761989,-8.046205200671,0.162465179254,         93P   2857
2.512845761989,-8.048256307447,0.112636441302,2.507561473929,         93P   2858
-8.046207543379,0.162408266464,2.507561473929,-8.048256307447,        93P   2859
0.112636441302,2.502277553678,-8.046210684833,0.162331949278,         93P   2860
2.502277553678,-8.048256307447,0.112636441302,2.496993818282,         93P   2861
-8.046214562749,0.162237740795,2.496993818282,-8.048256307447,        93P   2862
0.112636441302,2.491710082886,-8.046218440665,0.162143532313,         93P   2863
2.491710082886,-8.048256307447,0.112636441302,2.486426573644,         93P   2864
-8.046223066976,0.162031142645,2.486426573644,-8.048256307447,        93P   2865
0.112636441302,2.481143824587,-8.046228624538,0.161896129538,         93P   2866
2.481143824587,-8.048256307447,0.112636441302,2.460012828362,         93P   2867
-8.046250854785,0.16135607711,2.460012828362,-8.048256307447,         93P   2868
0.112636441302,2.438888045243,-8.046286197177,0.160497483703,         93P   2869
2.438888045243,-8.048256307447,0.112636441302,2.41779146515,          93P   2870
-8.046340773672,0.159171624941,2.41779146515,-8.048256307447,         93P   2871
0.112636441302,2.407243175103,-8.04636806192,0.15850869556,           93P   2872
2.407243175103,-8.048256307447,0.112636441302,2.396701970418,         93P   2873
-8.046400141191,0.157729375055,2.396701970418,-8.048256307447,        93P   2874
0.112636441302,2.386173729919,-8.046438324719,0.156801760234,         93P   2875
2.386173729919,-8.048256307447,0.112636441302,2.37564548942,          93P   2876
-8.046476508248,0.155874145414,2.37564548942,-8.048256307447,         93P   2877
0.112636441302,2.365129845595,-8.046520714959,0.154800205886,         93P   2878
2.365129845595,-8.048256307447,0.112636441302,2.354636771043,         93P   2879
-8.046572842783,0.153533834135,2.354636771043,-8.048256307447,        93P   2880
0.112636441302,2.352013502405,-8.046585874739,0.153217241197,         93P   2881
2.352013502405,-8.048256307447,0.112636441302,2.349391972781,         93P   2882
-8.04659945439,0.152887342796,2.349391972781,-8.048256307447,         93P   2883
0.112636441302,2.346772062206,-8.046613565217,0.152544540201,         93P   2884
2.346772062206,-8.048256307447,0.112636441302,2.344152151631,         93P   2885
-8.046627676045,0.152201737607,2.344152151631,-8.048256307447,        93P   2886
0.112636441302,2.341533693346,-8.04664228911,0.151846733868,          93P   2887
2.341533693346,-8.048256307447,0.112636441302,2.338917665435,         93P   2888
-8.046657561338,0.151475716689,2.338917665435,-8.048256307447,        93P   2889
0.112636441302,2.333685609611,-8.046688105794,0.150733682329,         93P   2890
2.333685609611,-8.048256307447,0.112636441302,2.328461749956,         93P   2891
-8.046721050299,0.149933342183,2.328461749956,-8.048256307447,        93P   2892
0.112636441302,2.323249356437,-8.046756883903,0.149062815439,         93P   2893
2.323249356437,-8.048256307447,0.112636441302,2.318036962918,         93P   2894
-8.046792717508,0.148192288696,2.318036962918,-8.048256307447,        93P   2895
0.112636441302,2.312837234583,-8.046831606736,0.14724752992,          93P   2896
2.312837234583,-8.048256307447,0.112636441302,2.307654887306,         93P   2897
-8.046874178543,0.146213308077,2.307654887306,-8.048256307447,        93P   2898
0.112636441302,2.302472540028,-8.04691675035,0.145179086234,          93P   2899
2.302472540028,-8.048256307447,0.112636441302,2.297308783156,         93P   2900
-8.046963163589,0.144051542257,2.297308783156,-8.048256307447,        93P   2901
0.112636441302,2.292174574122,-8.047014667689,0.142800322997,         93P   2902
2.292174574122,-8.048256307447,0.112636441302,2.289607469605,         93P   2903
-8.047040419739,0.142174713367,2.289607469605,-8.048256307447,        93P   2904
0.112636441302,2.287047984666,-8.047067473888,0.141517471083,         93P   2905
2.287047984666,-8.048256307447,0.112636441302,2.284499684066,         93P   2906
-8.047096177861,0.140820148648,2.284499684066,-8.048256307447,        93P   2907
0.112636441302,2.281951383465,-8.047124881835,0.140122826213,         93P   2908
2.281951383465,-8.048256307447,0.112636441302,2.279412642936,         93P   2909
-8.047155084608,0.139389092566,2.279412642936,-8.048256307447,        93P   2910
0.112636441302,2.276888885161,-8.047187282144,0.138606898963,         93P   2911
2.276888885161,-8.048256307447,0.112636441302,2.274365127386,         93P   2912
-8.04721947968,0.13782470536,2.274365127386,-8.048256307447,          93P   2913
0.112636441302,2.271856864242,-8.047253716607,0.136992967658,         93P   2914
2.271856864242,-8.048256307447,0.112636441302,2.269370045841,         93P   2915
-8.047290461474,0.136100303073,2.269370045841,-8.048256307447,        93P   2916
0.112636441302,2.26812663664,-8.047308833908,0.13565397078,           93P   2917
2.26812663664,-8.048256307447,0.112636441302,2.266889245142,          93P   2918
-8.047327883497,0.135191187966,2.266889245142,-8.048256307447,        93P   2919
0.112636441302,2.26565875196,-8.047347668905,0.134710529459,          93P   2920
2.26565875196,-8.048256307447,0.112636441302,2.264428258778,          93P   2921
-8.047367454313,0.134229870951,2.264428258778,-8.048256307447,        93P   2922
0.112636441302,2.263204736192,-8.047387987221,0.133731053002,         93P   2923
2.263204736192,-8.048256307447,0.112636441302,2.261991255336,         93P   2924
-8.047409459843,0.133209406021,2.261991255336,-8.048256307447,        93P   2925
0.112636441302,2.259564293625,-8.047452405087,0.132166112057,         93P   2926
2.259564293625,-8.048256307447,0.112636441302,2.257171222123,         93P   2927
-8.047498768142,0.131039787223,2.257171222123,-8.048256307447,        93P   2928
0.112636441302,2.254846951976,-8.047550467205,0.129783831605,         93P   2929
2.254846951976,-8.048256307447,0.112636441302,2.253684816903,         93P   2930
-8.047576316737,0.129155853796,2.253684816903,-8.048256307447,        93P   2931
0.112636441302,2.252540350309,-8.047603513507,0.128495146744,         93P   2932
2.252540350309,-8.048256307447,0.112636441302,2.25142108981,          93P   2933
-8.047632391995,0.12779358471,2.25142108981,-8.048256307447,          93P   2934
0.112636441302,2.25030182931,-8.047661270484,0.127092022675,          93P   2935
2.25030182931,-8.048256307447,0.112636441302,2.249207778868,          93P   2936
-8.04769184075,0.126349361294,2.249207778868,-8.048256307447,         93P   2937
0.112636441302,2.248154697811,-8.047724641513,0.125552513167,         93P   2938
2.248154697811,-8.048256307447,0.112636441302,2.247101616754,         93P   2939
-8.047757442275,0.124755665039,2.247101616754,-8.048256307447,        93P   2940
0.112636441302,2.246087198714,-8.047792420805,0.123905911136,         93P   2941
2.246087198714,-8.048256307447,0.112636441302,2.245139177422,         93P   2942
-8.04783027742,0.122986238217,2.245139177422,-8.048256307447,         93P   2943
0.112636441302,2.24419115613,-8.047868134035,0.122066565297,          93P   2944
2.24419115613,-8.048256307447,0.112636441302,2.243309619845,          93P   2945
-8.047908911765,0.121075928035,2.243309619845,-8.048256307447,        93P   2946
0.112636441302,2.242544721843,-8.047953220557,0.119999508602,         93P   2947
2.242544721843,-8.048256307447,0.112636441302,2.241779823841,         93P   2948
-8.047997529349,0.11892308917,2.241779823841,-8.048256307447,         93P   2949
0.112636441302,2.241132902846,-8.048045500649,0.117757694301,         93P   2950
2.241132902846,-8.048256307447,0.112636441302,2.240683823358,         93P   2951
-8.04809659398,0.11651645409,2.240683823358,-8.048256307447,          93P   2952
0.112636441302,2.240459283613,-8.048122140645,0.115895833984,         93P   2953
2.240459283613,-8.048256307447,0.112636441302,2.240284324566,         93P   2954
-8.048148432831,0.11525710252,2.240284324566,-8.048256307447,         93P   2955
0.112636441302,2.240166883734,-8.048175185091,0.114607194209,         93P   2956
2.240166883734,-8.048256307447,0.112636441302,2.240049442902,         93P   2957
-8.048201937351,0.113957285897,2.240049442902,-8.048256307447,        93P   2958
0.112636441302,2.239989939223,-8.048229204636,0.11329486576,          93P   2959
2.239989939223,-8.048256307447,0.112636441302,2.239989939223,         93P   2960
-8.048256307447,0.112636441302,2.239989939223,-8.048256307447,        93P   2961
0.112636441302,0.0,1.0,0.0,32.0,,1,95;                                93P   2962
406,1,36HSurf_ATBOBIFKXI, Wings, 1, 22, upper;                        95P   2963
128,1,96,1,3,0,0,1,0,0,0.0,0.0,1.0,1.0,0.0,0.0,0.0,0.0,1.0,1.0,       97P   2964
1.0,2.0,2.0,2.0,3.0,3.0,3.0,4.0,4.0,4.0,5.0,5.0,5.0,6.0,6.0,6.0,      97P   2965
7.0,7.0,7.0,8.0,8.0,8.0,9.0,9.0,9.0,10.0,10.0,10.0,11.0,11.0,         97P   2966
11.0,12.0,12.0,12.0,13.0,13.0,13.0,14.0,14.0,14.0,15.0,15.0,          97P   2967
15.0,16.0,16.0,16.0,17.0,17.0,17.0,18.0,18.0,18.0,19.0,19.0,          97P   2968
19.0,20.0,20.0,20.0,21.0,21.0,21.0,22.0,22.0,22.0,23.0,23.0,          97P   2969
23.0,24.0,24.0,24.0,25.0,25.0,25.0,26.0,26.0,26.0,27.0,27.0,          97P   2970
27.0,28.0,28.0,28.0,29.0,29.0,29.0,30.0,30.0,30.0,31.0,31.0,          97P   2971
31.0,32.0,32.0,32.0,32.0,1.0,1.0,1.0,1.0,1.0,1.0,1.0,1.0,1.0,         97P   2972
1.0,1.0,1.0,1.0,1.0,1.0,1.0,1.0,1.0,1.0,1.0,1.0,1.0,1.0,1.0,1.0,      97P   2973
1.0,1.0,1.0,1.0,1.0,1.0,1.0,1.0,1.0,1.0,1.0,1.0,1.0,1.0,1.0,1.0,      97P   2974
1.0,1.0,1.0,1.0,1.0,1.0,1.0,1.0,1.0,1.0,1.0,1.0,1.0,1.0,1.0,1.0,      97P   2975
1.0,1.0,1.0,1.0,1.0,1.0,1.0,1.0,1.0,1.0,1.0,1.0,1.0,1.0,1.0,1.0,      97P   2976
1.0,1.0,1.0,1.0,1.0,1.0,1.0,1.0,1.0,1.0,1.0,1.0,1.0,1.0,1.0,1.0,      97P   2977
1.0,1.0,1.0,1.0,1.0,1.0,1.0,1.0,1.0,1.0,1.0,1.0,1.0,1.0,1.0,1.0,      97P   2978
1.0,1.0,1.0,1.0,1.0,1.0,1.0,1.0,1.0,1.0,1.0,1.0,1.0,1.0,1.0,1.0,      97P   2979
1.0,1.0,1.0,1.0,1.0,1.0,1.0,1.0,1.0,1.0,1.0,1.0,1.0,1.0,1.0,1.0,      97P   2980
1.0,1.0,1.0,1.0,1.0,1.0,1.0,1.0,1.0,1.0,1.0,1.0,1.0,1.0,1.0,1.0,      97P   2981
1.0,1.0,1.0,1.0,1.0,1.0,1.0,1.0,1.0,1.0,1.0,1.0,1.0,1.0,1.0,1.0,      97P   2982
1.0,1.0,1.0,1.0,1.0,1.0,1.0,1.0,1.0,1.0,1.0,1.0,1.0,1.0,1.0,1.0,      97P   2983
1.0,1.0,1.0,1.0,1.0,1.0,1.0,1.0,1.0,6.327338241015,0.0,               97P   2984
0.423568385221,6.327338241015,0.0,0.423568385221,6.244068478816,      97P   2985
0.0,0.41266630249,6.245343490371,0.0,0.402927804658,                  97P   2986
6.160725914533,0.0,0.401754688156,6.163194096288,0.0,                 97P   2987
0.382902794174,6.077326960061,0.0,0.390835690944,6.080916060299,      97P   2988
0.0,0.363422257135,5.993928005589,0.0,0.379916693732,                 97P   2989
5.998638024309,0.0,0.343941720095,5.910472455313,0.0,                 97P   2990
0.368990286721,5.916231221913,0.0,0.32500501004,5.826965488544,       97P   2991
0.0,0.358057148013,5.833697596259,0.0,0.306637522759,                 97P   2992
5.743458521775,0.0,0.347124009305,5.751163970605,0.0,                 97P   2993
0.288270035478,5.659899808201,0.0,0.336184095653,5.668503128354,      97P   2994
0.0,0.270472209135,5.57628790722,0.0,0.325237218447,                  97P   2995
5.585695419292,0.0,0.253382939552,5.492676006239,0.0,                 97P   2996
0.314290341241,5.50288771023,0.0,0.236293669968,5.409010251621,       97P   2997
0.0,0.303336413254,5.419932228708,0.0,0.219914698589,                 97P   2998
5.325289785412,0.0,0.29237532216,5.336791368037,0.0,                  97P   2999
0.204526598776,5.283429552308,0.0,0.286894776613,5.295220937702,      97P   3000
0.0,0.19683254887,5.241555770884,0.0,0.281412457254,                  97P   3001
5.253603125585,0.0,0.189395144067,5.199669513344,0.0,                 97P   3002
0.275928504461,5.211932772364,0.0,0.182262120931,5.178726384574,      97P   3003
0.0,0.273186528064,5.191097595753,0.0,0.178695609363,                 97P   3004
5.157780195734,0.0,0.270444151028,5.170248982067,0.0,                 97P   3005
0.175207956389,5.13683125898,0.0,0.267701414222,5.149386397723,       97P   3006
0.0,0.171805662625,5.115882322227,0.0,0.264958677416,                 97P   3007
5.128523813378,0.0,0.168403368861,5.094930556338,0.0,                 97P   3008
0.262215570206,5.107647151726,0.0,0.165086617862,5.073976715078,      97P   3009
0.0,0.259472191278,5.086755467448,0.0,0.16186848588,                  97P   3010
5.032069032558,0.0,0.253985433423,5.044972098892,0.0,                 97P   3011
0.155432221916,4.99015198823,0.0,0.248497449873,5.003129184836,       97P   3012
0.0,0.149378033693,4.948233220307,0.0,0.243009240663,                 97P   3013
4.96122038633,0.0,0.143813678393,4.927273836346,0.0,                  97P   3014
0.240265136058,4.940265987078,0.0,0.141031500743,4.906314403006,      97P   3015
0.0,0.237521024987,4.919295084393,0.0,0.13837499217,                  97P   3016
4.885356113918,0.0,0.234777063728,4.898307210647,0.0,                 97P   3017
0.135856997582,4.874876969374,0.0,0.233405083099,4.887813273775,      97P   3018
0.0,0.134598000288,4.864398554225,0.0,0.232033197965,                 97P   3019
4.877315022858,0.0,0.133377620117,4.853920505656,0.0,                 97P   3020
0.230661360826,4.866812488356,0.0,0.132192805762,4.843442457088,      97P   3021
0.0,0.229289523687,4.856309953854,0.0,0.131007991407,                 97P   3022
4.832964856999,0.0,0.227917745265,4.84580314232,0.0,                  97P   3023
0.12985932908,4.822488764417,0.0,0.226546164213,4.835291958184,       97P   3024
0.0,0.128755776199,4.78058439409,0.0,0.221059840006,                  97P   3025
4.793247221644,0.0,0.124341564673,4.738692344823,0.0,                 97P   3026
0.215575128932,4.751132013479,0.0,0.120561334189,4.696856224298,      97P   3027
0.0,0.210097740321,4.708951286091,0.0,0.11771604187,                  97P   3028
4.675938164036,0.0,0.207359046015,4.687860922397,0.0,                 97P   3029
0.116293395711,4.655034154584,0.0,0.20462219131,4.666754358042,       97P   3030
0.0,0.115103648942,4.634155854098,0.0,0.201888702548,                 97P   3031
4.64563495915,0.0,0.114211662156,4.613277553611,0.0,                  97P   3032
0.199155213786,4.624515560258,0.0,0.113319675369,4.592424233285,      97P   3033
0.0,0.196424995549,4.603383109951,0.0,0.112721443081,                 97P   3034
4.571615669542,0.0,0.193700637061,4.582245400744,0.0,                 97P   3035
0.112511087205,4.566413528607,0.0,0.193019547439,4.576960973443,      97P   3036
0.0,0.112458498236,4.561214836268,0.0,0.192338909324,                 97P   3037
4.571676536486,0.0,0.112432774795,4.556019354627,0.0,                 97P   3038
0.191658691569,4.566391956269,0.0,0.112433089133,4.550823872985,      97P   3039
0.0,0.190978473815,4.561107376052,0.0,0.112433403472,                 97P   3040
4.545631271345,0.0,0.190298633124,4.555822504611,0.0,                 97P   3041
0.112458316598,4.540443489319,0.0,0.18961942344,4.550538290695,       97P   3042
0.0,0.112515650633,4.530067925268,0.0,0.188261004073,                 97P   3043
4.539969862864,0.0,0.112630318703,4.51970861484,0.0,                  97P   3044
0.186904712709,4.52940253427,0.0,0.11286286349,4.509372042632,        97P   3045
0.0,0.185551398344,4.518839701544,0.0,0.113237719788,                 97P   3046
4.499035470424,0.0,0.184198083979,4.508276868818,0.0,                 97P   3047
0.113612576085,4.488724014238,0.0,0.182848057926,4.497719858304,      97P   3048
0.0,0.114138086207,4.478447026009,0.0,0.181502544585,                 97P   3049
4.487174063203,0.0,0.114845711222,4.468170037779,0.0,                 97P   3050
0.180157031245,4.476628268103,0.0,0.115553336237,4.457929915735,      97P   3051
0.0,0.178816344605,4.466095083627,0.0,0.116451051159,                 97P   3052
4.447748389299,0.0,0.177483329587,4.455588350045,0.0,                 97P   3053
0.11760195801,4.442657626081,0.0,0.176816822078,4.450334983254,       97P   3054
0.0,0.118177411436,4.437581973064,0.0,0.17615229287,                  97P   3055
4.445088504951,0.0,0.118817640345,4.43252849944,0.0,                  97P   3056
0.175490667497,4.439853788721,0.0,0.119540340246,4.427475025816,      97P   3057
0.0,0.174829042123,4.434619072492,0.0,0.120263040147,                 97P   3058
4.42244051054,0.0,0.174169898869,4.429393850891,0.0,                  97P   3059
0.121060505748,4.417435707203,0.0,0.173514645646,4.424185745897,      97P   3060
0.0,0.121958064138,4.412430903866,0.0,0.172859392423,                 97P   3061
4.418977640903,0.0,0.122855622528,4.407456827558,0.0,                 97P   3062
0.172208162133,4.413787385822,0.0,0.123855558852,4.402525277805,      97P   3063
0.0,0.171562499626,4.408623821656,0.0,0.124982015074,                 97P   3064
4.400059502929,0.0,0.171239668373,4.406042039573,0.0,                 97P   3065
0.125545243185,4.397605661613,0.0,0.170918399519,4.403467915359,      97P   3066
0.0,0.126142691291,4.395165500182,0.0,0.170598921703,                 97P   3067
4.40090282492,0.0,0.12677741728,4.392725338752,0.0,                   97P   3068
0.170279443887,4.398337734482,0.0,0.127412143268,4.390299000542,      97P   3069
0.0,0.169961775874,4.395781747403,0.0,0.128084729204,                 97P   3070
4.387892575846,0.0,0.169646715035,4.393239740294,0.0,                 97P   3071
0.128805242535,4.383079726454,0.0,0.169016593358,4.388155726077,      97P   3072
0.0,0.130246269197,4.378334083921,0.0,0.168395270729,                 97P   3073
4.383117337982,0.0,0.131860927885,4.373724879702,0.0,                 97P   3074
0.16779181127,4.37818169558,0.0,0.133750792919,4.371420277593,        97P   3075
0.0,0.16749008154,4.375713874379,0.0,0.134695725436,                  97P   3076
4.369150713419,0.0,0.167192939147,4.373272584384,0.0,                 97P   3077
0.135710219419,4.366931134846,0.0,0.166902341112,4.370870661281,      97P   3078
0.0,0.136812363118,4.364711556272,0.0,0.166611743078,                 97P   3079
4.368468738178,0.0,0.137914506816,4.362541971157,0.0,                 97P   3080
0.16632769043,4.366106126312,0.0,0.139104786369,4.360453631443,       97P   3081
0.0,0.166054274826,4.363810676052,0.0,0.140413274557,                 97P   3082
4.35836529173,0.0,0.165780859222,4.361515225791,0.0,                  97P   3083
0.141721762745,4.356353623716,0.0,0.16551748185,4.359282696374,       97P   3084
0.0,0.143145317768,4.354473625495,0.0,0.165271343329,                 97P   3085
4.357163663944,0.0,0.144724914952,4.352593627274,0.0,                 97P   3086
0.165025204808,4.355044631515,0.0,0.146304512137,4.350845473872,      97P   3087
0.0,0.164796328052,4.353038999406,0.0,0.148042249578,                 97P   3088
4.349328623043,0.0,0.164597734556,4.351242374038,0.0,                 97P   3089
0.149980565139,4.347811772214,0.0,0.164399141059,4.34944574867,       97P   3090
0.0,0.151918880701,4.34652887875,0.0,0.1642311784,                    97P   3091
4.347859954866,0.0,0.154064461234,4.345638320019,0.0,                 97P   3092
0.164114582115,4.346646782665,0.0,0.156411976401,4.345193040654,      97P   3093
0.0,0.164056283972,4.346040196565,0.0,0.157585733985,                 97P   3094
4.344846083574,0.0,0.164010858662,4.345527225388,0.0,                 97P   3095
0.158808319089,4.344613189486,0.0,0.163980367034,4.345125412203,      97P   3096
0.0,0.160068026165,4.344380295398,0.0,0.163949875405,                 97P   3097
4.344723599018,0.0,0.161327733241,4.344262295082,0.0,                 97P   3098
0.16393442623,4.344433427629,0.0,0.16262732126,4.344262295082,        97P   3099
0.0,0.16393442623,4.344262295082,0.0,0.16393442623,0.0,1.0,0.0,       97P   3100
32.0,,1,99;                                                           97P   3101
406,1,36HSurf_LJBKSMCKUS, H_Tail, 0, 1, lower;                        99P   3102
128,1,96,1,3,0,0,1,0,0,0.0,0.0,1.0,1.0,0.0,0.0,0.0,0.0,1.0,1.0,      101P   3103
1.0,2.0,2.0,2.0,3.0,3.0,3.0,4.0,4.0,4.0,5.0,5.0,5.0,6.0,6.0,6.0,     101P   3104
7.0,7.0,7.0,8.0,8.0,8.0,9.0,9.0,9.0,10.0,10.0,10.0,11.0,11.0,        101P   3105
11.0,12.0,12.0,12.0,13.0,13.0,13.0,14.0,14.0,14.0,15.0,15.0,         101P   3106
15.0,16.0,16.0,16.0,17.0,17.0,17.0,18.0,18.0,18.0,19.0,19.0,         101P   3107
19.0,20.0,20.0,20.0,21.0,21.0,21.0,22.0,22.0,22.0,23.0,23.0,         101P   3108
23.0,24.0,24.0,24.0,25.0,25.0,25.0,26.0,26.0,26.0,27.0,27.0,         101P   3109
27.0,28.0,28.0,28.0,29.0,29.0,29.0,30.0,30.0,30.0,31.0,31.0,         101P   3110
31.0,32.0,32.0,32.0,32.0,1.0,1.0,1.0,1.0,1.0,1.0,1.0,1.0,1.0,        101P   3111
1.0,1.0,1.0,1.0,1.0,1.0,1.0,1.0,1.0,1.0,1.0,1.0,1.0,1.0,1.0,1.0,     101P   3112
1.0,1.0,1.0,1.0,1.0,1.0,1.0,1.0,1.0,1.0,1.0,1.0,1.0,1.0,1.0,1.0,     101P   3113
1.0,1.0,1.0,1.0,1.0,1.0,1.0,1.0,1.0,1.0,1.0,1.0,1.0,1.0,1.0,1.0,     101P   3114
1.0,1.0,1.0,1.0,1.0,1.0,1.0,1.0,1.0,1.0,1.0,1.0,1.0,1.0,1.0,1.0,     101P   3115
1.0,1.0,1.0,1.0,1.0,1.0,1.0,1.0,1.0,1.0,1.0,1.0,1.0,1.0,1.0,1.0,     101P   3116
1.0,1.0,1.0,1.0,1.0,1.0,1.0,1.0,1.0,1.0,1.0,1.0,1.0,1.0,1.0,1.0,     101P   3117
1.0,1.0,1.0,1.0,1.0,1.0,1.0,1.0,1.0,1.0,1.0,1.0,1.0,1.0,1.0,1.0,     101P   3118
1.0,1.0,1.0,1.0,1.0,1.0,1.0,1.0,1.0,1.0,1.0,1.0,1.0,1.0,1.0,1.0,     101P   3119
1.0,1.0,1.0,1.0,1.0,1.0,1.0,1.0,1.0,1.0,1.0,1.0,1.0,1.0,1.0,1.0,     101P   3120
1.0,1.0,1.0,1.0,1.0,1.0,1.0,1.0,1.0,1.0,1.0,1.0,1.0,1.0,1.0,1.0,     101P   3121
1.0,1.0,1.0,1.0,1.0,1.0,1.0,1.0,1.0,1.0,1.0,1.0,1.0,1.0,1.0,1.0,     101P   3122
1.0,1.0,1.0,1.0,1.0,1.0,1.0,1.0,1.0,4.344262295082,0.0,              101P   3123
0.16393442623,4.344262295082,0.0,0.16393442623,4.344262295082,       101P   3124
0.0,0.16393442623,4.344091162535,0.0,0.165241531199,                 101P   3125
4.344380295398,0.0,0.163949875405,4.344036991778,0.0,                101P   3126
0.16657201757,4.344613189486,0.0,0.163980367034,4.344100966769,      101P   3127
0.0,0.167892707902,4.344846083574,0.0,0.164010858662,                101P   3128
4.344164941761,0.0,0.169213398234,4.345193040654,0.0,                101P   3129
0.164056283972,4.344345884743,0.0,0.170526833959,4.345638320019,     101P   3130
0.0,0.164114582115,4.344629857373,0.0,0.171817187828,                101P   3131
4.34652887875,0.0,0.1642311784,4.345197802634,0.0,                   101P   3132
0.174397895566,4.347811772214,0.0,0.164399141059,4.346177795758,     101P   3133
0.0,0.176879401417,4.349328623043,0.0,0.164597734556,                101P   3134
4.347414872048,0.0,0.179214903972,4.350845473872,0.0,                101P   3135
0.164796328052,4.348651948338,0.0,0.181550406526,4.352593627274,     101P   3136
0.0,0.165025204808,4.350142623033,0.0,0.183745897479,                101P   3137
4.354473625495,0.0,0.165271343329,4.351783587046,0.0,                101P   3138
0.185817771706,4.356353623716,0.0,0.16551748185,4.353424551058,      101P   3139
0.0,0.187889645933,4.35836529173,0.0,0.165780859222,                 101P   3140
4.355215357669,0.0,0.189839955699,4.360453631443,0.0,                101P   3141
0.166054274826,4.357096586835,0.0,0.191695275095,4.362541971157,     101P   3142
0.0,0.16632769043,4.358977816001,0.0,0.193550594491,                 101P   3143
4.364711556272,0.0,0.166611743078,4.360954374366,0.0,                101P   3144
0.195308979339,4.366931134846,0.0,0.166902341112,4.36299160841,      101P   3145
0.0,0.196992319107,4.369150713419,0.0,0.167192939147,                101P   3146
4.365028842454,0.0,0.198675658875,4.371420277593,0.0,                101P   3147
0.16749008154,4.367126680807,0.0,0.200284437644,4.373724879702,      101P   3148
0.0,0.16779181127,4.369268063825,0.0,0.20183282962,                  101P   3149
4.378334083921,0.0,0.168395270729,4.37355082986,0.0,                 101P   3150
0.204929613574,4.383079726454,0.0,0.169016593358,4.378003726832,     101P   3151
0.0,0.207786917519,4.387892575846,0.0,0.169646715035,                101P   3152
4.382545411398,0.0,0.210488187536,4.390299000542,0.0,                101P   3153
0.169961775874,4.384816253681,0.0,0.211838822544,4.392725338752,     101P   3154
0.0,0.170279443887,4.387112943022,0.0,0.213146744506,                101P   3155
4.395165500182,0.0,0.170598921703,4.389428175444,0.0,                101P   3156
0.214420426127,4.397605661613,0.0,0.170918399519,4.391743407866,     101P   3157
0.0,0.215694107748,4.400059502929,0.0,0.171239668373,                101P   3158
4.394076966284,0.0,0.216934093561,4.402525277805,0.0,                101P   3159
0.171562499626,4.396426733954,0.0,0.218142984179,4.407456827558,     101P   3160
0.0,0.172208162133,4.401126269295,0.0,0.220560765415,                101P   3161
4.412430903866,0.0,0.172859392423,4.405884166829,0.0,                101P   3162
0.222863162319,4.417435707203,0.0,0.173514645646,4.410685668508,     101P   3163
0.0,0.225071227154,4.42244051054,0.0,0.174169898869,                 101P   3164
4.415487170188,0.0,0.22727929199,4.427475025816,0.0,                 101P   3165
0.174829042123,4.42033097914,0.0,0.229395044099,4.43252849944,       101P   3166
0.0,0.175490667497,4.425203210158,0.0,0.231440994747,                101P   3167
4.437581973064,0.0,0.17615229287,4.430075441177,0.0,                 101P   3168
0.233486945396,4.442657626081,0.0,0.176816822078,4.434980268908,     101P   3169
0.0,0.23545623272,4.447748389299,0.0,0.177483329587,                 101P   3170
4.439908428553,0.0,0.237364701164,4.457929915735,0.0,                101P   3171
0.178816344605,4.449764747843,0.0,0.241181638051,4.468170037779,     101P   3172
0.0,0.180157031245,4.459711807455,0.0,0.244760726253,                101P   3173
4.478447026009,0.0,0.181502544585,4.469719988814,0.0,                101P   3174
0.248159377949,4.488724014238,0.0,0.182848057926,4.479728170173,     101P   3175
0.0,0.251558029645,4.499035470424,0.0,0.184198083979,                101P   3176
4.48979407203,0.0,0.254783591873,4.509372042632,0.0,                 101P   3177
0.185551398344,4.49990438372,0.0,0.257865076901,4.51970861484,       101P   3178
0.0,0.186904712709,4.51001469541,0.0,0.260946561928,                 101P   3179
4.530067925268,0.0,0.188261004073,4.520165987673,0.0,                101P   3180
0.263891689442,4.540443489319,0.0,0.18961942344,4.530348687944,      101P   3181
0.0,0.266723196247,4.545631271345,0.0,0.190298633124,                101P   3182
4.535440038079,0.0,0.26813894965,4.550823872985,0.0,                 101P   3183
0.190978473815,4.540540369918,0.0,0.269523544157,4.556019354627,     101P   3184
0.0,0.191658691569,4.545646752984,0.0,0.270884294005,                101P   3185
4.561214836268,0.0,0.192338909324,4.55075313605,0.0,                 101P   3186
0.272245043853,4.566413528607,0.0,0.193019547439,4.555866083771,     101P   3187
0.0,0.273580596642,4.571615669542,0.0,0.193700637061,                101P   3188
4.560985938341,0.0,0.274890186917,4.592424233285,0.0,                101P   3189
0.196424995549,4.58146535662,0.0,0.280128548017,4.613277553611,      101P   3190
0.0,0.199155213786,4.602039546964,0.0,0.284990752204,                101P   3191
4.634155854098,0.0,0.201888702548,4.622676749045,0.0,                101P   3192
0.289565742941,4.655034154584,0.0,0.20462219131,4.643313951126,      101P   3193
0.0,0.294140733679,4.675938164036,0.0,0.207359046015,                101P   3194
4.664015405674,0.0,0.29842469632,4.696856224298,0.0,                 101P   3195
0.210097740321,4.684761162505,0.0,0.302479438771,4.738692344823,     101P   3196
0.0,0.215575128932,4.726252676166,0.0,0.310588923675,                101P   3197
4.78058439409,0.0,0.221059840006,4.767921566535,0.0,                 101P   3198
0.317778115338,4.822488764417,0.0,0.226546164213,4.80968557065,      101P   3199
0.0,0.324336552227,4.832964856999,0.0,0.227917745265,                101P   3200
4.820126571678,0.0,0.325976161449,4.843442457088,0.0,                101P   3201
0.229289523687,4.830574960322,0.0,0.327571055967,4.853920505656,     101P   3202
0.0,0.230661360826,4.841028522956,0.0,0.32912991589,                 101P   3203
4.864398554225,0.0,0.232033197965,4.851482085591,0.0,                101P   3204
0.330688775813,4.874876969374,0.0,0.233405083099,4.861940664973,     101P   3205
0.0,0.33221216591,4.885356113918,0.0,0.234777063728,                 101P   3206
4.872405017189,0.0,0.333697129875,4.906314403006,0.0,                101P   3207
0.237521024987,4.89333372162,0.0,0.336667057805,4.927273836346,      101P   3208
0.0,0.240265136058,4.914281685614,0.0,0.339498771372,                101P   3209
4.948233220307,0.0,0.243009240663,4.935246054284,0.0,                101P   3210
0.342204802933,4.99015198823,0.0,0.248497449873,4.977174791623,      101P   3211
0.0,0.347616866054,5.032069032558,0.0,0.253985433423,                101P   3212
5.019165966225,0.0,0.352538644929,5.073976715078,0.0,                101P   3213
0.259472191278,5.061197962707,0.0,0.357075896677,5.094930556338,     101P   3214
0.0,0.262215570206,5.082213960949,0.0,0.35934452255,                 101P   3215
5.115882322227,0.0,0.264958677416,5.103240831076,0.0,                101P   3216
0.361513985972,5.13683125898,0.0,0.267701414222,5.124276120238,      101P   3217
0.0,0.36359716582,5.157780195734,0.0,0.270444151028,                 101P   3218
5.1453114094,0.0,0.365680345668,5.178726384574,0.0,                  101P   3219
0.273186528064,5.166355173395,0.0,0.367677446766,5.199669513344,     101P   3220
0.0,0.275928504461,5.187406254325,0.0,0.369594887991,                101P   3221
5.241555770884,0.0,0.281412457254,5.229508416184,0.0,                101P   3222
0.373429770441,5.283429552308,0.0,0.286894776613,5.271638166914,     101P   3223
0.0,0.376957004356,5.325289785412,0.0,0.29237532216,                 101P   3224
5.313788202787,0.0,0.380224045544,5.409010251621,0.0,                101P   3225
0.303336413254,5.398088274533,0.0,0.38675812792,5.492676006239,      101P   3226
0.0,0.314290341241,5.482464302248,0.0,0.392287012513,                101P   3227
5.57628790722,0.0,0.325237218447,5.566880395149,0.0,                 101P   3228
0.397091497342,5.659899808201,0.0,0.336184095653,5.651296488049,     101P   3229
0.0,0.401895982171,5.743458521775,0.0,0.347124009305,                101P   3230
5.735753072945,0.0,0.405977983131,5.826965488544,0.0,                101P   3231
0.358057148013,5.820233380829,0.0,0.409476773267,5.910472455313,     101P   3232
0.0,0.368990286721,5.904713688713,0.0,0.412975563402,                101P   3233
5.993928005589,0.0,0.379916693732,5.989217986868,0.0,                101P   3234
0.415891667368,6.077326960061,0.0,0.390835690944,6.073737859823,     101P   3235
0.0,0.418249124753,6.160725914533,0.0,0.401754688156,                101P   3236
6.158257732778,0.0,0.420606582138,6.244068478816,0.0,                101P   3237
0.41266630249,6.24279346726,0.0,0.422404800323,6.327338241015,       101P   3238
0.0,0.423568385221,6.327338241015,0.0,0.423568385221,0.0,1.0,        101P   3239
0.0,32.0,,1,103;                                                     101P   3240
406,1,36HSurf_LJBKSMCKUS, H_Tail, 0, 4, upper;                       103P   3241
128,1,96,1,3,0,0,1,0,0,0.0,0.0,1.0,1.0,0.0,0.0,0.0,0.0,1.0,1.0,      105P   3242
1.0,2.0,2.0,2.0,3.0,3.0,3.0,4.0,4.0,4.0,5.0,5.0,5.0,6.0,6.0,6.0,     105P   3243
7.0,7.0,7.0,8.0,8.0,8.0,9.0,9.0,9.0,10.0,10.0,10.0,11.0,11.0,        105P   3244
11.0,12.0,12.0,12.0,13.0,13.0,13.0,14.0,14.0,14.0,15.0,15.0,         105P   3245
15.0,16.0,16.0,16.0,17.0,17.0,17.0,18.0,18.0,18.0,19.0,19.0,         105P   3246
19.0,20.0,20.0,20.0,21.0,21.0,21.0,22.0,22.0,22.0,23.0,23.0,         105P   3247
23.0,24.0,24.0,24.0,25.0,25.0,25.0,26.0,26.0,26.0,27.0,27.0,         105P   3248
27.0,28.0,28.0,28.0,29.0,29.0,29.0,30.0,30.0,30.0,31.0,31.0,         105P   3249
31.0,32.0,32.0,32.0,32.0,1.0,1.0,1.0,1.0,1.0,1.0,1.0,1.0,1.0,        105P   3250
1.0,1.0,1.0,1.0,1.0,1.0,1.0,1.0,1.0,1.0,1.0,1.0,1.0,1.0,1.0,1.0,     105P   3251
1.0,1.0,1.0,1.0,1.0,1.0,1.0,1.0,1.0,1.0,1.0,1.0,1.0,1.0,1.0,1.0,     105P   3252
1.0,1.0,1.0,1.0,1.0,1.0,1.0,1.0,1.0,1.0,1.0,1.0,1.0,1.0,1.0,1.0,     105P   3253
1.0,1.0,1.0,1.0,1.0,1.0,1.0,1.0,1.0,1.0,1.0,1.0,1.0,1.0,1.0,1.0,     105P   3254
1.0,1.0,1.0,1.0,1.0,1.0,1.0,1.0,1.0,1.0,1.0,1.0,1.0,1.0,1.0,1.0,     105P   3255
1.0,1.0,1.0,1.0,1.0,1.0,1.0,1.0,1.0,1.0,1.0,1.0,1.0,1.0,1.0,1.0,     105P   3256
1.0,1.0,1.0,1.0,1.0,1.0,1.0,1.0,1.0,1.0,1.0,1.0,1.0,1.0,1.0,1.0,     105P   3257
1.0,1.0,1.0,1.0,1.0,1.0,1.0,1.0,1.0,1.0,1.0,1.0,1.0,1.0,1.0,1.0,     105P   3258
1.0,1.0,1.0,1.0,1.0,1.0,1.0,1.0,1.0,1.0,1.0,1.0,1.0,1.0,1.0,1.0,     105P   3259
1.0,1.0,1.0,1.0,1.0,1.0,1.0,1.0,1.0,1.0,1.0,1.0,1.0,1.0,1.0,1.0,     105P   3260
1.0,1.0,1.0,1.0,1.0,1.0,1.0,1.0,1.0,1.0,1.0,1.0,1.0,1.0,1.0,1.0,     105P   3261
1.0,1.0,1.0,1.0,1.0,1.0,1.0,1.0,1.0,6.327338241015,0.0,              105P   3262
0.423568385221,7.262123881745,3.074112643422,0.611671464514,         105P   3263
6.245343490371,0.0,0.402927804658,7.238859335668,3.074171684778,     105P   3264
0.605816350192,6.163194096288,0.0,0.382902794174,7.215550923011,     105P   3265
3.074226936345,0.600135812016,6.080916060299,0.0,0.363422257135,     105P   3266
7.192206019973,3.074278842186,0.59460968706,5.998638024309,0.0,      105P   3267
0.343941720095,7.168861116934,3.074330748027,0.589083562103,         105P   3268
5.916231221913,0.0,0.32500501004,7.145479688178,3.074379311898,      105P   3269
0.583711667025,5.833697596259,0.0,0.306637522759,7.122062285448,     105P   3270
3.074424383944,0.578501204226,5.751163970605,0.0,0.288270035478,     105P   3271
7.098644882718,3.07446945599,0.573290741428,5.668503128354,0.0,      105P   3272
0.270472209135,7.075191394419,3.074511033292,0.568241835169,         105P   3273
5.585695419292,0.0,0.253382939552,7.051696247512,3.074548272626,     105P   3274
0.56339387666,5.50288771023,0.0,0.236293669968,7.028201100606,       105P   3275
3.07458551196,0.558545918151,5.419932228708,0.0,0.219914698589,      105P   3276
7.004664038164,3.07461840224,0.55389940126,5.336791368037,0.0,       105P   3277
0.204526598776,6.981074394715,3.074645241759,0.549533897346,         105P   3278
5.295220937702,0.0,0.19683254887,6.969279572991,3.074658661519,      105P   3279
0.547351145389,5.253603125585,0.0,0.189395144067,6.957471311938,     105P   3280
3.074670514568,0.54524117846,5.211932772364,0.0,0.182262120931,      105P   3281
6.945648148493,3.074680512347,0.543217534798,5.191097595753,0.0,     105P   3282
0.178695609363,6.939736566771,3.074685511237,0.542205712967,         105P   3283
5.170248982067,0.0,0.175207956389,6.933821173868,3.074690029603,     105P   3284
0.541216255598,5.149386397723,0.0,0.171805662625,6.927901818497,     105P   3285
3.074694028283,0.540251006289,5.128523813378,0.0,0.168403368861,     105P   3286
6.921982463126,3.074698026963,0.53928575698,5.107647151726,0.0,      105P   3287
0.165086617862,6.916059115033,3.07470150478,0.538344767786,          105P   3288
5.086755467448,0.0,0.16186848588,6.910131506216,3.074704383054,      105P   3289
0.537431747181,5.044972098892,0.0,0.155432221916,6.898276288583,     105P   3290
3.074710139601,0.535605705971,5.003129184836,0.0,0.149378033693,     105P   3291
6.886404182491,3.074713572317,0.533888022331,4.96122038633,0.0,      105P   3292
0.143813678393,6.874513391168,3.074714033966,0.532309256621,         105P   3293
4.940265987078,0.0,0.141031500743,6.868567995507,3.07471426479,      105P   3294
0.531519873766,4.919295084393,0.0,0.13837499217,6.862617919421,      105P   3295
3.074713733685,0.530766131004,4.898307210647,0.0,0.135856997582,     105P   3296
6.856663030442,3.074712363722,0.530051671207,4.887813273775,0.0,     105P   3297
0.134598000288,6.853685585952,3.074711678741,0.529694441309,         105P   3298
4.877315022858,0.0,0.133377620117,6.85070691808,3.074710760215,      105P   3299
0.529348163345,4.866812488356,0.0,0.132192805762,6.847727035419,     105P   3300
3.074709626357,0.529011971949,4.856309953854,0.0,0.131007991407,     105P   3301
6.844747152758,3.074708492498,0.528675780554,4.84580314232,0.0,      105P   3302
0.12985932908,6.841766057175,3.074707139818,0.52834984198,           105P   3303
4.835291958184,0.0,0.128755776199,6.838783721704,3.07470551485,      105P   3304
0.528036696594,4.793247221644,0.0,0.124341564673,6.826854379817,     105P   3305
3.074699014978,0.526784115049,4.751132013479,0.0,0.120561334189,     105P   3306
6.814905053554,3.074688681265,0.525711332469,4.708951286091,0.0,     105P   3307
0.11771604187,6.802937152987,3.074672723718,0.524903701846,          105P   3308
4.687860922397,0.0,0.116293395711,6.796953202703,3.074664744945,     105P   3309
0.524499886535,4.666754358042,0.0,0.115103648942,6.790964659658,     105P   3310
3.074655365331,0.524162122363,4.64563495915,0.0,0.114211662156,      105P   3311
6.784972479978,3.074644200901,0.523908804167,4.624515560258,0.0,     105P   3312
0.113319675369,6.778980300299,3.074633036471,0.523655485971,         105P   3313
4.603383109951,0.0,0.112721443081,6.772984422386,3.074620110932,     105P   3314
0.523485477771,4.582245400744,0.0,0.112511087205,6.766987058737,     105P   3315
3.074604869348,0.523425473131,4.576960973443,0.0,0.112458498236,     105P   3316
6.765487717825,3.074601058953,0.523410471971,4.571676536486,0.0,     105P   3317
0.112432774795,6.763988374614,3.074597088417,0.523403090006,         105P   3318
4.566391956269,0.0,0.112433089133,6.762488991183,3.074592962572,     105P   3319
0.52340309248,4.561107376052,0.0,0.112433403472,6.760989607752,      105P   3320
3.074588836726,0.523403094954,4.555822504611,0.0,0.112458316598,     105P   3321
6.759490142096,3.074584564032,0.52341007376,4.550538290695,0.0,      105P   3322
0.112515650633,6.757990863531,3.074580098606,0.523426247304,         105P   3323
4.539969862864,0.0,0.112630318703,6.754992306399,3.074571167755,     105P   3324
0.523458594394,4.52940253427,0.0,0.11286286349,6.751994063086,       105P   3325
3.074561535156,0.523524371914,4.518839701544,0.0,0.113237719788,     105P   3326
6.74899709771,3.074551057818,0.523630509747,4.508276868818,0.0,      105P   3327
0.113612576085,6.746000132334,3.074540580479,0.523736647581,         105P   3328
4.497719858304,0.0,0.114138086207,6.743004821353,3.074529209711,     105P   3329
0.523885511671,4.487174063203,0.0,0.114845711222,6.740012695487,     105P   3330
3.074516762199,0.524086024618,4.476628268103,0.0,0.115553336237,     105P   3331
6.73702056962,3.074504314686,0.524286537565,4.466095083627,0.0,      105P   3332
0.116451051159,6.734032024859,3.074490743983,0.524540961146,         105P   3333
4.455588350045,0.0,0.11760195801,6.73105098911,3.07447568477,        105P   3334
0.524867191629,4.450334983254,0.0,0.118177411436,6.729560471235,     105P   3335
3.074468155163,0.52503030687,4.445088504951,0.0,0.118817640345,      105P   3336
6.72807190888,3.074460244838,0.525211792868,4.439853788721,0.0,      105P   3337
0.119540340246,6.726586685107,3.074451852122,0.525416668235,         105P   3338
4.434619072492,0.0,0.120263040147,6.725101461335,3.074443459407,     105P   3339
0.525621543603,4.429393850891,0.0,0.121060505748,6.72361893268,      105P   3340
3.074434628459,0.525847623043,4.424185745897,0.0,0.121958064138,     105P   3341
6.722141262128,3.074425214266,0.526102089569,4.418977640903,0.0,     105P   3342
0.122855622528,6.720663591576,3.074415800072,0.526356556094,         105P   3343
4.413787385822,0.0,0.123855558852,6.719190987224,3.074405789584,     105P   3344
0.526640057795,4.408623821656,0.0,0.124982015074,6.717725957907,     105P   3345
3.074395045803,0.526959441594,4.406042039573,0.0,0.125545243185,     105P   3346
6.716993443248,3.074389673912,0.527119133494,4.403467915359,0.0,     105P   3347
0.126142691291,6.716263101903,3.074384104029,0.527288530477,         105P   3348
4.40090282492,0.0,0.12677741728,6.715535324304,3.074378319,          105P   3349
0.527468499798,4.398337734482,0.0,0.127412143268,6.714807546705,     105P   3350
3.074372533972,0.527648469119,4.395781747403,0.0,0.128084729204,     105P   3351
6.714082352605,3.074366530383,0.527839175856,4.393239740294,0.0,     105P   3352
0.128805242535,6.713361125801,3.074360252033,0.528043475265,         105P   3353
4.388155726077,0.0,0.130246269197,6.711918672191,3.074347695331,     105P   3354
0.528452074083,4.383117337982,0.0,0.131860927885,6.710489166839,     105P   3355
3.074334139301,0.52890991654,4.37818169558,0.0,0.133750792919,       105P   3356
6.709088817832,3.074319023083,0.529445810548,4.375713874379,0.0,     105P   3357
0.134695725436,6.708388643328,3.074311464974,0.529713757551,         105P   3358
4.373272584384,0.0,0.135710219419,6.707695997611,3.074303512948,     105P   3359
0.530001432962,4.370870661281,0.0,0.136812363118,6.707014522822,     105P   3360
3.074295069206,0.530313966905,4.368468738178,0.0,0.137914506816,     105P   3361
6.706333048034,3.074286625464,0.530626500849,4.366106126312,0.0,     105P   3362
0.139104786369,6.705662728389,3.074277687066,0.530964031196,         105P   3363
4.363810676052,0.0,0.140413274557,6.705011466312,3.074268096496,     105P   3364
0.531335087192,4.361515225791,0.0,0.141721762745,6.704360204236,     105P   3365
3.074258505926,0.531706143187,4.359282696374,0.0,0.143145317768,     105P   3366
6.703726796452,3.074248278602,0.532109833731,4.357163663944,0.0,     105P   3367
0.144724914952,6.703125593502,3.074237209758,0.532557780456,         105P   3368
4.355044631515,0.0,0.146304512137,6.702524390552,3.074226140914,     105P   3369
0.533005727181,4.353038999406,0.0,0.148042249578,6.701955365043,     105P   3370
3.07421421797,0.533498525115,4.351242374038,0.0,0.149980565139,      105P   3371
6.701445643891,3.074201262582,0.534048211413,4.34944574867,0.0,      105P   3372
0.151918880701,6.700935922739,3.074188307195,0.53459789771,          105P   3373
4.347859954866,0.0,0.154064461234,6.700486023807,3.074174280933,     105P   3374
0.535206368824,4.346646782665,0.0,0.156411976401,6.700141851373,     105P   3375
3.074159341824,0.535872115698,4.346040196565,0.0,0.157585733985,     105P   3376
6.699969765156,3.074151872269,0.536204989135,4.345527225388,0.0,     105P   3377
0.158808319089,6.699824240917,3.074144184733,0.536551711831,         105P   3378
4.345125412203,0.0,0.160068026165,6.699710255921,3.074136362677,     105P   3379
0.536908964323,4.344723599018,0.0,0.161327733241,6.699596270926,     105P   3380
3.07412854062,0.537266216815,4.344433427629,0.0,0.16262732126,       105P   3381
6.69951396249,3.074120567976,0.537634781568,4.344262295082,0.0,      105P   3382
0.16393442623,6.699465428831,3.074112643422,0.538005480117,0.0,      105P   3383
1.0,0.0,32.0,,1,107;                                                 105P   3384
406,1,36HSurf_LJBKSMCKUS, H_Tail, 0, 7, lower;                       107P   3385
128,1,96,1,3,0,0,1,0,0,0.0,0.0,1.0,1.0,0.0,0.0,0.0,0.0,1.0,1.0,      109P   3386
1.0,2.0,2.0,2.0,3.0,3.0,3.0,4.0,4.0,4.0,5.0,5.0,5.0,6.0,6.0,6.0,     109P   3387
7.0,7.0,7.0,8.0,8.0,8.0,9.0,9.0,9.0,10.0,10.0,10.0,11.0,11.0,        109P   3388
11.0,12.0,12.0,12.0,13.0,13.0,13.0,14.0,14.0,14.0,15.0,15.0,         109P   3389
15.0,16.0,16.0,16.0,17.0,17.0,17.0,18.0,18.0,18.0,19.0,19.0,         109P   3390
19.0,20.0,20.0,20.0,21.0,21.0,21.0,22.0,22.0,22.0,23.0,23.0,         109P   3391
23.0,24.0,24.0,24.0,25.0,25.0,25.0,26.0,26.0,26.0,27.0,27.0,         109P   3392
27.0,28.0,28.0,28.0,29.0,29.0,29.0,30.0,30.0,30.0,31.0,31.0,         109P   3393
31.0,32.0,32.0,32.0,32.0,1.0,1.0,1.0,1.0,1.0,1.0,1.0,1.0,1.0,        109P   3394
1.0,1.0,1.0,1.0,1.0,1.0,1.0,1.0,1.0,1.0,1.0,1.0,1.0,1.0,1.0,1.0,     109P   3395
1.0,1.0,1.0,1.0,1.0,1.0,1.0,1.0,1.0,1.0,1.0,1.0,1.0,1.0,1.0,1.0,     109P   3396
1.0,1.0,1.0,1.0,1.0,1.0,1.0,1.0,1.0,1.0,1.0,1.0,1.0,1.0,1.0,1.0,     109P   3397
1.0,1.0,1.0,1.0,1.0,1.0,1.0,1.0,1.0,1.0,1.0,1.0,1.0,1.0,1.0,1.0,     109P   3398
1.0,1.0,1.0,1.0,1.0,1.0,1.0,1.0,1.0,1.0,1.0,1.0,1.0,1.0,1.0,1.0,     109P   3399
1.0,1.0,1.0,1.0,1.0,1.0,1.0,1.0,1.0,1.0,1.0,1.0,1.0,1.0,1.0,1.0,     109P   3400
1.0,1.0,1.0,1.0,1.0,1.0,1.0,1.0,1.0,1.0,1.0,1.0,1.0,1.0,1.0,1.0,     109P   3401
1.0,1.0,1.0,1.0,1.0,1.0,1.0,1.0,1.0,1.0,1.0,1.0,1.0,1.0,1.0,1.0,     109P   3402
1.0,1.0,1.0,1.0,1.0,1.0,1.0,1.0,1.0,1.0,1.0,1.0,1.0,1.0,1.0,1.0,     109P   3403
1.0,1.0,1.0,1.0,1.0,1.0,1.0,1.0,1.0,1.0,1.0,1.0,1.0,1.0,1.0,1.0,     109P   3404
1.0,1.0,1.0,1.0,1.0,1.0,1.0,1.0,1.0,1.0,1.0,1.0,1.0,1.0,1.0,1.0,     109P   3405
1.0,1.0,1.0,1.0,1.0,1.0,1.0,1.0,1.0,4.344262295082,0.0,              109P   3406
0.16393442623,6.699465428831,3.074112643422,0.538005480117,          109P   3407
4.344091162535,0.0,0.165241531199,6.699416895172,3.074104718868,     109P   3408
0.538376178667,4.344036991778,0.0,0.16657201757,6.699401547232,      109P   3409
3.074096746224,0.538753510214,4.344100966769,0.0,0.167892707902,     109P   3410
6.699419720391,3.074088924167,0.539128065495,4.344164941761,0.0,     109P   3411
0.169213398234,6.699437893549,3.074081102111,0.539502620776,         109P   3412
4.344345884743,0.0,0.170526833959,6.699489253683,3.074073414574,     109P   3413
0.539875120533,4.344629857373,0.0,0.171817187828,6.699569845836,     109P   3414
3.07406594502,0.540241075852,4.345197802634,0.0,0.174397895566,      109P   3415
6.699731030143,3.074051005911,0.540972986492,4.346177795758,0.0,     109P   3416
0.176879401417,6.700009122343,3.074036979648,0.54167676975,          109P   3417
4.347414872048,0.0,0.179214903972,6.700360153844,3.074024024261,     109P   3418
0.542339149976,4.348651948338,0.0,0.181550406526,6.700711185345,     109P   3419
3.074011068874,0.543001530201,4.350142623033,0.0,0.183745897479,     109P   3420
6.701134167521,3.07399914593,0.543624206612,4.351783587046,0.0,      109P   3421
0.185817771706,6.701599788958,3.073988077086,0.544211827181,         109P   3422
4.353424551058,0.0,0.187889645933,6.702065410395,3.073977008242,     109P   3423
0.544799447749,4.355215357669,0.0,0.189839955699,6.702573544381,     109P   3424
3.073966780918,0.5453525945,4.357096586835,0.0,0.191695275095,       109P   3425
6.703107332221,3.073957190348,0.545878803001,4.358977816001,0.0,     109P   3426
0.193550594491,6.703641120061,3.073947599778,0.546405011502,         109P   3427
4.360954374366,0.0,0.195308979339,6.704201953875,3.073938661379,     109P   3428
0.546903730455,4.36299160841,0.0,0.196992319107,6.704780001848,      109P   3429
3.073930217638,0.547381167251,4.365028842454,0.0,0.198675658875,     109P   3430
6.705358049821,3.073921773896,0.547858604048,4.367126680807,0.0,     109P   3431
0.200284437644,6.705953291711,3.07391382187,0.548314895975,          109P   3432
4.369268063825,0.0,0.20183282962,6.706560887452,3.073906263761,      109P   3433
0.548754062627,4.37355082986,0.0,0.204929613574,6.707776078934,      109P   3434
3.073891147542,0.549632395931,4.378003726832,0.0,0.207786917519,     109P   3435
6.7090395374,3.073877591512,0.550442814324,4.382545411398,0.0,       109P   3436
0.210488187536,6.710328184835,3.073865034811,0.551208982189,         109P   3437
4.384816253681,0.0,0.211838822544,6.710972508552,3.073858756461,     109P   3438
0.551592066122,4.387112943022,0.0,0.213146744506,6.711624165103,     109P   3439
3.073852752872,0.55196303685,4.389428175444,0.0,0.214420426127,      109P   3440
6.712281082284,3.073846967843,0.552324297154,4.391743407866,0.0,     109P   3441
0.215694107748,6.712937999465,3.073841182815,0.552685557458,         109P   3442
4.394076966284,0.0,0.216934093561,6.713600115692,3.073835612932,     109P   3443
0.553037261767,4.396426733954,0.0,0.218142984179,6.714266830428,     109P   3444
3.073830241041,0.553380147592,4.401126269295,0.0,0.220560765415,     109P   3445
6.715600259899,3.07381949726,0.554065919243,4.405884166829,0.0,      109P   3446
0.222863162319,6.716950246467,3.073809486772,0.554718968291,         109P   3447
4.410685668508,0.0,0.225071227154,6.718312603205,3.073800072578,     109P   3448
0.555345265018,4.415487170188,0.0,0.22727929199,6.719674959944,      109P   3449
3.073790658385,0.555971561745,4.42033097914,0.0,0.229395044099,      109P   3450
6.721049318926,3.073781827437,0.556571678826,4.425203210158,0.0,     109P   3451
0.231440994747,6.7224317409,3.073773434722,0.557152000338,           109P   3452
4.430075441177,0.0,0.233486945396,6.723814162875,3.073765042006,     109P   3453
0.55773232185,4.434980268908,0.0,0.23545623272,6.725205832192,       109P   3454
3.073757131681,0.558290901803,4.439908428553,0.0,0.237364701164,     109P   3455
6.726604120429,3.073749602074,0.558832233607,4.449764747843,0.0,     109P   3456
0.241181638051,6.729400696903,3.073734542861,0.559914897215,         109P   3457
4.459711807455,0.0,0.244760726253,6.732223015048,3.073720972158,     109P   3458
0.560930107261,4.469719988814,0.0,0.248159377949,6.735062672185,     109P   3459
3.073708524645,0.561894145636,4.479728170173,0.0,0.251558029645,     109P   3460
6.737902329322,3.073696077133,0.562858184011,4.48979407203,0.0,      109P   3461
0.254783591873,6.740758360542,3.073684706365,0.563773134313,         109P   3462
4.49990438372,0.0,0.257865076901,6.743626989713,3.073674229026,      109P   3463
0.564647224346,4.51001469541,0.0,0.260946561928,6.746495618883,      109P   3464
3.073663751688,0.565521314379,4.520165987673,0.0,0.263891689442,     109P   3465
6.749375873154,3.073654119089,0.566356733427,4.530348687944,0.0,     109P   3466
0.266723196247,6.752265036893,3.073645188237,0.567159929601,         109P   3467
4.535440038079,0.0,0.26813894965,6.753709618762,3.073640722811,      109P   3468
0.567561527689,4.540540369918,0.0,0.269523544157,6.755156748481,     109P   3469
3.073636450117,0.567954289109,4.545646752984,0.0,0.270884294005,     109P   3470
6.756605594712,3.073632324272,0.568340288166,4.55075313605,0.0,      109P   3471
0.272245043853,6.758054440943,3.073628198426,0.568726287223,         109P   3472
4.555866083771,0.0,0.273580596642,6.759505149337,3.073624227891,     109P   3473
0.569105140378,4.560985938341,0.0,0.274890186917,6.760957816972,     109P   3474
3.073620417495,0.569476630552,4.58146535662,0.0,0.280128548017,      109P   3475
6.766768487511,3.073605175912,0.570962591244,4.602039546964,0.0,     109P   3476
0.284990752204,6.772606041369,3.073592250372,0.572341873553,         109P   3477
4.622676749045,0.0,0.289565742941,6.778461468712,3.073581085943,     109P   3478
0.573639701757,4.643313951126,0.0,0.294140733679,6.784316896055,     109P   3479
3.073569921513,0.574937529961,4.664015405674,0.0,0.29842469632,      109P   3480
6.790190548849,3.073560541899,0.576152822229,4.684761162505,0.0,     109P   3481
0.302479438771,6.796076767683,3.073552563126,0.577303107258,         109P   3482
4.726252676166,0.0,0.310588923675,6.80784920535,3.073536605579,      109P   3483
0.579603677315,4.767921566535,0.0,0.317778115338,6.819671954663,     109P   3484
3.073526271866,0.581643250623,4.80968557065,0.0,0.324336552227,      109P   3485
6.831521680065,3.073519771994,0.583503940354,4.820126571678,0.0,     109P   3486
0.325976161449,6.834484111416,3.073518147026,0.583969112787,         109P   3487
4.830574960322,0.0,0.327571055967,6.837448638106,3.073516794345,     109P   3488
0.584421604032,4.841028522956,0.0,0.32912991589,6.840414632212,      109P   3489
3.073515660487,0.584863875775,4.851482085591,0.0,0.330688775813,     109P   3490
6.843380626317,3.073514526628,0.585306147518,4.861940664973,0.0,     109P   3491
0.33221216591,6.846348043233,3.073513608103,0.585738359927,          109P   3492
4.872405017189,0.0,0.333697129875,6.849317097433,3.073512923122,     109P   3493
0.586159674592,4.89333372162,0.0,0.336667057805,6.855255205833,      109P   3494
3.073511553159,0.587002303923,4.914281685614,0.0,0.339498771372,     109P   3495
6.861198776444,3.073511022053,0.5878057353,4.935246054284,0.0,       109P   3496
0.342204802933,6.867146999459,3.073511252878,0.588573522916,         109P   3497
4.977174791623,0.0,0.347616866054,6.879043445489,3.073511714527,     109P   3498
0.590109098147,5.019165966225,0.0,0.352538644929,6.890957598678,     109P   3499
3.073515147242,0.591505627394,5.061197962707,0.0,0.357075896677,     109P   3500
6.902883327872,3.07352090379,0.592793103538,5.082213960949,0.0,      109P   3501
0.35934452255,6.908846192469,3.073523782064,0.593436841611,          109P   3502
5.103240831076,0.0,0.361513985972,6.914812140098,3.07352725988,      109P   3503
0.594052456905,5.124276120238,0.0,0.36359716582,6.920780475028,      109P   3504
3.07353125856,0.594643601895,5.1453114094,0.0,0.365680345668,        109P   3505
6.926748809958,3.073535257241,0.595234746884,5.166355173395,0.0,     109P   3506
0.367677446766,6.932719548023,3.073539775607,0.595801479659,         109P   3507
5.187406254325,0.0,0.369594887991,6.938692360802,3.073544774496,     109P   3508
0.596345620624,5.229508416184,0.0,0.373429770441,6.950637986358,     109P   3509
3.073554772276,0.597433902554,5.271638166914,0.0,0.376957004356,     109P   3510
6.962591434604,3.073566625325,0.59843493431,5.313788202787,0.0,      109P   3511
0.380224045544,6.974550634047,3.073580045084,0.599362174469,         109P   3512
5.398088274533,0.0,0.38675812792,6.998469032931,3.073606884603,      109P   3513
0.601216654787,5.482464302248,0.0,0.392287012513,7.022408966165,     109P   3514
3.073639774883,0.602786057348,5.566880395149,0.0,0.397091497342,     109P   3515
7.046360255133,3.073677014217,0.604150017254,5.651296488049,0.0,     109P   3516
0.401895982171,7.070311544101,3.073714253552,0.60551397716,          109P   3517
5.735753072945,0.0,0.405977983131,7.094274309933,3.073755830854,     109P   3518
0.606673037774,5.820233380829,0.0,0.409476773267,7.118243797075,     109P   3519
3.073800902899,0.607666697338,5.904713688713,0.0,0.412975563402,     109P   3520
7.142213284218,3.073845974945,0.608660356902,5.989217986868,0.0,     109P   3521
0.415891667368,7.166189568515,3.073894538816,0.609488764214,         109P   3522
6.073737859823,0.0,0.418249124753,7.190170262657,3.073946444658,     109P   3523
0.610158736882,6.158257732778,0.0,0.420606582138,7.214150956799,     109P   3524
3.073998350499,0.61082870955,6.24279346726,0.0,0.422404800323,       109P   3525
7.238136142129,3.074053602066,0.611340079508,6.327338241015,0.0,     109P   3526
0.423568385221,7.262123881745,3.074112643422,0.611671464514,0.0,     109P   3527
1.0,0.0,32.0,,1,111;                                                 109P   3528
406,1,37HSurf_LJBKSMCKUS, H_Tail, 0, 10, upper;                      111P   3529
128,1,96,1,3,0,0,1,0,0,0.0,0.0,1.0,1.0,0.0,0.0,0.0,0.0,1.0,1.0,      113P   3530
1.0,2.0,2.0,2.0,3.0,3.0,3.0,4.0,4.0,4.0,5.0,5.0,5.0,6.0,6.0,6.0,     113P   3531
7.0,7.0,7.0,8.0,8.0,8.0,9.0,9.0,9.0,10.0,10.0,10.0,11.0,11.0,        113P   3532
11.0,12.0,12.0,12.0,13.0,13.0,13.0,14.0,14.0,14.0,15.0,15.0,         113P   3533
15.0,16.0,16.0,16.0,17.0,17.0,17.0,18.0,18.0,18.0,19.0,19.0,         113P   3534
19.0,20.0,20.0,20.0,21.0,21.0,21.0,22.0,22.0,22.0,23.0,23.0,         113P   3535
23.0,24.0,24.0,24.0,25.0,25.0,25.0,26.0,26.0,26.0,27.0,27.0,         113P   3536
27.0,28.0,28.0,28.0,29.0,29.0,29.0,30.0,30.0,30.0,31.0,31.0,         113P   3537
31.0,32.0,32.0,32.0,32.0,1.0,1.0,1.0,1.0,1.0,1.0,1.0,1.0,1.0,        113P   3538
1.0,1.0,1.0,1.0,1.0,1.0,1.0,1.0,1.0,1.0,1.0,1.0,1.0,1.0,1.0,1.0,     113P   3539
1.0,1.0,1.0,1.0,1.0,1.0,1.0,1.0,1.0,1.0,1.0,1.0,1.0,1.0,1.0,1.0,     113P   3540
1.0,1.0,1.0,1.0,1.0,1.0,1.0,1.0,1.0,1.0,1.0,1.0,1.0,1.0,1.0,1.0,     113P   3541
1.0,1.0,1.0,1.0,1.0,1.0,1.0,1.0,1.0,1.0,1.0,1.0,1.0,1.0,1.0,1.0,     113P   3542
1.0,1.0,1.0,1.0,1.0,1.0,1.0,1.0,1.0,1.0,1.0,1.0,1.0,1.0,1.0,1.0,     113P   3543
1.0,1.0,1.0,1.0,1.0,1.0,1.0,1.0,1.0,1.0,1.0,1.0,1.0,1.0,1.0,1.0,     113P   3544
1.0,1.0,1.0,1.0,1.0,1.0,1.0,1.0,1.0,1.0,1.0,1.0,1.0,1.0,1.0,1.0,     113P   3545
1.0,1.0,1.0,1.0,1.0,1.0,1.0,1.0,1.0,1.0,1.0,1.0,1.0,1.0,1.0,1.0,     113P   3546
1.0,1.0,1.0,1.0,1.0,1.0,1.0,1.0,1.0,1.0,1.0,1.0,1.0,1.0,1.0,1.0,     113P   3547
1.0,1.0,1.0,1.0,1.0,1.0,1.0,1.0,1.0,1.0,1.0,1.0,1.0,1.0,1.0,1.0,     113P   3548
1.0,1.0,1.0,1.0,1.0,1.0,1.0,1.0,1.0,1.0,1.0,1.0,1.0,1.0,1.0,1.0,     113P   3549
1.0,1.0,1.0,1.0,1.0,1.0,1.0,1.0,1.0,7.262123881745,                  113P   3550
3.074112643422,0.611671464514,7.262123881745,3.074112643422,         113P   3551
0.611671464514,7.238859335668,3.074171684778,0.605816350192,         113P   3552
7.238497738898,3.074112643422,0.60857821485,7.215550923011,          113P   3553
3.074226936345,0.600135812016,7.214850939905,3.074112643422,         113P   3554
0.605482260783,7.192206019973,3.074278842186,0.59460968706,          113P   3555
7.191188141315,3.074112643422,0.602384211971,7.168861116934,         113P   3556
3.074330748027,0.589083562103,7.167525342725,3.074112643422,         113P   3557
0.599286163159,7.145479688178,3.074379311898,0.583711667025,         113P   3558
7.143846486198,3.074112643422,0.596186011963,7.122062285448,         113P   3559
3.074424383944,0.578501204226,7.120153041262,3.074112643422,         113P   3560
0.593083950782,7.098644882718,3.07446945599,0.573290741428,          113P   3561
7.096459596325,3.074112643422,0.589981889601,7.075191394419,         113P   3562
3.074511033292,0.568241835169,7.07275146926,3.074112643422,          113P   3563
0.586877906164,7.051696247512,3.074548272626,0.56339387666,          113P   3564
7.049028251323,3.074112643422,0.583771946957,7.028201100606,         113P   3565
3.07458551196,0.558545918151,7.025305033385,3.074112643422,          113P   3566
0.58066598775,7.004664038164,3.07461840224,0.55389940126,            113P   3567
7.001566535547,3.074112643422,0.577558028023,6.981074394715,         113P   3568
3.074645241759,0.549533897346,6.977812514381,3.074112643422,         113P   3569
0.574448035907,6.969279572991,3.074658661519,0.547351145389,         113P   3570
6.965935503798,3.074112643422,0.572893039849,6.957471311938,         113P   3571
3.074670514568,0.54524117846,6.954054649148,3.074112643422,          113P   3572
0.571337540507,6.945648148493,3.074680512347,0.543217534798,         113P   3573
6.942170254647,3.074112643422,0.569781577711,6.939736566771,         113P   3574
3.074685511237,0.542205712967,6.936228057397,3.074112643422,         113P   3575
0.569003596313,6.933821173868,3.074690029603,0.541216255598,         113P   3576
6.930284991913,3.074112643422,0.568225501241,6.927901818497,         113P   3577
3.074694028283,0.540251006289,6.924341146762,3.074112643422,         113P   3578
0.567447304092,6.921982463126,3.074698026963,0.53928575698,          113P   3579
6.918397301612,3.074112643422,0.566669106942,6.916059115033,         113P   3580
3.07470150478,0.538344767786,6.912452653751,3.074112643422,          113P   3581
0.565890804698,6.910131506216,3.074704383054,0.537431747181,         113P   3582
6.906507417044,3.074112643422,0.565112425359,6.898276288583,         113P   3583
3.074710139601,0.535605705971,6.894616943631,3.074112643422,         113P   3584
0.563555666682,6.886404182491,3.074713572317,0.533888022331,         113P   3585
6.88272381399,3.074112643422,0.561998560239,6.874513391168,          113P   3586
3.074714033966,0.532309256621,6.870830195314,3.074112643422,         113P   3587
0.560441389768,6.868567995507,3.07471426479,0.531519873766,          113P   3588
6.864883385975,3.074112643422,0.559662804533,6.862617919421,         113P   3589
3.074713733685,0.530766131004,6.858936562627,3.074112643422,         113P   3590
0.558884217463,6.856663030442,3.074712363722,0.530051671207,         113P   3591
6.852990063937,3.074112643422,0.5581056729,6.853685585952,           113P   3592
3.074711678741,0.529694441309,6.850016814592,3.074112643422,         113P   3593
0.557716400618,6.85070691808,3.074710760215,0.529348163345,          113P   3594
6.847043772199,3.074112643422,0.557327155431,6.847727035419,         113P   3595
3.074709626357,0.529011971949,6.844070833815,3.074112643422,         113P   3596
0.556937923862,6.844747152758,3.074708492498,0.528675780554,         113P   3597
6.841097895432,3.074112643422,0.556548692293,6.841766057175,         113P   3598
3.074707139818,0.52834984198,6.838125084295,3.074112643422,          113P   3599
0.556159477383,6.838783721704,3.07470551485,0.528036696594,          113P   3600
6.835152700884,3.074112643422,0.555770318474,6.826854379817,         113P   3601
3.074699014978,0.526784115049,6.82326316724,3.074112643422,          113P   3602
0.554213682836,6.814905053554,3.074688681265,0.525711332469,         113P   3603
6.811377129452,3.074112643422,0.552657504892,6.802937152987,         113P   3604
3.074672723718,0.524903701846,6.799506960335,3.074112643422,         113P   3605
0.551103404552,6.796953202703,3.074664744945,0.524499886535,         113P   3606
6.793571875776,3.074112643422,0.550326354382,6.790964659658,         113P   3607
3.074655365331,0.524162122363,6.787640777856,3.074112643422,         113P   3608
0.549549826162,6.784972479978,3.074644200901,0.523908804167,         113P   3609
6.781716974345,3.074112643422,0.548774252962,6.778980300299,         113P   3610
3.074633036471,0.523655485971,6.775793170834,3.074112643422,         113P   3611
0.547998679762,6.772984422386,3.074620110932,0.523485477771,         113P   3612
6.769876454948,3.074112643422,0.547224034508,6.766987058737,         113P   3613
3.074604869348,0.523425473131,6.763972437854,3.074112643422,         113P   3614
0.546451051841,6.765487717825,3.074601058953,0.523410471971,         113P   3615
6.762496433581,3.074112643422,0.546257806175,6.763988374614,         113P   3616
3.074597088417,0.523403090006,6.761021407779,3.074112643422,         113P   3617
0.546064688615,6.762488991183,3.074592962572,0.52340309248,          113P   3618
6.759547292948,3.074112643422,0.545871690323,6.760989607752,         113P   3619
3.074588836726,0.523403094954,6.758073178117,3.074112643422,         113P   3620
0.545678692031,6.759490142096,3.074584564032,0.52341007376,          113P   3621
6.756599880429,3.074112643422,0.545485800724,6.757990863531,         113P   3622
3.074580098606,0.523426247304,6.755127950212,3.074112643422,         113P   3623
0.545293088453,6.754992306399,3.074571167755,0.523458594394,         113P   3624
6.752184089777,3.074112643422,0.54490766391,6.751994063086,          113P   3625
3.074561535156,0.523524371914,6.749244840984,3.074112643422,         113P   3626
0.544522843146,6.74899709771,3.074551057818,0.523630509747,          113P   3627
6.746312043711,3.074112643422,0.544138867047,6.746000132334,         113P   3628
3.074540580479,0.523736647581,6.743379246438,3.074112643422,         113P   3629
0.543754890947,6.743004821353,3.074529209711,0.523885511671,         113P   3630
6.740453575338,3.074112643422,0.543371847841,6.740012695487,         113P   3631
3.074516762199,0.524086024618,6.737537683836,3.074112643422,         113P   3632
0.542990085127,6.73702056962,3.074504314686,0.524286537565,          113P   3633
6.734621792334,3.074112643422,0.542608322413,6.734032024859,         113P   3634
3.074490743983,0.524540961146,6.731716360881,3.074112643422,         113P   3635
0.54222792918,6.73105098911,3.07447568477,0.524867191629,            113P   3636
6.728827554769,3.074112643422,0.541849712618,6.729560471235,         113P   3637
3.074468155163,0.52503030687,6.727383151714,3.074112643422,          113P   3638
0.541660604336,6.72807190888,3.074460244838,0.525211792868,          113P   3639
6.725943035877,3.074112643422,0.541472057359,6.726586685107,         113P   3640
3.074451852122,0.525416668235,6.724509213004,3.074112643422,         113P   3641
0.541284334287,6.725101461335,3.074443459407,0.525621543603,         113P   3642
6.72307539013,3.074112643422,0.541096611214,6.72361893268,           113P   3643
3.074434628459,0.525847623043,6.721646946312,3.074112643422,         113P   3644
0.540909592394,6.722141262128,3.074425214266,0.526102089569,         113P   3645
6.720226932667,3.074112643422,0.540723677293,6.720663591576,         113P   3646
3.074415800072,0.526356556094,6.718806919022,3.074112643422,         113P   3647
0.540537762192,6.719190987224,3.074405789584,0.526640057795,         113P   3648
6.717395623561,3.074112643422,0.540352988519,6.717725957907,         113P   3649
3.074395045803,0.526959441594,6.715996394167,3.074112643422,         113P   3650
0.540169794593,6.716993443248,3.074389673912,0.527119133494,         113P   3651
6.71529677947,3.074112643422,0.54007819763,6.716263101903,           113P   3652
3.074384104029,0.527288530477,6.714600550684,3.074112643422,         113P   3653
0.539987043968,6.715535324304,3.074378319,0.527468499798,            113P   3654
6.713908203294,3.074112643422,0.539896398476,6.714807546705,         113P   3655
3.074372533972,0.527648469119,6.713215855904,3.074112643422,         113P   3656
0.539805752984,6.714082352605,3.074366530383,0.527839175856,         113P   3657
6.712527430578,3.074112643422,0.539715620989,6.713361125801,         113P   3658
3.074360252033,0.528043475265,6.711844655318,3.074112643422,         113P   3659
0.539626228727,6.711918672191,3.074347695331,0.528452074083,         113P   3660
6.710479104796,3.074112643422,0.539447444203,6.710489166839,         113P   3661
3.074334139301,0.52890991654,6.709132622887,3.074112643422,          113P   3662
0.539271156235,6.709088817832,3.074319023083,0.529445810548,         113P   3663
6.707824852642,3.074112643422,0.539099936587,6.708388643328,         113P   3664
3.074311464974,0.529713757551,6.70717096752,3.074112643422,          113P   3665
0.539014326763,6.707695997611,3.074303512948,0.530001432962,         113P   3666
6.706527023716,3.074112643422,0.538930018505,6.707014522822,         113P   3667
3.074295069206,0.530313966905,6.705897262335,3.074112643422,         113P   3668
0.538847567078,6.706333048034,3.074286625464,0.530626500849,         113P   3669
6.705267500954,3.074112643422,0.538765115652,6.705662728389,         113P   3670
3.074277687066,0.530964031196,6.704651924225,3.074112643422,         113P   3671
0.538684521349,6.705011466312,3.074268096496,0.531335087192,         113P   3672
6.704059399267,3.074112643422,0.538606945096,6.704360204236,         113P   3673
3.074258505926,0.531706143187,6.703466874308,3.074112643422,         113P   3674
0.538529368844,6.703726796452,3.074248278602,0.532109833731,         113P   3675
6.702896103424,3.074112643422,0.53845464074,6.703125593502,          113P   3676
3.074237209758,0.532557780456,6.70236269123,3.074112643422,          113P   3677
0.538384803818,6.702524390552,3.074226140914,0.533005727181,         113P   3678
6.701829279036,3.074112643422,0.538314966897,6.701955365043,         113P   3679
3.07421421797,0.533498525115,6.701333275194,3.074112643422,          113P   3680
0.538250027658,6.701445643891,3.074201262582,0.534048211413,         113P   3681
6.700902898868,3.074112643422,0.538193680694,6.700935922739,         113P   3682
3.074188307195,0.53459789771,6.700472522541,3.074112643422,          113P   3683
0.53813733373,6.700486023807,3.074174280933,0.535206368824,          113P   3684
6.700108526975,3.074112643422,0.538089677658,6.700141851373,         113P   3685
3.074159341824,0.535872115698,6.699855848605,3.074112643422,         113P   3686
0.538056595775,6.699969765156,3.074151872269,0.536204989135,         113P   3687
6.69972950942,3.074112643422,0.538040054834,6.699824240917,          113P   3688
3.074144184733,0.536551711831,6.699631067233,3.074112643422,         113P   3689
0.538027166304,6.699710255921,3.074136362677,0.536908964323,         113P   3690
6.699564988156,3.074112643422,0.538018514909,6.699596270926,         113P   3691
3.07412854062,0.537266216815,6.699498909079,3.074112643422,          113P   3692
0.538009863515,6.69951396249,3.074120567976,0.537634781568,          113P   3693
6.699465428831,3.074112643422,0.538005480117,6.699465428831,         113P   3694
3.074112643422,0.538005480117,6.699465428831,3.074112643422,         113P   3695
0.538005480117,0.0,1.0,0.0,32.0,,1,115;                              113P   3696
406,1,37HSurf_LJBKSMCKUS, H_Tail, 0, 13, lower;                      115P   3697
128,1,96,1,3,0,0,1,0,0,0.0,0.0,1.0,1.0,0.0,0.0,0.0,0.0,1.0,1.0,      117P   3698
1.0,2.0,2.0,2.0,3.0,3.0,3.0,4.0,4.0,4.0,5.0,5.0,5.0,6.0,6.0,6.0,     117P   3699
7.0,7.0,7.0,8.0,8.0,8.0,9.0,9.0,9.0,10.0,10.0,10.0,11.0,11.0,        117P   3700
11.0,12.0,12.0,12.0,13.0,13.0,13.0,14.0,14.0,14.0,15.0,15.0,         117P   3701
15.0,16.0,16.0,16.0,17.0,17.0,17.0,18.0,18.0,18.0,19.0,19.0,         117P   3702
19.0,20.0,20.0,20.0,21.0,21.0,21.0,22.0,22.0,22.0,23.0,23.0,         117P   3703
23.0,24.0,24.0,24.0,25.0,25.0,25.0,26.0,26.0,26.0,27.0,27.0,         117P   3704
27.0,28.0,28.0,28.0,29.0,29.0,29.0,30.0,30.0,30.0,31.0,31.0,         117P   3705
31.0,32.0,32.0,32.0,32.0,1.0,1.0,1.0,1.0,1.0,1.0,1.0,1.0,1.0,        117P   3706
1.0,1.0,1.0,1.0,1.0,1.0,1.0,1.0,1.0,1.0,1.0,1.0,1.0,1.0,1.0,1.0,     117P   3707
1.0,1.0,1.0,1.0,1.0,1.0,1.0,1.0,1.0,1.0,1.0,1.0,1.0,1.0,1.0,1.0,     117P   3708
1.0,1.0,1.0,1.0,1.0,1.0,1.0,1.0,1.0,1.0,1.0,1.0,1.0,1.0,1.0,1.0,     117P   3709
1.0,1.0,1.0,1.0,1.0,1.0,1.0,1.0,1.0,1.0,1.0,1.0,1.0,1.0,1.0,1.0,     117P   3710
1.0,1.0,1.0,1.0,1.0,1.0,1.0,1.0,1.0,1.0,1.0,1.0,1.0,1.0,1.0,1.0,     117P   3711
1.0,1.0,1.0,1.0,1.0,1.0,1.0,1.0,1.0,1.0,1.0,1.0,1.0,1.0,1.0,1.0,     117P   3712
1.0,1.0,1.0,1.0,1.0,1.0,1.0,1.0,1.0,1.0,1.0,1.0,1.0,1.0,1.0,1.0,     117P   3713
1.0,1.0,1.0,1.0,1.0,1.0,1.0,1.0,1.0,1.0,1.0,1.0,1.0,1.0,1.0,1.0,     117P   3714
1.0,1.0,1.0,1.0,1.0,1.0,1.0,1.0,1.0,1.0,1.0,1.0,1.0,1.0,1.0,1.0,     117P   3715
1.0,1.0,1.0,1.0,1.0,1.0,1.0,1.0,1.0,1.0,1.0,1.0,1.0,1.0,1.0,1.0,     117P   3716
1.0,1.0,1.0,1.0,1.0,1.0,1.0,1.0,1.0,1.0,1.0,1.0,1.0,1.0,1.0,1.0,     117P   3717
1.0,1.0,1.0,1.0,1.0,1.0,1.0,1.0,1.0,6.699465428831,                  117P   3718
3.074112643422,0.538005480117,6.699465428831,3.074112643422,         117P   3719
0.538005480117,6.699416895172,3.074104718868,0.538376178667,         117P   3720
6.699465428831,3.074112643422,0.538005480117,6.699401547232,         117P   3721
3.074096746224,0.538753510214,6.699498909079,3.074112643422,         117P   3722
0.538009863515,6.699419720391,3.074088924167,0.539128065495,         117P   3723
6.699564988156,3.074112643422,0.538018514909,6.699437893549,         117P   3724
3.074081102111,0.539502620776,6.699631067233,3.074112643422,         117P   3725
0.538027166304,6.699489253683,3.074073414574,0.539875120533,         117P   3726
6.69972950942,3.074112643422,0.538040054834,6.699569845836,          117P   3727
3.07406594502,0.540241075852,6.699855848605,3.074112643422,          117P   3728
0.538056595775,6.699731030143,3.074051005911,0.540972986492,         117P   3729
6.700108526975,3.074112643422,0.538089677658,6.700009122343,         117P   3730
3.074036979648,0.54167676975,6.700472522541,3.074112643422,          117P   3731
0.53813733373,6.700360153844,3.074024024261,0.542339149976,          117P   3732
6.700902898868,3.074112643422,0.538193680694,6.700711185345,         117P   3733
3.074011068874,0.543001530201,6.701333275194,3.074112643422,         117P   3734
0.538250027658,6.701134167521,3.07399914593,0.543624206612,          117P   3735
6.701829279036,3.074112643422,0.538314966897,6.701599788958,         117P   3736
3.073988077086,0.544211827181,6.70236269123,3.074112643422,          117P   3737
0.538384803818,6.702065410395,3.073977008242,0.544799447749,         117P   3738
6.702896103424,3.074112643422,0.53845464074,6.702573544381,          117P   3739
3.073966780918,0.5453525945,6.703466874308,3.074112643422,           117P   3740
0.538529368844,6.703107332221,3.073957190348,0.545878803001,         117P   3741
6.704059399267,3.074112643422,0.538606945096,6.703641120061,         117P   3742
3.073947599778,0.546405011502,6.704651924225,3.074112643422,         117P   3743
0.538684521349,6.704201953875,3.073938661379,0.546903730455,         117P   3744
6.705267500954,3.074112643422,0.538765115652,6.704780001848,         117P   3745
3.073930217638,0.547381167251,6.705897262335,3.074112643422,         117P   3746
0.538847567078,6.705358049821,3.073921773896,0.547858604048,         117P   3747
6.706527023716,3.074112643422,0.538930018505,6.705953291711,         117P   3748
3.07391382187,0.548314895975,6.70717096752,3.074112643422,           117P   3749
0.539014326763,6.706560887452,3.073906263761,0.548754062627,         117P   3750
6.707824852642,3.074112643422,0.539099936587,6.707776078934,         117P   3751
3.073891147542,0.549632395931,6.709132622887,3.074112643422,         117P   3752
0.539271156235,6.7090395374,3.073877591512,0.550442814324,           117P   3753
6.710479104796,3.074112643422,0.539447444203,6.710328184835,         117P   3754
3.073865034811,0.551208982189,6.711844655318,3.074112643422,         117P   3755
0.539626228727,6.710972508552,3.073858756461,0.551592066122,         117P   3756
6.712527430578,3.074112643422,0.539715620989,6.711624165103,         117P   3757
3.073852752872,0.55196303685,6.713215855904,3.074112643422,          117P   3758
0.539805752984,6.712281082284,3.073846967843,0.552324297154,         117P   3759
6.713908203294,3.074112643422,0.539896398476,6.712937999465,         117P   3760
3.073841182815,0.552685557458,6.714600550684,3.074112643422,         117P   3761
0.539987043968,6.713600115692,3.073835612932,0.553037261767,         117P   3762
6.71529677947,3.074112643422,0.54007819763,6.714266830428,           117P   3763
3.073830241041,0.553380147592,6.715996394167,3.074112643422,         117P   3764
0.540169794593,6.715600259899,3.07381949726,0.554065919243,          117P   3765
6.717395623561,3.074112643422,0.540352988519,6.716950246467,         117P   3766
3.073809486772,0.554718968291,6.718806919022,3.074112643422,         117P   3767
0.540537762192,6.718312603205,3.073800072578,0.555345265018,         117P   3768
6.720226932667,3.074112643422,0.540723677293,6.719674959944,         117P   3769
3.073790658385,0.555971561745,6.721646946312,3.074112643422,         117P   3770
0.540909592394,6.721049318926,3.073781827437,0.556571678826,         117P   3771
6.72307539013,3.074112643422,0.541096611214,6.7224317409,            117P   3772
3.073773434722,0.557152000338,6.724509213004,3.074112643422,         117P   3773
0.541284334287,6.723814162875,3.073765042006,0.55773232185,          117P   3774
6.725943035877,3.074112643422,0.541472057359,6.725205832192,         117P   3775
3.073757131681,0.558290901803,6.727383151714,3.074112643422,         117P   3776
0.541660604336,6.726604120429,3.073749602074,0.558832233607,         117P   3777
6.728827554769,3.074112643422,0.541849712618,6.729400696903,         117P   3778
3.073734542861,0.559914897215,6.731716360881,3.074112643422,         117P   3779
0.54222792918,6.732223015048,3.073720972158,0.560930107261,          117P   3780
6.734621792334,3.074112643422,0.542608322413,6.735062672185,         117P   3781
3.073708524645,0.561894145636,6.737537683836,3.074112643422,         117P   3782
0.542990085127,6.737902329322,3.073696077133,0.562858184011,         117P   3783
6.740453575338,3.074112643422,0.543371847841,6.740758360542,         117P   3784
3.073684706365,0.563773134313,6.743379246438,3.074112643422,         117P   3785
0.543754890947,6.743626989713,3.073674229026,0.564647224346,         117P   3786
6.746312043711,3.074112643422,0.544138867047,6.746495618883,         117P   3787
3.073663751688,0.565521314379,6.749244840984,3.074112643422,         117P   3788
0.544522843146,6.749375873154,3.073654119089,0.566356733427,         117P   3789
6.752184089777,3.074112643422,0.54490766391,6.752265036893,          117P   3790
3.073645188237,0.567159929601,6.755127950212,3.074112643422,         117P   3791
0.545293088453,6.753709618762,3.073640722811,0.567561527689,         117P   3792
6.756599880429,3.074112643422,0.545485800724,6.755156748481,         117P   3793
3.073636450117,0.567954289109,6.758073178117,3.074112643422,         117P   3794
0.545678692031,6.756605594712,3.073632324272,0.568340288166,         117P   3795
6.759547292948,3.074112643422,0.545871690323,6.758054440943,         117P   3796
3.073628198426,0.568726287223,6.761021407779,3.074112643422,         117P   3797
0.546064688615,6.759505149337,3.073624227891,0.569105140378,         117P   3798
6.762496433581,3.074112643422,0.546257806175,6.760957816972,         117P   3799
3.073620417495,0.569476630552,6.763972437854,3.074112643422,         117P   3800
0.546451051841,6.766768487511,3.073605175912,0.570962591244,         117P   3801
6.769876454948,3.074112643422,0.547224034508,6.772606041369,         117P   3802
3.073592250372,0.572341873553,6.775793170834,3.074112643422,         117P   3803
0.547998679762,6.778461468712,3.073581085943,0.573639701757,         117P   3804
6.781716974345,3.074112643422,0.548774252962,6.784316896055,         117P   3805
3.073569921513,0.574937529961,6.787640777856,3.074112643422,         117P   3806
0.549549826162,6.790190548849,3.073560541899,0.576152822229,         117P   3807
6.793571875776,3.074112643422,0.550326354382,6.796076767683,         117P   3808
3.073552563126,0.577303107258,6.799506960335,3.074112643422,         117P   3809
0.551103404552,6.80784920535,3.073536605579,0.579603677315,          117P   3810
6.811377129452,3.074112643422,0.552657504892,6.819671954663,         117P   3811
3.073526271866,0.581643250623,6.82326316724,3.074112643422,          117P   3812
0.554213682836,6.831521680065,3.073519771994,0.583503940354,         117P   3813
6.835152700884,3.074112643422,0.555770318474,6.834484111416,         117P   3814
3.073518147026,0.583969112787,6.838125084295,3.074112643422,         117P   3815
0.556159477383,6.837448638106,3.073516794345,0.584421604032,         117P   3816
6.841097895432,3.074112643422,0.556548692293,6.840414632212,         117P   3817
3.073515660487,0.584863875775,6.844070833815,3.074112643422,         117P   3818
0.556937923862,6.843380626317,3.073514526628,0.585306147518,         117P   3819
6.847043772199,3.074112643422,0.557327155431,6.846348043233,         117P   3820
3.073513608103,0.585738359927,6.850016814592,3.074112643422,         117P   3821
0.557716400618,6.849317097433,3.073512923122,0.586159674592,         117P   3822
6.852990063937,3.074112643422,0.5581056729,6.855255205833,           117P   3823
3.073511553159,0.587002303923,6.858936562627,3.074112643422,         117P   3824
0.558884217463,6.861198776444,3.073511022053,0.5878057353,           117P   3825
6.864883385975,3.074112643422,0.559662804533,6.867146999459,         117P   3826
3.073511252878,0.588573522916,6.870830195314,3.074112643422,         117P   3827
0.560441389768,6.879043445489,3.073511714527,0.590109098147,         117P   3828
6.88272381399,3.074112643422,0.561998560239,6.890957598678,          117P   3829
3.073515147242,0.591505627394,6.894616943631,3.074112643422,         117P   3830
0.563555666682,6.902883327872,3.07352090379,0.592793103538,          117P   3831
6.906507417044,3.074112643422,0.565112425359,6.908846192469,         117P   3832
3.073523782064,0.593436841611,6.912452653751,3.074112643422,         117P   3833
0.565890804698,6.914812140098,3.07352725988,0.594052456905,          117P   3834
6.918397301612,3.074112643422,0.566669106942,6.920780475028,         117P   3835
3.07353125856,0.594643601895,6.924341146762,3.074112643422,          117P   3836
0.567447304092,6.926748809958,3.073535257241,0.595234746884,         117P   3837
6.930284991913,3.074112643422,0.568225501241,6.932719548023,         117P   3838
3.073539775607,0.595801479659,6.936228057397,3.074112643422,         117P   3839
0.569003596313,6.938692360802,3.073544774496,0.596345620624,         117P   3840
6.942170254647,3.074112643422,0.569781577711,6.950637986358,         117P   3841
3.073554772276,0.597433902554,6.954054649148,3.074112643422,         117P   3842
0.571337540507,6.962591434604,3.073566625325,0.59843493431,          117P   3843
6.965935503798,3.074112643422,0.572893039849,6.974550634047,         117P   3844
3.073580045084,0.599362174469,6.977812514381,3.074112643422,         117P   3845
0.574448035907,6.998469032931,3.073606884603,0.601216654787,         117P   3846
7.001566535547,3.074112643422,0.577558028023,7.022408966165,         117P   3847
3.073639774883,0.602786057348,7.025305033385,3.074112643422,         117P   3848
0.58066598775,7.046360255133,3.073677014217,0.604150017254,          117P   3849
7.049028251323,3.074112643422,0.583771946957,7.070311544101,         117P   3850
3.073714253552,0.60551397716,7.07275146926,3.074112643422,           117P   3851
0.586877906164,7.094274309933,3.073755830854,0.606673037774,         117P   3852
7.096459596325,3.074112643422,0.589981889601,7.118243797075,         117P   3853
3.073800902899,0.607666697338,7.120153041262,3.074112643422,         117P   3854
0.593083950782,7.142213284218,3.073845974945,0.608660356902,         117P   3855
7.143846486198,3.074112643422,0.596186011963,7.166189568515,         117P   3856
3.073894538816,0.609488764214,7.167525342725,3.074112643422,         117P   3857
0.599286163159,7.190170262657,3.073946444658,0.610158736882,         117P   3858
7.191188141315,3.074112643422,0.602384211971,7.214150956799,         117P   3859
3.073998350499,0.61082870955,7.214850939905,3.074112643422,          117P   3860
0.605482260783,7.238136142129,3.074053602066,0.611340079508,         117P   3861
7.238497738898,3.074112643422,0.60857821485,7.262123881745,          117P   3862
3.074112643422,0.611671464514,7.262123881745,3.074112643422,         117P   3863
0.611671464514,0.0,1.0,0.0,32.0,,1,119;                              117P   3864
406,1,37HSurf_LJBKSMCKUS, H_Tail, 0, 16, upper;                      119P   3865
128,1,96,1,3,0,0,1,0,0,0.0,0.0,1.0,1.0,0.0,0.0,0.0,0.0,1.0,1.0,      121P   3866
1.0,2.0,2.0,2.0,3.0,3.0,3.0,4.0,4.0,4.0,5.0,5.0,5.0,6.0,6.0,6.0,     121P   3867
7.0,7.0,7.0,8.0,8.0,8.0,9.0,9.0,9.0,10.0,10.0,10.0,11.0,11.0,        121P   3868
11.0,12.0,12.0,12.0,13.0,13.0,13.0,14.0,14.0,14.0,15.0,15.0,         121P   3869
15.0,16.0,16.0,16.0,17.0,17.0,17.0,18.0,18.0,18.0,19.0,19.0,         121P   3870
19.0,20.0,20.0,20.0,21.0,21.0,21.0,22.0,22.0,22.0,23.0,23.0,         121P   3871
23.0,24.0,24.0,24.0,25.0,25.0,25.0,26.0,26.0,26.0,27.0,27.0,         121P   3872
27.0,28.0,28.0,28.0,29.0,29.0,29.0,30.0,30.0,30.0,31.0,31.0,         121P   3873
31.0,32.0,32.0,32.0,32.0,1.0,1.0,1.0,1.0,1.0,1.0,1.0,1.0,1.0,        121P   3874
1.0,1.0,1.0,1.0,1.0,1.0,1.0,1.0,1.0,1.0,1.0,1.0,1.0,1.0,1.0,1.0,     121P   3875
1.0,1.0,1.0,1.0,1.0,1.0,1.0,1.0,1.0,1.0,1.0,1.0,1.0,1.0,1.0,1.0,     121P   3876
1.0,1.0,1.0,1.0,1.0,1.0,1.0,1.0,1.0,1.0,1.0,1.0,1.0,1.0,1.0,1.0,     121P   3877
1.0,1.0,1.0,1.0,1.0,1.0,1.0,1.0,1.0,1.0,1.0,1.0,1.0,1.0,1.0,1.0,     121P   3878
1.0,1.0,1.0,1.0,1.0,1.0,1.0,1.0,1.0,1.0,1.0,1.0,1.0,1.0,1.0,1.0,     121P   3879
1.0,1.0,1.0,1.0,1.0,1.0,1.0,1.0,1.0,1.0,1.0,1.0,1.0,1.0,1.0,1.0,     121P   3880
1.0,1.0,1.0,1.0,1.0,1.0,1.0,1.0,1.0,1.0,1.0,1.0,1.0,1.0,1.0,1.0,     121P   3881
1.0,1.0,1.0,1.0,1.0,1.0,1.0,1.0,1.0,1.0,1.0,1.0,1.0,1.0,1.0,1.0,     121P   3882
1.0,1.0,1.0,1.0,1.0,1.0,1.0,1.0,1.0,1.0,1.0,1.0,1.0,1.0,1.0,1.0,     121P   3883
1.0,1.0,1.0,1.0,1.0,1.0,1.0,1.0,1.0,1.0,1.0,1.0,1.0,1.0,1.0,1.0,     121P   3884
1.0,1.0,1.0,1.0,1.0,1.0,1.0,1.0,1.0,1.0,1.0,1.0,1.0,1.0,1.0,1.0,     121P   3885
1.0,1.0,1.0,1.0,1.0,1.0,1.0,1.0,1.0,4.344262295082,0.0,              121P   3886
0.16393442623,4.344262295082,0.0,0.16393442623,4.344262295082,       121P   3887
0.0,0.16393442623,4.344433427629,0.0,0.16262732126,                  121P   3888
4.344380295398,0.0,0.163949875405,4.344723599018,0.0,                121P   3889
0.161327733241,4.344613189486,0.0,0.163980367034,4.345125412203,     121P   3890
0.0,0.160068026165,4.344846083574,0.0,0.164010858662,                121P   3891
4.345527225388,0.0,0.158808319089,4.345193040654,0.0,                121P   3892
0.164056283972,4.346040196565,0.0,0.157585733985,4.345638320019,     121P   3893
0.0,0.164114582115,4.346646782665,0.0,0.156411976401,                121P   3894
4.34652887875,0.0,0.1642311784,4.347859954866,0.0,                   121P   3895
0.154064461234,4.347811772214,0.0,0.164399141059,4.34944574867,      121P   3896
0.0,0.151918880701,4.349328623043,0.0,0.164597734556,                121P   3897
4.351242374038,0.0,0.149980565139,4.350845473872,0.0,                121P   3898
0.164796328052,4.353038999406,0.0,0.148042249578,4.352593627274,     121P   3899
0.0,0.165025204808,4.355044631515,0.0,0.146304512137,                121P   3900
4.354473625495,0.0,0.165271343329,4.357163663944,0.0,                121P   3901
0.144724914952,4.356353623716,0.0,0.16551748185,4.359282696374,      121P   3902
0.0,0.143145317768,4.35836529173,0.0,0.165780859222,                 121P   3903
4.361515225791,0.0,0.141721762745,4.360453631443,0.0,                121P   3904
0.166054274826,4.363810676052,0.0,0.140413274557,4.362541971157,     121P   3905
0.0,0.16632769043,4.366106126312,0.0,0.139104786369,                 121P   3906
4.364711556272,0.0,0.166611743078,4.368468738178,0.0,                121P   3907
0.137914506816,4.366931134846,0.0,0.166902341112,4.370870661281,     121P   3908
0.0,0.136812363118,4.369150713419,0.0,0.167192939147,                121P   3909
4.373272584384,0.0,0.135710219419,4.371420277593,0.0,                121P   3910
0.16749008154,4.375713874379,0.0,0.134695725436,4.373724879702,      121P   3911
0.0,0.16779181127,4.37818169558,0.0,0.133750792919,                  121P   3912
4.378334083921,0.0,0.168395270729,4.383117337982,0.0,                121P   3913
0.131860927885,4.383079726454,0.0,0.169016593358,4.388155726077,     121P   3914
0.0,0.130246269197,4.387892575846,0.0,0.169646715035,                121P   3915
4.393239740294,0.0,0.128805242535,4.390299000542,0.0,                121P   3916
0.169961775874,4.395781747403,0.0,0.128084729204,4.392725338752,     121P   3917
0.0,0.170279443887,4.398337734482,0.0,0.127412143268,                121P   3918
4.395165500182,0.0,0.170598921703,4.40090282492,0.0,                 121P   3919
0.12677741728,4.397605661613,0.0,0.170918399519,4.403467915359,      121P   3920
0.0,0.126142691291,4.400059502929,0.0,0.171239668373,                121P   3921
4.406042039573,0.0,0.125545243185,4.402525277805,0.0,                121P   3922
0.171562499626,4.408623821656,0.0,0.124982015074,4.407456827558,     121P   3923
0.0,0.172208162133,4.413787385822,0.0,0.123855558852,                121P   3924
4.412430903866,0.0,0.172859392423,4.418977640903,0.0,                121P   3925
0.122855622528,4.417435707203,0.0,0.173514645646,4.424185745897,     121P   3926
0.0,0.121958064138,4.42244051054,0.0,0.174169898869,                 121P   3927
4.429393850891,0.0,0.121060505748,4.427475025816,0.0,                121P   3928
0.174829042123,4.434619072492,0.0,0.120263040147,4.43252849944,      121P   3929
0.0,0.175490667497,4.439853788721,0.0,0.119540340246,                121P   3930
4.437581973064,0.0,0.17615229287,4.445088504951,0.0,                 121P   3931
0.118817640345,4.442657626081,0.0,0.176816822078,4.450334983254,     121P   3932
0.0,0.118177411436,4.447748389299,0.0,0.177483329587,                121P   3933
4.455588350045,0.0,0.11760195801,4.457929915735,0.0,                 121P   3934
0.178816344605,4.466095083627,0.0,0.116451051159,4.468170037779,     121P   3935
0.0,0.180157031245,4.476628268103,0.0,0.115553336237,                121P   3936
4.478447026009,0.0,0.181502544585,4.487174063203,0.0,                121P   3937
0.114845711222,4.488724014238,0.0,0.182848057926,4.497719858304,     121P   3938
0.0,0.114138086207,4.499035470424,0.0,0.184198083979,                121P   3939
4.508276868818,0.0,0.113612576085,4.509372042632,0.0,                121P   3940
0.185551398344,4.518839701544,0.0,0.113237719788,4.51970861484,      121P   3941
0.0,0.186904712709,4.52940253427,0.0,0.11286286349,                  121P   3942
4.530067925268,0.0,0.188261004073,4.539969862864,0.0,                121P   3943
0.112630318703,4.540443489319,0.0,0.18961942344,4.550538290695,      121P   3944
0.0,0.112515650633,4.545631271345,0.0,0.190298633124,                121P   3945
4.555822504611,0.0,0.112458316598,4.550823872985,0.0,                121P   3946
0.190978473815,4.561107376052,0.0,0.112433403472,4.556019354627,     121P   3947
0.0,0.191658691569,4.566391956269,0.0,0.112433089133,                121P   3948
4.561214836268,0.0,0.192338909324,4.571676536486,0.0,                121P   3949
0.112432774795,4.566413528607,0.0,0.193019547439,4.576960973443,     121P   3950
0.0,0.112458498236,4.571615669542,0.0,0.193700637061,                121P   3951
4.582245400744,0.0,0.112511087205,4.592424233285,0.0,                121P   3952
0.196424995549,4.603383109951,0.0,0.112721443081,4.613277553611,     121P   3953
0.0,0.199155213786,4.624515560258,0.0,0.113319675369,                121P   3954
4.634155854098,0.0,0.201888702548,4.64563495915,0.0,                 121P   3955
0.114211662156,4.655034154584,0.0,0.20462219131,4.666754358042,      121P   3956
0.0,0.115103648942,4.675938164036,0.0,0.207359046015,                121P   3957
4.687860922397,0.0,0.116293395711,4.696856224298,0.0,                121P   3958
0.210097740321,4.708951286091,0.0,0.11771604187,4.738692344823,      121P   3959
0.0,0.215575128932,4.751132013479,0.0,0.120561334189,                121P   3960
4.78058439409,0.0,0.221059840006,4.793247221644,0.0,                 121P   3961
0.124341564673,4.822488764417,0.0,0.226546164213,4.835291958184,     121P   3962
0.0,0.128755776199,4.832964856999,0.0,0.227917745265,                121P   3963
4.84580314232,0.0,0.12985932908,4.843442457088,0.0,                  121P   3964
0.229289523687,4.856309953854,0.0,0.131007991407,4.853920505656,     121P   3965
0.0,0.230661360826,4.866812488356,0.0,0.132192805762,                121P   3966
4.864398554225,0.0,0.232033197965,4.877315022858,0.0,                121P   3967
0.133377620117,4.874876969374,0.0,0.233405083099,4.887813273775,     121P   3968
0.0,0.134598000288,4.885356113918,0.0,0.234777063728,                121P   3969
4.898307210647,0.0,0.135856997582,4.906314403006,0.0,                121P   3970
0.237521024987,4.919295084393,0.0,0.13837499217,4.927273836346,      121P   3971
0.0,0.240265136058,4.940265987078,0.0,0.141031500743,                121P   3972
4.948233220307,0.0,0.243009240663,4.96122038633,0.0,                 121P   3973
0.143813678393,4.99015198823,0.0,0.248497449873,5.003129184836,      121P   3974
0.0,0.149378033693,5.032069032558,0.0,0.253985433423,                121P   3975
5.044972098892,0.0,0.155432221916,5.073976715078,0.0,                121P   3976
0.259472191278,5.086755467448,0.0,0.16186848588,5.094930556338,      121P   3977
0.0,0.262215570206,5.107647151726,0.0,0.165086617862,                121P   3978
5.115882322227,0.0,0.264958677416,5.128523813378,0.0,                121P   3979
0.168403368861,5.13683125898,0.0,0.267701414222,5.149386397723,      121P   3980
0.0,0.171805662625,5.157780195734,0.0,0.270444151028,                121P   3981
5.170248982067,0.0,0.175207956389,5.178726384574,0.0,                121P   3982
0.273186528064,5.191097595753,0.0,0.178695609363,5.199669513344,     121P   3983
0.0,0.275928504461,5.211932772364,0.0,0.182262120931,                121P   3984
5.241555770884,0.0,0.281412457254,5.253603125585,0.0,                121P   3985
0.189395144067,5.283429552308,0.0,0.286894776613,5.295220937702,     121P   3986
0.0,0.19683254887,5.325289785412,0.0,0.29237532216,                  121P   3987
5.336791368037,0.0,0.204526598776,5.409010251621,0.0,                121P   3988
0.303336413254,5.419932228708,0.0,0.219914698589,5.492676006239,     121P   3989
0.0,0.314290341241,5.50288771023,0.0,0.236293669968,                 121P   3990
5.57628790722,0.0,0.325237218447,5.585695419292,0.0,                 121P   3991
0.253382939552,5.659899808201,0.0,0.336184095653,5.668503128354,     121P   3992
0.0,0.270472209135,5.743458521775,0.0,0.347124009305,                121P   3993
5.751163970605,0.0,0.288270035478,5.826965488544,0.0,                121P   3994
0.358057148013,5.833697596259,0.0,0.306637522759,5.910472455313,     121P   3995
0.0,0.368990286721,5.916231221913,0.0,0.32500501004,                 121P   3996
5.993928005589,0.0,0.379916693732,5.998638024309,0.0,                121P   3997
0.343941720095,6.077326960061,0.0,0.390835690944,6.080916060299,     121P   3998
0.0,0.363422257135,6.160725914533,0.0,0.401754688156,                121P   3999
6.163194096288,0.0,0.382902794174,6.244068478816,0.0,                121P   4000
0.41266630249,6.245343490371,0.0,0.402927804658,6.327338241015,      121P   4001
0.0,0.423568385221,6.327338241015,0.0,0.423568385221,0.0,1.0,        121P   4002
0.0,32.0,,1,123;                                                     121P   4003
406,1,36HSurf_LJBKSMCKUS, H_Tail, 1, 1, lower;                       123P   4004
128,1,96,1,3,0,0,1,0,0,0.0,0.0,1.0,1.0,0.0,0.0,0.0,0.0,1.0,1.0,      125P   4005
1.0,2.0,2.0,2.0,3.0,3.0,3.0,4.0,4.0,4.0,5.0,5.0,5.0,6.0,6.0,6.0,     125P   4006
7.0,7.0,7.0,8.0,8.0,8.0,9.0,9.0,9.0,10.0,10.0,10.0,11.0,11.0,        125P   4007
11.0,12.0,12.0,12.0,13.0,13.0,13.0,14.0,14.0,14.0,15.0,15.0,         125P   4008
15.0,16.0,16.0,16.0,17.0,17.0,17.0,18.0,18.0,18.0,19.0,19.0,         125P   4009
19.0,20.0,20.0,20.0,21.0,21.0,21.0,22.0,22.0,22.0,23.0,23.0,         125P   4010
23.0,24.0,24.0,24.0,25.0,25.0,25.0,26.0,26.0,26.0,27.0,27.0,         125P   4011
27.0,28.0,28.0,28.0,29.0,29.0,29.0,30.0,30.0,30.0,31.0,31.0,         125P   4012
31.0,32.0,32.0,32.0,32.0,1.0,1.0,1.0,1.0,1.0,1.0,1.0,1.0,1.0,        125P   4013
1.0,1.0,1.0,1.0,1.0,1.0,1.0,1.0,1.0,1.0,1.0,1.0,1.0,1.0,1.0,1.0,     125P   4014
1.0,1.0,1.0,1.0,1.0,1.0,1.0,1.0,1.0,1.0,1.0,1.0,1.0,1.0,1.0,1.0,     125P   4015
1.0,1.0,1.0,1.0,1.0,1.0,1.0,1.0,1.0,1.0,1.0,1.0,1.0,1.0,1.0,1.0,     125P   4016
1.0,1.0,1.0,1.0,1.0,1.0,1.0,1.0,1.0,1.0,1.0,1.0,1.0,1.0,1.0,1.0,     125P   4017
1.0,1.0,1.0,1.0,1.0,1.0,1.0,1.0,1.0,1.0,1.0,1.0,1.0,1.0,1.0,1.0,     125P   4018
1.0,1.0,1.0,1.0,1.0,1.0,1.0,1.0,1.0,1.0,1.0,1.0,1.0,1.0,1.0,1.0,     125P   4019
1.0,1.0,1.0,1.0,1.0,1.0,1.0,1.0,1.0,1.0,1.0,1.0,1.0,1.0,1.0,1.0,     125P   4020
1.0,1.0,1.0,1.0,1.0,1.0,1.0,1.0,1.0,1.0,1.0,1.0,1.0,1.0,1.0,1.0,     125P   4021
1.0,1.0,1.0,1.0,1.0,1.0,1.0,1.0,1.0,1.0,1.0,1.0,1.0,1.0,1.0,1.0,     125P   4022
1.0,1.0,1.0,1.0,1.0,1.0,1.0,1.0,1.0,1.0,1.0,1.0,1.0,1.0,1.0,1.0,     125P   4023
1.0,1.0,1.0,1.0,1.0,1.0,1.0,1.0,1.0,1.0,1.0,1.0,1.0,1.0,1.0,1.0,     125P   4024
1.0,1.0,1.0,1.0,1.0,1.0,1.0,1.0,1.0,6.327338241015,0.0,              125P   4025
0.423568385221,6.327338241015,0.0,0.423568385221,6.244068478816,     125P   4026
0.0,0.41266630249,6.24279346726,0.0,0.422404800323,                  125P   4027
6.160725914533,0.0,0.401754688156,6.158257732778,0.0,                125P   4028
0.420606582138,6.077326960061,0.0,0.390835690944,6.073737859823,     125P   4029
0.0,0.418249124753,5.993928005589,0.0,0.379916693732,                125P   4030
5.989217986868,0.0,0.415891667368,5.910472455313,0.0,                125P   4031
0.368990286721,5.904713688713,0.0,0.412975563402,5.826965488544,     125P   4032
0.0,0.358057148013,5.820233380829,0.0,0.409476773267,                125P   4033
5.743458521775,0.0,0.347124009305,5.735753072945,0.0,                125P   4034
0.405977983131,5.659899808201,0.0,0.336184095653,5.651296488049,     125P   4035
0.0,0.401895982171,5.57628790722,0.0,0.325237218447,                 125P   4036
5.566880395149,0.0,0.397091497342,5.492676006239,0.0,                125P   4037
0.314290341241,5.482464302248,0.0,0.392287012513,5.409010251621,     125P   4038
0.0,0.303336413254,5.398088274533,0.0,0.38675812792,                 125P   4039
5.325289785412,0.0,0.29237532216,5.313788202787,0.0,                 125P   4040
0.380224045544,5.283429552308,0.0,0.286894776613,5.271638166914,     125P   4041
0.0,0.376957004356,5.241555770884,0.0,0.281412457254,                125P   4042
5.229508416184,0.0,0.373429770441,5.199669513344,0.0,                125P   4043
0.275928504461,5.187406254325,0.0,0.369594887991,5.178726384574,     125P   4044
0.0,0.273186528064,5.166355173395,0.0,0.367677446766,                125P   4045
5.157780195734,0.0,0.270444151028,5.1453114094,0.0,                  125P   4046
0.365680345668,5.13683125898,0.0,0.267701414222,5.124276120238,      125P   4047
0.0,0.36359716582,5.115882322227,0.0,0.264958677416,                 125P   4048
5.103240831076,0.0,0.361513985972,5.094930556338,0.0,                125P   4049
0.262215570206,5.082213960949,0.0,0.35934452255,5.073976715078,      125P   4050
0.0,0.259472191278,5.061197962707,0.0,0.357075896677,                125P   4051
5.032069032558,0.0,0.253985433423,5.019165966225,0.0,                125P   4052
0.352538644929,4.99015198823,0.0,0.248497449873,4.977174791623,      125P   4053
0.0,0.347616866054,4.948233220307,0.0,0.243009240663,                125P   4054
4.935246054284,0.0,0.342204802933,4.927273836346,0.0,                125P   4055
0.240265136058,4.914281685614,0.0,0.339498771372,4.906314403006,     125P   4056
0.0,0.237521024987,4.89333372162,0.0,0.336667057805,                 125P   4057
4.885356113918,0.0,0.234777063728,4.872405017189,0.0,                125P   4058
0.333697129875,4.874876969374,0.0,0.233405083099,4.861940664973,     125P   4059
0.0,0.33221216591,4.864398554225,0.0,0.232033197965,                 125P   4060
4.851482085591,0.0,0.330688775813,4.853920505656,0.0,                125P   4061
0.230661360826,4.841028522956,0.0,0.32912991589,4.843442457088,      125P   4062
0.0,0.229289523687,4.830574960322,0.0,0.327571055967,                125P   4063
4.832964856999,0.0,0.227917745265,4.820126571678,0.0,                125P   4064
0.325976161449,4.822488764417,0.0,0.226546164213,4.80968557065,      125P   4065
0.0,0.324336552227,4.78058439409,0.0,0.221059840006,                 125P   4066
4.767921566535,0.0,0.317778115338,4.738692344823,0.0,                125P   4067
0.215575128932,4.726252676166,0.0,0.310588923675,4.696856224298,     125P   4068
0.0,0.210097740321,4.684761162505,0.0,0.302479438771,                125P   4069
4.675938164036,0.0,0.207359046015,4.664015405674,0.0,                125P   4070
0.29842469632,4.655034154584,0.0,0.20462219131,4.643313951126,       125P   4071
0.0,0.294140733679,4.634155854098,0.0,0.201888702548,                125P   4072
4.622676749045,0.0,0.289565742941,4.613277553611,0.0,                125P   4073
0.199155213786,4.602039546964,0.0,0.284990752204,4.592424233285,     125P   4074
0.0,0.196424995549,4.58146535662,0.0,0.280128548017,                 125P   4075
4.571615669542,0.0,0.193700637061,4.560985938341,0.0,                125P   4076
0.274890186917,4.566413528607,0.0,0.193019547439,4.555866083771,     125P   4077
0.0,0.273580596642,4.561214836268,0.0,0.192338909324,                125P   4078
4.55075313605,0.0,0.272245043853,4.556019354627,0.0,                 125P   4079
0.191658691569,4.545646752984,0.0,0.270884294005,4.550823872985,     125P   4080
0.0,0.190978473815,4.540540369918,0.0,0.269523544157,                125P   4081
4.545631271345,0.0,0.190298633124,4.535440038079,0.0,                125P   4082
0.26813894965,4.540443489319,0.0,0.18961942344,4.530348687944,       125P   4083
0.0,0.266723196247,4.530067925268,0.0,0.188261004073,                125P   4084
4.520165987673,0.0,0.263891689442,4.51970861484,0.0,                 125P   4085
0.186904712709,4.51001469541,0.0,0.260946561928,4.509372042632,      125P   4086
0.0,0.185551398344,4.49990438372,0.0,0.257865076901,                 125P   4087
4.499035470424,0.0,0.184198083979,4.48979407203,0.0,                 125P   4088
0.254783591873,4.488724014238,0.0,0.182848057926,4.479728170173,     125P   4089
0.0,0.251558029645,4.478447026009,0.0,0.181502544585,                125P   4090
4.469719988814,0.0,0.248159377949,4.468170037779,0.0,                125P   4091
0.180157031245,4.459711807455,0.0,0.244760726253,4.457929915735,     125P   4092
0.0,0.178816344605,4.449764747843,0.0,0.241181638051,                125P   4093
4.447748389299,0.0,0.177483329587,4.439908428553,0.0,                125P   4094
0.237364701164,4.442657626081,0.0,0.176816822078,4.434980268908,     125P   4095
0.0,0.23545623272,4.437581973064,0.0,0.17615229287,                  125P   4096
4.430075441177,0.0,0.233486945396,4.43252849944,0.0,                 125P   4097
0.175490667497,4.425203210158,0.0,0.231440994747,4.427475025816,     125P   4098
0.0,0.174829042123,4.42033097914,0.0,0.229395044099,                 125P   4099
4.42244051054,0.0,0.174169898869,4.415487170188,0.0,                 125P   4100
0.22727929199,4.417435707203,0.0,0.173514645646,4.410685668508,      125P   4101
0.0,0.225071227154,4.412430903866,0.0,0.172859392423,                125P   4102
4.405884166829,0.0,0.222863162319,4.407456827558,0.0,                125P   4103
0.172208162133,4.401126269295,0.0,0.220560765415,4.402525277805,     125P   4104
0.0,0.171562499626,4.396426733954,0.0,0.218142984179,                125P   4105
4.400059502929,0.0,0.171239668373,4.394076966284,0.0,                125P   4106
0.216934093561,4.397605661613,0.0,0.170918399519,4.391743407866,     125P   4107
0.0,0.215694107748,4.395165500182,0.0,0.170598921703,                125P   4108
4.389428175444,0.0,0.214420426127,4.392725338752,0.0,                125P   4109
0.170279443887,4.387112943022,0.0,0.213146744506,4.390299000542,     125P   4110
0.0,0.169961775874,4.384816253681,0.0,0.211838822544,                125P   4111
4.387892575846,0.0,0.169646715035,4.382545411398,0.0,                125P   4112
0.210488187536,4.383079726454,0.0,0.169016593358,4.378003726832,     125P   4113
0.0,0.207786917519,4.378334083921,0.0,0.168395270729,                125P   4114
4.37355082986,0.0,0.204929613574,4.373724879702,0.0,                 125P   4115
0.16779181127,4.369268063825,0.0,0.20183282962,4.371420277593,       125P   4116
0.0,0.16749008154,4.367126680807,0.0,0.200284437644,                 125P   4117
4.369150713419,0.0,0.167192939147,4.365028842454,0.0,                125P   4118
0.198675658875,4.366931134846,0.0,0.166902341112,4.36299160841,      125P   4119
0.0,0.196992319107,4.364711556272,0.0,0.166611743078,                125P   4120
4.360954374366,0.0,0.195308979339,4.362541971157,0.0,                125P   4121
0.16632769043,4.358977816001,0.0,0.193550594491,4.360453631443,      125P   4122
0.0,0.166054274826,4.357096586835,0.0,0.191695275095,                125P   4123
4.35836529173,0.0,0.165780859222,4.355215357669,0.0,                 125P   4124
0.189839955699,4.356353623716,0.0,0.16551748185,4.353424551058,      125P   4125
0.0,0.187889645933,4.354473625495,0.0,0.165271343329,                125P   4126
4.351783587046,0.0,0.185817771706,4.352593627274,0.0,                125P   4127
0.165025204808,4.350142623033,0.0,0.183745897479,4.350845473872,     125P   4128
0.0,0.164796328052,4.348651948338,0.0,0.181550406526,                125P   4129
4.349328623043,0.0,0.164597734556,4.347414872048,0.0,                125P   4130
0.179214903972,4.347811772214,0.0,0.164399141059,4.346177795758,     125P   4131
0.0,0.176879401417,4.34652887875,0.0,0.1642311784,                   125P   4132
4.345197802634,0.0,0.174397895566,4.345638320019,0.0,                125P   4133
0.164114582115,4.344629857373,0.0,0.171817187828,4.345193040654,     125P   4134
0.0,0.164056283972,4.344345884743,0.0,0.170526833959,                125P   4135
4.344846083574,0.0,0.164010858662,4.344164941761,0.0,                125P   4136
0.169213398234,4.344613189486,0.0,0.163980367034,4.344100966769,     125P   4137
0.0,0.167892707902,4.344380295398,0.0,0.163949875405,                125P   4138
4.344036991778,0.0,0.16657201757,4.344262295082,0.0,                 125P   4139
0.16393442623,4.344091162535,0.0,0.165241531199,4.344262295082,      125P   4140
0.0,0.16393442623,4.344262295082,0.0,0.16393442623,0.0,1.0,0.0,      125P   4141
32.0,,1,127;                                                         125P   4142
406,1,36HSurf_LJBKSMCKUS, H_Tail, 1, 4, upper;                       127P   4143
128,1,96,1,3,0,0,1,0,0,0.0,0.0,1.0,1.0,0.0,0.0,0.0,0.0,1.0,1.0,      129P   4144
1.0,2.0,2.0,2.0,3.0,3.0,3.0,4.0,4.0,4.0,5.0,5.0,5.0,6.0,6.0,6.0,     129P   4145
7.0,7.0,7.0,8.0,8.0,8.0,9.0,9.0,9.0,10.0,10.0,10.0,11.0,11.0,        129P   4146
11.0,12.0,12.0,12.0,13.0,13.0,13.0,14.0,14.0,14.0,15.0,15.0,         129P   4147
15.0,16.0,16.0,16.0,17.0,17.0,17.0,18.0,18.0,18.0,19.0,19.0,         129P   4148
19.0,20.0,20.0,20.0,21.0,21.0,21.0,22.0,22.0,22.0,23.0,23.0,         129P   4149
23.0,24.0,24.0,24.0,25.0,25.0,25.0,26.0,26.0,26.0,27.0,27.0,         129P   4150
27.0,28.0,28.0,28.0,29.0,29.0,29.0,30.0,30.0,30.0,31.0,31.0,         129P   4151
31.0,32.0,32.0,32.0,32.0,1.0,1.0,1.0,1.0,1.0,1.0,1.0,1.0,1.0,        129P   4152
1.0,1.0,1.0,1.0,1.0,1.0,1.0,1.0,1.0,1.0,1.0,1.0,1.0,1.0,1.0,1.0,     129P   4153
1.0,1.0,1.0,1.0,1.0,1.0,1.0,1.0,1.0,1.0,1.0,1.0,1.0,1.0,1.0,1.0,     129P   4154
1.0,1.0,1.0,1.0,1.0,1.0,1.0,1.0,1.0,1.0,1.0,1.0,1.0,1.0,1.0,1.0,     129P   4155
1.0,1.0,1.0,1.0,1.0,1.0,1.0,1.0,1.0,1.0,1.0,1.0,1.0,1.0,1.0,1.0,     129P   4156
1.0,1.0,1.0,1.0,1.0,1.0,1.0,1.0,1.0,1.0,1.0,1.0,1.0,1.0,1.0,1.0,     129P   4157
1.0,1.0,1.0,1.0,1.0,1.0,1.0,1.0,1.0,1.0,1.0,1.0,1.0,1.0,1.0,1.0,     129P   4158
1.0,1.0,1.0,1.0,1.0,1.0,1.0,1.0,1.0,1.0,1.0,1.0,1.0,1.0,1.0,1.0,     129P   4159
1.0,1.0,1.0,1.0,1.0,1.0,1.0,1.0,1.0,1.0,1.0,1.0,1.0,1.0,1.0,1.0,     129P   4160
1.0,1.0,1.0,1.0,1.0,1.0,1.0,1.0,1.0,1.0,1.0,1.0,1.0,1.0,1.0,1.0,     129P   4161
1.0,1.0,1.0,1.0,1.0,1.0,1.0,1.0,1.0,1.0,1.0,1.0,1.0,1.0,1.0,1.0,     129P   4162
1.0,1.0,1.0,1.0,1.0,1.0,1.0,1.0,1.0,1.0,1.0,1.0,1.0,1.0,1.0,1.0,     129P   4163
1.0,1.0,1.0,1.0,1.0,1.0,1.0,1.0,1.0,4.344262295082,0.0,              129P   4164
0.16393442623,6.699465428831,-3.074112643422,0.538005480117,         129P   4165
4.344433427629,0.0,0.16262732126,6.69951396249,-3.074120567976,      129P   4166
0.537634781568,4.344723599018,0.0,0.161327733241,6.699596270926,     129P   4167
-3.07412854062,0.537266216815,4.345125412203,0.0,0.160068026165,     129P   4168
6.699710255921,-3.074136362677,0.536908964323,4.345527225388,        129P   4169
0.0,0.158808319089,6.699824240917,-3.074144184733,                   129P   4170
0.536551711831,4.346040196565,0.0,0.157585733985,6.699969765156,     129P   4171
-3.074151872269,0.536204989135,4.346646782665,0.0,                   129P   4172
0.156411976401,6.700141851373,-3.074159341824,0.535872115698,        129P   4173
4.347859954866,0.0,0.154064461234,6.700486023807,                    129P   4174
-3.074174280933,0.535206368824,4.34944574867,0.0,0.151918880701,     129P   4175
6.700935922739,-3.074188307195,0.53459789771,4.351242374038,0.0,     129P   4176
0.149980565139,6.701445643891,-3.074201262582,0.534048211413,        129P   4177
4.353038999406,0.0,0.148042249578,6.701955365043,-3.07421421797,     129P   4178
0.533498525115,4.355044631515,0.0,0.146304512137,6.702524390552,     129P   4179
-3.074226140914,0.533005727181,4.357163663944,0.0,                   129P   4180
0.144724914952,6.703125593502,-3.074237209758,0.532557780456,        129P   4181
4.359282696374,0.0,0.143145317768,6.703726796452,                    129P   4182
-3.074248278602,0.532109833731,4.361515225791,0.0,                   129P   4183
0.141721762745,6.704360204236,-3.074258505926,0.531706143187,        129P   4184
4.363810676052,0.0,0.140413274557,6.705011466312,                    129P   4185
-3.074268096496,0.531335087192,4.366106126312,0.0,                   129P   4186
0.139104786369,6.705662728389,-3.074277687066,0.530964031196,        129P   4187
4.368468738178,0.0,0.137914506816,6.706333048034,                    129P   4188
-3.074286625464,0.530626500849,4.370870661281,0.0,                   129P   4189
0.136812363118,6.707014522822,-3.074295069206,0.530313966905,        129P   4190
4.373272584384,0.0,0.135710219419,6.707695997611,                    129P   4191
-3.074303512948,0.530001432962,4.375713874379,0.0,                   129P   4192
0.134695725436,6.708388643328,-3.074311464974,0.529713757551,        129P   4193
4.37818169558,0.0,0.133750792919,6.709088817832,-3.074319023083,     129P   4194
0.529445810548,4.383117337982,0.0,0.131860927885,6.710489166839,     129P   4195
-3.074334139301,0.52890991654,4.388155726077,0.0,0.130246269197,     129P   4196
6.711918672191,-3.074347695331,0.528452074083,4.393239740294,        129P   4197
0.0,0.128805242535,6.713361125801,-3.074360252033,                   129P   4198
0.528043475265,4.395781747403,0.0,0.128084729204,6.714082352605,     129P   4199
-3.074366530383,0.527839175856,4.398337734482,0.0,                   129P   4200
0.127412143268,6.714807546705,-3.074372533972,0.527648469119,        129P   4201
4.40090282492,0.0,0.12677741728,6.715535324304,-3.074378319,         129P   4202
0.527468499798,4.403467915359,0.0,0.126142691291,6.716263101903,     129P   4203
-3.074384104029,0.527288530477,4.406042039573,0.0,                   129P   4204
0.125545243185,6.716993443248,-3.074389673912,0.527119133494,        129P   4205
4.408623821656,0.0,0.124982015074,6.717725957907,                    129P   4206
-3.074395045803,0.526959441594,4.413787385822,0.0,                   129P   4207
0.123855558852,6.719190987224,-3.074405789584,0.526640057795,        129P   4208
4.418977640903,0.0,0.122855622528,6.720663591576,                    129P   4209
-3.074415800072,0.526356556094,4.424185745897,0.0,                   129P   4210
0.121958064138,6.722141262128,-3.074425214266,0.526102089569,        129P   4211
4.429393850891,0.0,0.121060505748,6.72361893268,-3.074434628459,     129P   4212
0.525847623043,4.434619072492,0.0,0.120263040147,6.725101461335,     129P   4213
-3.074443459407,0.525621543603,4.439853788721,0.0,                   129P   4214
0.119540340246,6.726586685107,-3.074451852122,0.525416668235,        129P   4215
4.445088504951,0.0,0.118817640345,6.72807190888,-3.074460244838,     129P   4216
0.525211792868,4.450334983254,0.0,0.118177411436,6.729560471235,     129P   4217
-3.074468155163,0.52503030687,4.455588350045,0.0,0.11760195801,      129P   4218
6.73105098911,-3.07447568477,0.524867191629,4.466095083627,0.0,      129P   4219
0.116451051159,6.734032024859,-3.074490743983,0.524540961146,        129P   4220
4.476628268103,0.0,0.115553336237,6.73702056962,-3.074504314686,     129P   4221
0.524286537565,4.487174063203,0.0,0.114845711222,6.740012695487,     129P   4222
-3.074516762199,0.524086024618,4.497719858304,0.0,                   129P   4223
0.114138086207,6.743004821353,-3.074529209711,0.523885511671,        129P   4224
4.508276868818,0.0,0.113612576085,6.746000132334,                    129P   4225
-3.074540580479,0.523736647581,4.518839701544,0.0,                   129P   4226
0.113237719788,6.74899709771,-3.074551057818,0.523630509747,         129P   4227
4.52940253427,0.0,0.11286286349,6.751994063086,-3.074561535156,      129P   4228
0.523524371914,4.539969862864,0.0,0.112630318703,6.754992306399,     129P   4229
-3.074571167755,0.523458594394,4.550538290695,0.0,                   129P   4230
0.112515650633,6.757990863531,-3.074580098606,0.523426247304,        129P   4231
4.555822504611,0.0,0.112458316598,6.759490142096,                    129P   4232
-3.074584564032,0.52341007376,4.561107376052,0.0,0.112433403472,     129P   4233
6.760989607752,-3.074588836726,0.523403094954,4.566391956269,        129P   4234
0.0,0.112433089133,6.762488991183,-3.074592962572,0.52340309248,     129P   4235
4.571676536486,0.0,0.112432774795,6.763988374614,                    129P   4236
-3.074597088417,0.523403090006,4.576960973443,0.0,                   129P   4237
0.112458498236,6.765487717825,-3.074601058953,0.523410471971,        129P   4238
4.582245400744,0.0,0.112511087205,6.766987058737,                    129P   4239
-3.074604869348,0.523425473131,4.603383109951,0.0,                   129P   4240
0.112721443081,6.772984422386,-3.074620110932,0.523485477771,        129P   4241
4.624515560258,0.0,0.113319675369,6.778980300299,                    129P   4242
-3.074633036471,0.523655485971,4.64563495915,0.0,0.114211662156,     129P   4243
6.784972479978,-3.074644200901,0.523908804167,4.666754358042,        129P   4244
0.0,0.115103648942,6.790964659658,-3.074655365331,                   129P   4245
0.524162122363,4.687860922397,0.0,0.116293395711,6.796953202703,     129P   4246
-3.074664744945,0.524499886535,4.708951286091,0.0,0.11771604187,     129P   4247
6.802937152987,-3.074672723718,0.524903701846,4.751132013479,        129P   4248
0.0,0.120561334189,6.814905053554,-3.074688681265,                   129P   4249
0.525711332469,4.793247221644,0.0,0.124341564673,6.826854379817,     129P   4250
-3.074699014978,0.526784115049,4.835291958184,0.0,                   129P   4251
0.128755776199,6.838783721704,-3.07470551485,0.528036696594,         129P   4252
4.84580314232,0.0,0.12985932908,6.841766057175,-3.074707139818,      129P   4253
0.52834984198,4.856309953854,0.0,0.131007991407,6.844747152758,      129P   4254
-3.074708492498,0.528675780554,4.866812488356,0.0,                   129P   4255
0.132192805762,6.847727035419,-3.074709626357,0.529011971949,        129P   4256
4.877315022858,0.0,0.133377620117,6.85070691808,-3.074710760215,     129P   4257
0.529348163345,4.887813273775,0.0,0.134598000288,6.853685585952,     129P   4258
-3.074711678741,0.529694441309,4.898307210647,0.0,                   129P   4259
0.135856997582,6.856663030442,-3.074712363722,0.530051671207,        129P   4260
4.919295084393,0.0,0.13837499217,6.862617919421,-3.074713733685,     129P   4261
0.530766131004,4.940265987078,0.0,0.141031500743,6.868567995507,     129P   4262
-3.07471426479,0.531519873766,4.96122038633,0.0,0.143813678393,      129P   4263
6.874513391168,-3.074714033966,0.532309256621,5.003129184836,        129P   4264
0.0,0.149378033693,6.886404182491,-3.074713572317,                   129P   4265
0.533888022331,5.044972098892,0.0,0.155432221916,6.898276288583,     129P   4266
-3.074710139601,0.535605705971,5.086755467448,0.0,0.16186848588,     129P   4267
6.910131506216,-3.074704383054,0.537431747181,5.107647151726,        129P   4268
0.0,0.165086617862,6.916059115033,-3.07470150478,0.538344767786,     129P   4269
5.128523813378,0.0,0.168403368861,6.921982463126,                    129P   4270
-3.074698026963,0.53928575698,5.149386397723,0.0,0.171805662625,     129P   4271
6.927901818497,-3.074694028283,0.540251006289,5.170248982067,        129P   4272
0.0,0.175207956389,6.933821173868,-3.074690029603,                   129P   4273
0.541216255598,5.191097595753,0.0,0.178695609363,6.939736566771,     129P   4274
-3.074685511237,0.542205712967,5.211932772364,0.0,                   129P   4275
0.182262120931,6.945648148493,-3.074680512347,0.543217534798,        129P   4276
5.253603125585,0.0,0.189395144067,6.957471311938,                    129P   4277
-3.074670514568,0.54524117846,5.295220937702,0.0,0.19683254887,      129P   4278
6.969279572991,-3.074658661519,0.547351145389,5.336791368037,        129P   4279
0.0,0.204526598776,6.981074394715,-3.074645241759,                   129P   4280
0.549533897346,5.419932228708,0.0,0.219914698589,7.004664038164,     129P   4281
-3.07461840224,0.55389940126,5.50288771023,0.0,0.236293669968,       129P   4282
7.028201100606,-3.07458551196,0.558545918151,5.585695419292,0.0,     129P   4283
0.253382939552,7.051696247512,-3.074548272626,0.56339387666,         129P   4284
5.668503128354,0.0,0.270472209135,7.075191394419,                    129P   4285
-3.074511033292,0.568241835169,5.751163970605,0.0,                   129P   4286
0.288270035478,7.098644882718,-3.07446945599,0.573290741428,         129P   4287
5.833697596259,0.0,0.306637522759,7.122062285448,                    129P   4288
-3.074424383944,0.578501204226,5.916231221913,0.0,0.32500501004,     129P   4289
7.145479688178,-3.074379311898,0.583711667025,5.998638024309,        129P   4290
0.0,0.343941720095,7.168861116934,-3.074330748027,                   129P   4291
0.589083562103,6.080916060299,0.0,0.363422257135,7.192206019973,     129P   4292
-3.074278842186,0.59460968706,6.163194096288,0.0,0.382902794174,     129P   4293
7.215550923011,-3.074226936345,0.600135812016,6.245343490371,        129P   4294
0.0,0.402927804658,7.238859335668,-3.074171684778,                   129P   4295
0.605816350192,6.327338241015,0.0,0.423568385221,7.262123881745,     129P   4296
-3.074112643422,0.611671464514,0.0,1.0,0.0,32.0,,1,131;              129P   4297
406,1,36HSurf_LJBKSMCKUS, H_Tail, 1, 7, lower;                       131P   4298
128,1,96,1,3,0,0,1,0,0,0.0,0.0,1.0,1.0,0.0,0.0,0.0,0.0,1.0,1.0,      133P   4299
1.0,2.0,2.0,2.0,3.0,3.0,3.0,4.0,4.0,4.0,5.0,5.0,5.0,6.0,6.0,6.0,     133P   4300
7.0,7.0,7.0,8.0,8.0,8.0,9.0,9.0,9.0,10.0,10.0,10.0,11.0,11.0,        133P   4301
11.0,12.0,12.0,12.0,13.0,13.0,13.0,14.0,14.0,14.0,15.0,15.0,         133P   4302
15.0,16.0,16.0,16.0,17.0,17.0,17.0,18.0,18.0,18.0,19.0,19.0,         133P   4303
19.0,20.0,20.0,20.0,21.0,21.0,21.0,22.0,22.0,22.0,23.0,23.0,         133P   4304
23.0,24.0,24.0,24.0,25.0,25.0,25.0,26.0,26.0,26.0,27.0,27.0,         133P   4305
27.0,28.0,28.0,28.0,29.0,29.0,29.0,30.0,30.0,30.0,31.0,31.0,         133P   4306
31.0,32.0,32.0,32.0,32.0,1.0,1.0,1.0,1.0,1.0,1.0,1.0,1.0,1.0,        133P   4307
1.0,1.0,1.0,1.0,1.0,1.0,1.0,1.0,1.0,1.0,1.0,1.0,1.0,1.0,1.0,1.0,     133P   4308
1.0,1.0,1.0,1.0,1.0,1.0,1.0,1.0,1.0,1.0,1.0,1.0,1.0,1.0,1.0,1.0,     133P   4309
1.0,1.0,1.0,1.0,1.0,1.0,1.0,1.0,1.0,1.0,1.0,1.0,1.0,1.0,1.0,1.0,     133P   4310
1.0,1.0,1.0,1.0,1.0,1.0,1.0,1.0,1.0,1.0,1.0,1.0,1.0,1.0,1.0,1.0,     133P   4311
1.0,1.0,1.0,1.0,1.0,1.0,1.0,1.0,1.0,1.0,1.0,1.0,1.0,1.0,1.0,1.0,     133P   4312
1.0,1.0,1.0,1.0,1.0,1.0,1.0,1.0,1.0,1.0,1.0,1.0,1.0,1.0,1.0,1.0,     133P   4313
1.0,1.0,1.0,1.0,1.0,1.0,1.0,1.0,1.0,1.0,1.0,1.0,1.0,1.0,1.0,1.0,     133P   4314
1.0,1.0,1.0,1.0,1.0,1.0,1.0,1.0,1.0,1.0,1.0,1.0,1.0,1.0,1.0,1.0,     133P   4315
1.0,1.0,1.0,1.0,1.0,1.0,1.0,1.0,1.0,1.0,1.0,1.0,1.0,1.0,1.0,1.0,     133P   4316
1.0,1.0,1.0,1.0,1.0,1.0,1.0,1.0,1.0,1.0,1.0,1.0,1.0,1.0,1.0,1.0,     133P   4317
1.0,1.0,1.0,1.0,1.0,1.0,1.0,1.0,1.0,1.0,1.0,1.0,1.0,1.0,1.0,1.0,     133P   4318
1.0,1.0,1.0,1.0,1.0,1.0,1.0,1.0,1.0,6.327338241015,0.0,              133P   4319
0.423568385221,7.262123881745,-3.074112643422,0.611671464514,        133P   4320
6.24279346726,0.0,0.422404800323,7.238136142129,-3.074053602066,     133P   4321
0.611340079508,6.158257732778,0.0,0.420606582138,7.214150956799,     133P   4322
-3.073998350499,0.61082870955,6.073737859823,0.0,0.418249124753,     133P   4323
7.190170262657,-3.073946444658,0.610158736882,5.989217986868,        133P   4324
0.0,0.415891667368,7.166189568515,-3.073894538816,                   133P   4325
0.609488764214,5.904713688713,0.0,0.412975563402,7.142213284218,     133P   4326
-3.073845974945,0.608660356902,5.820233380829,0.0,                   133P   4327
0.409476773267,7.118243797075,-3.073800902899,0.607666697338,        133P   4328
5.735753072945,0.0,0.405977983131,7.094274309933,                    133P   4329
-3.073755830854,0.606673037774,5.651296488049,0.0,                   133P   4330
0.401895982171,7.070311544101,-3.073714253552,0.60551397716,         133P   4331
5.566880395149,0.0,0.397091497342,7.046360255133,                    133P   4332
-3.073677014217,0.604150017254,5.482464302248,0.0,                   133P   4333
0.392287012513,7.022408966165,-3.073639774883,0.602786057348,        133P   4334
5.398088274533,0.0,0.38675812792,6.998469032931,-3.073606884603,     133P   4335
0.601216654787,5.313788202787,0.0,0.380224045544,6.974550634047,     133P   4336
-3.073580045084,0.599362174469,5.271638166914,0.0,                   133P   4337
0.376957004356,6.962591434604,-3.073566625325,0.59843493431,         133P   4338
5.229508416184,0.0,0.373429770441,6.950637986358,                    133P   4339
-3.073554772276,0.597433902554,5.187406254325,0.0,                   133P   4340
0.369594887991,6.938692360802,-3.073544774496,0.596345620624,        133P   4341
5.166355173395,0.0,0.367677446766,6.932719548023,                    133P   4342
-3.073539775607,0.595801479659,5.1453114094,0.0,0.365680345668,      133P   4343
6.926748809958,-3.073535257241,0.595234746884,5.124276120238,        133P   4344
0.0,0.36359716582,6.920780475028,-3.07353125856,0.594643601895,      133P   4345
5.103240831076,0.0,0.361513985972,6.914812140098,-3.07352725988,     133P   4346
0.594052456905,5.082213960949,0.0,0.35934452255,6.908846192469,      133P   4347
-3.073523782064,0.593436841611,5.061197962707,0.0,                   133P   4348
0.357075896677,6.902883327872,-3.07352090379,0.592793103538,         133P   4349
5.019165966225,0.0,0.352538644929,6.890957598678,                    133P   4350
-3.073515147242,0.591505627394,4.977174791623,0.0,                   133P   4351
0.347616866054,6.879043445489,-3.073511714527,0.590109098147,        133P   4352
4.935246054284,0.0,0.342204802933,6.867146999459,                    133P   4353
-3.073511252878,0.588573522916,4.914281685614,0.0,                   133P   4354
0.339498771372,6.861198776444,-3.073511022053,0.5878057353,          133P   4355
4.89333372162,0.0,0.336667057805,6.855255205833,-3.073511553159,     133P   4356
0.587002303923,4.872405017189,0.0,0.333697129875,6.849317097433,     133P   4357
-3.073512923122,0.586159674592,4.861940664973,0.0,0.33221216591,     133P   4358
6.846348043233,-3.073513608103,0.585738359927,4.851482085591,        133P   4359
0.0,0.330688775813,6.843380626317,-3.073514526628,                   133P   4360
0.585306147518,4.841028522956,0.0,0.32912991589,6.840414632212,      133P   4361
-3.073515660487,0.584863875775,4.830574960322,0.0,                   133P   4362
0.327571055967,6.837448638106,-3.073516794345,0.584421604032,        133P   4363
4.820126571678,0.0,0.325976161449,6.834484111416,                    133P   4364
-3.073518147026,0.583969112787,4.80968557065,0.0,0.324336552227,     133P   4365
6.831521680065,-3.073519771994,0.583503940354,4.767921566535,        133P   4366
0.0,0.317778115338,6.819671954663,-3.073526271866,                   133P   4367
0.581643250623,4.726252676166,0.0,0.310588923675,6.80784920535,      133P   4368
-3.073536605579,0.579603677315,4.684761162505,0.0,                   133P   4369
0.302479438771,6.796076767683,-3.073552563126,0.577303107258,        133P   4370
4.664015405674,0.0,0.29842469632,6.790190548849,-3.073560541899,     133P   4371
0.576152822229,4.643313951126,0.0,0.294140733679,6.784316896055,     133P   4372
-3.073569921513,0.574937529961,4.622676749045,0.0,                   133P   4373
0.289565742941,6.778461468712,-3.073581085943,0.573639701757,        133P   4374
4.602039546964,0.0,0.284990752204,6.772606041369,                    133P   4375
-3.073592250372,0.572341873553,4.58146535662,0.0,0.280128548017,     133P   4376
6.766768487511,-3.073605175912,0.570962591244,4.560985938341,        133P   4377
0.0,0.274890186917,6.760957816972,-3.073620417495,                   133P   4378
0.569476630552,4.555866083771,0.0,0.273580596642,6.759505149337,     133P   4379
-3.073624227891,0.569105140378,4.55075313605,0.0,0.272245043853,     133P   4380
6.758054440943,-3.073628198426,0.568726287223,4.545646752984,        133P   4381
0.0,0.270884294005,6.756605594712,-3.073632324272,                   133P   4382
0.568340288166,4.540540369918,0.0,0.269523544157,6.755156748481,     133P   4383
-3.073636450117,0.567954289109,4.535440038079,0.0,0.26813894965,     133P   4384
6.753709618762,-3.073640722811,0.567561527689,4.530348687944,        133P   4385
0.0,0.266723196247,6.752265036893,-3.073645188237,                   133P   4386
0.567159929601,4.520165987673,0.0,0.263891689442,6.749375873154,     133P   4387
-3.073654119089,0.566356733427,4.51001469541,0.0,0.260946561928,     133P   4388
6.746495618883,-3.073663751688,0.565521314379,4.49990438372,0.0,     133P   4389
0.257865076901,6.743626989713,-3.073674229026,0.564647224346,        133P   4390
4.48979407203,0.0,0.254783591873,6.740758360542,-3.073684706365,     133P   4391
0.563773134313,4.479728170173,0.0,0.251558029645,6.737902329322,     133P   4392
-3.073696077133,0.562858184011,4.469719988814,0.0,                   133P   4393
0.248159377949,6.735062672185,-3.073708524645,0.561894145636,        133P   4394
4.459711807455,0.0,0.244760726253,6.732223015048,                    133P   4395
-3.073720972158,0.560930107261,4.449764747843,0.0,                   133P   4396
0.241181638051,6.729400696903,-3.073734542861,0.559914897215,        133P   4397
4.439908428553,0.0,0.237364701164,6.726604120429,                    133P   4398
-3.073749602074,0.558832233607,4.434980268908,0.0,0.23545623272,     133P   4399
6.725205832192,-3.073757131681,0.558290901803,4.430075441177,        133P   4400
0.0,0.233486945396,6.723814162875,-3.073765042006,0.55773232185,     133P   4401
4.425203210158,0.0,0.231440994747,6.7224317409,-3.073773434722,      133P   4402
0.557152000338,4.42033097914,0.0,0.229395044099,6.721049318926,      133P   4403
-3.073781827437,0.556571678826,4.415487170188,0.0,0.22727929199,     133P   4404
6.719674959944,-3.073790658385,0.555971561745,4.410685668508,        133P   4405
0.0,0.225071227154,6.718312603205,-3.073800072578,                   133P   4406
0.555345265018,4.405884166829,0.0,0.222863162319,6.716950246467,     133P   4407
-3.073809486772,0.554718968291,4.401126269295,0.0,                   133P   4408
0.220560765415,6.715600259899,-3.07381949726,0.554065919243,         133P   4409
4.396426733954,0.0,0.218142984179,6.714266830428,                    133P   4410
-3.073830241041,0.553380147592,4.394076966284,0.0,                   133P   4411
0.216934093561,6.713600115692,-3.073835612932,0.553037261767,        133P   4412
4.391743407866,0.0,0.215694107748,6.712937999465,                    133P   4413
-3.073841182815,0.552685557458,4.389428175444,0.0,                   133P   4414
0.214420426127,6.712281082284,-3.073846967843,0.552324297154,        133P   4415
4.387112943022,0.0,0.213146744506,6.711624165103,                    133P   4416
-3.073852752872,0.55196303685,4.384816253681,0.0,0.211838822544,     133P   4417
6.710972508552,-3.073858756461,0.551592066122,4.382545411398,        133P   4418
0.0,0.210488187536,6.710328184835,-3.073865034811,                   133P   4419
0.551208982189,4.378003726832,0.0,0.207786917519,6.7090395374,       133P   4420
-3.073877591512,0.550442814324,4.37355082986,0.0,0.204929613574,     133P   4421
6.707776078934,-3.073891147542,0.549632395931,4.369268063825,        133P   4422
0.0,0.20183282962,6.706560887452,-3.073906263761,0.548754062627,     133P   4423
4.367126680807,0.0,0.200284437644,6.705953291711,-3.07391382187,     133P   4424
0.548314895975,4.365028842454,0.0,0.198675658875,6.705358049821,     133P   4425
-3.073921773896,0.547858604048,4.36299160841,0.0,0.196992319107,     133P   4426
6.704780001848,-3.073930217638,0.547381167251,4.360954374366,        133P   4427
0.0,0.195308979339,6.704201953875,-3.073938661379,                   133P   4428
0.546903730455,4.358977816001,0.0,0.193550594491,6.703641120061,     133P   4429
-3.073947599778,0.546405011502,4.357096586835,0.0,                   133P   4430
0.191695275095,6.703107332221,-3.073957190348,0.545878803001,        133P   4431
4.355215357669,0.0,0.189839955699,6.702573544381,                    133P   4432
-3.073966780918,0.5453525945,4.353424551058,0.0,0.187889645933,      133P   4433
6.702065410395,-3.073977008242,0.544799447749,4.351783587046,        133P   4434
0.0,0.185817771706,6.701599788958,-3.073988077086,                   133P   4435
0.544211827181,4.350142623033,0.0,0.183745897479,6.701134167521,     133P   4436
-3.07399914593,0.543624206612,4.348651948338,0.0,0.181550406526,     133P   4437
6.700711185345,-3.074011068874,0.543001530201,4.347414872048,        133P   4438
0.0,0.179214903972,6.700360153844,-3.074024024261,                   133P   4439
0.542339149976,4.346177795758,0.0,0.176879401417,6.700009122343,     133P   4440
-3.074036979648,0.54167676975,4.345197802634,0.0,0.174397895566,     133P   4441
6.699731030143,-3.074051005911,0.540972986492,4.344629857373,        133P   4442
0.0,0.171817187828,6.699569845836,-3.07406594502,0.540241075852,     133P   4443
4.344345884743,0.0,0.170526833959,6.699489253683,                    133P   4444
-3.074073414574,0.539875120533,4.344164941761,0.0,                   133P   4445
0.169213398234,6.699437893549,-3.074081102111,0.539502620776,        133P   4446
4.344100966769,0.0,0.167892707902,6.699419720391,                    133P   4447
-3.074088924167,0.539128065495,4.344036991778,0.0,0.16657201757,     133P   4448
6.699401547232,-3.074096746224,0.538753510214,4.344091162535,        133P   4449
0.0,0.165241531199,6.699416895172,-3.074104718868,                   133P   4450
0.538376178667,4.344262295082,0.0,0.16393442623,6.699465428831,      133P   4451
-3.074112643422,0.538005480117,0.0,1.0,0.0,32.0,,1,135;              133P   4452
406,1,37HSurf_LJBKSMCKUS, H_Tail, 1, 10, upper;                      135P   4453
128,1,96,1,3,0,0,1,0,0,0.0,0.0,1.0,1.0,0.0,0.0,0.0,0.0,1.0,1.0,      137P   4454
1.0,2.0,2.0,2.0,3.0,3.0,3.0,4.0,4.0,4.0,5.0,5.0,5.0,6.0,6.0,6.0,     137P   4455
7.0,7.0,7.0,8.0,8.0,8.0,9.0,9.0,9.0,10.0,10.0,10.0,11.0,11.0,        137P   4456
11.0,12.0,12.0,12.0,13.0,13.0,13.0,14.0,14.0,14.0,15.0,15.0,         137P   4457
15.0,16.0,16.0,16.0,17.0,17.0,17.0,18.0,18.0,18.0,19.0,19.0,         137P   4458
19.0,20.0,20.0,20.0,21.0,21.0,21.0,22.0,22.0,22.0,23.0,23.0,         137P   4459
23.0,24.0,24.0,24.0,25.0,25.0,25.0,26.0,26.0,26.0,27.0,27.0,         137P   4460
27.0,28.0,28.0,28.0,29.0,29.0,29.0,30.0,30.0,30.0,31.0,31.0,         137P   4461
31.0,32.0,32.0,32.0,32.0,1.0,1.0,1.0,1.0,1.0,1.0,1.0,1.0,1.0,        137P   4462
1.0,1.0,1.0,1.0,1.0,1.0,1.0,1.0,1.0,1.0,1.0,1.0,1.0,1.0,1.0,1.0,     137P   4463
1.0,1.0,1.0,1.0,1.0,1.0,1.0,1.0,1.0,1.0,1.0,1.0,1.0,1.0,1.0,1.0,     137P   4464
1.0,1.0,1.0,1.0,1.0,1.0,1.0,1.0,1.0,1.0,1.0,1.0,1.0,1.0,1.0,1.0,     137P   4465
1.0,1.0,1.0,1.0,1.0,1.0,1.0,1.0,1.0,1.0,1.0,1.0,1.0,1.0,1.0,1.0,     137P   4466
1.0,1.0,1.0,1.0,1.0,1.0,1.0,1.0,1.0,1.0,1.0,1.0,1.0,1.0,1.0,1.0,     137P   4467
1.0,1.0,1.0,1.0,1.0,1.0,1.0,1.0,1.0,1.0,1.0,1.0,1.0,1.0,1.0,1.0,     137P   4468
1.0,1.0,1.0,1.0,1.0,1.0,1.0,1.0,1.0,1.0,1.0,1.0,1.0,1.0,1.0,1.0,     137P   4469
1.0,1.0,1.0,1.0,1.0,1.0,1.0,1.0,1.0,1.0,1.0,1.0,1.0,1.0,1.0,1.0,     137P   4470
1.0,1.0,1.0,1.0,1.0,1.0,1.0,1.0,1.0,1.0,1.0,1.0,1.0,1.0,1.0,1.0,     137P   4471
1.0,1.0,1.0,1.0,1.0,1.0,1.0,1.0,1.0,1.0,1.0,1.0,1.0,1.0,1.0,1.0,     137P   4472
1.0,1.0,1.0,1.0,1.0,1.0,1.0,1.0,1.0,1.0,1.0,1.0,1.0,1.0,1.0,1.0,     137P   4473
1.0,1.0,1.0,1.0,1.0,1.0,1.0,1.0,1.0,6.699465428831,                  137P   4474
-3.074112643422,0.538005480117,6.699465428831,-3.074112643422,       137P   4475
0.538005480117,6.69951396249,-3.074120567976,0.537634781568,         137P   4476
6.699465428831,-3.074112643422,0.538005480117,6.699596270926,        137P   4477
-3.07412854062,0.537266216815,6.699498909079,-3.074112643422,        137P   4478
0.538009863515,6.699710255921,-3.074136362677,0.536908964323,        137P   4479
6.699564988156,-3.074112643422,0.538018514909,6.699824240917,        137P   4480
-3.074144184733,0.536551711831,6.699631067233,-3.074112643422,       137P   4481
0.538027166304,6.699969765156,-3.074151872269,0.536204989135,        137P   4482
6.69972950942,-3.074112643422,0.538040054834,6.700141851373,         137P   4483
-3.074159341824,0.535872115698,6.699855848605,-3.074112643422,       137P   4484
0.538056595775,6.700486023807,-3.074174280933,0.535206368824,        137P   4485
6.700108526975,-3.074112643422,0.538089677658,6.700935922739,        137P   4486
-3.074188307195,0.53459789771,6.700472522541,-3.074112643422,        137P   4487
0.53813733373,6.701445643891,-3.074201262582,0.534048211413,         137P   4488
6.700902898868,-3.074112643422,0.538193680694,6.701955365043,        137P   4489
-3.07421421797,0.533498525115,6.701333275194,-3.074112643422,        137P   4490
0.538250027658,6.702524390552,-3.074226140914,0.533005727181,        137P   4491
6.701829279036,-3.074112643422,0.538314966897,6.703125593502,        137P   4492
-3.074237209758,0.532557780456,6.70236269123,-3.074112643422,        137P   4493
0.538384803818,6.703726796452,-3.074248278602,0.532109833731,        137P   4494
6.702896103424,-3.074112643422,0.53845464074,6.704360204236,         137P   4495
-3.074258505926,0.531706143187,6.703466874308,-3.074112643422,       137P   4496
0.538529368844,6.705011466312,-3.074268096496,0.531335087192,        137P   4497
6.704059399267,-3.074112643422,0.538606945096,6.705662728389,        137P   4498
-3.074277687066,0.530964031196,6.704651924225,-3.074112643422,       137P   4499
0.538684521349,6.706333048034,-3.074286625464,0.530626500849,        137P   4500
6.705267500954,-3.074112643422,0.538765115652,6.707014522822,        137P   4501
-3.074295069206,0.530313966905,6.705897262335,-3.074112643422,       137P   4502
0.538847567078,6.707695997611,-3.074303512948,0.530001432962,        137P   4503
6.706527023716,-3.074112643422,0.538930018505,6.708388643328,        137P   4504
-3.074311464974,0.529713757551,6.70717096752,-3.074112643422,        137P   4505
0.539014326763,6.709088817832,-3.074319023083,0.529445810548,        137P   4506
6.707824852642,-3.074112643422,0.539099936587,6.710489166839,        137P   4507
-3.074334139301,0.52890991654,6.709132622887,-3.074112643422,        137P   4508
0.539271156235,6.711918672191,-3.074347695331,0.528452074083,        137P   4509
6.710479104796,-3.074112643422,0.539447444203,6.713361125801,        137P   4510
-3.074360252033,0.528043475265,6.711844655318,-3.074112643422,       137P   4511
0.539626228727,6.714082352605,-3.074366530383,0.527839175856,        137P   4512
6.712527430578,-3.074112643422,0.539715620989,6.714807546705,        137P   4513
-3.074372533972,0.527648469119,6.713215855904,-3.074112643422,       137P   4514
0.539805752984,6.715535324304,-3.074378319,0.527468499798,           137P   4515
6.713908203294,-3.074112643422,0.539896398476,6.716263101903,        137P   4516
-3.074384104029,0.527288530477,6.714600550684,-3.074112643422,       137P   4517
0.539987043968,6.716993443248,-3.074389673912,0.527119133494,        137P   4518
6.71529677947,-3.074112643422,0.54007819763,6.717725957907,          137P   4519
-3.074395045803,0.526959441594,6.715996394167,-3.074112643422,       137P   4520
0.540169794593,6.719190987224,-3.074405789584,0.526640057795,        137P   4521
6.717395623561,-3.074112643422,0.540352988519,6.720663591576,        137P   4522
-3.074415800072,0.526356556094,6.718806919022,-3.074112643422,       137P   4523
0.540537762192,6.722141262128,-3.074425214266,0.526102089569,        137P   4524
6.720226932667,-3.074112643422,0.540723677293,6.72361893268,         137P   4525
-3.074434628459,0.525847623043,6.721646946312,-3.074112643422,       137P   4526
0.540909592394,6.725101461335,-3.074443459407,0.525621543603,        137P   4527
6.72307539013,-3.074112643422,0.541096611214,6.726586685107,         137P   4528
-3.074451852122,0.525416668235,6.724509213004,-3.074112643422,       137P   4529
0.541284334287,6.72807190888,-3.074460244838,0.525211792868,         137P   4530
6.725943035877,-3.074112643422,0.541472057359,6.729560471235,        137P   4531
-3.074468155163,0.52503030687,6.727383151714,-3.074112643422,        137P   4532
0.541660604336,6.73105098911,-3.07447568477,0.524867191629,          137P   4533
6.728827554769,-3.074112643422,0.541849712618,6.734032024859,        137P   4534
-3.074490743983,0.524540961146,6.731716360881,-3.074112643422,       137P   4535
0.54222792918,6.73702056962,-3.074504314686,0.524286537565,          137P   4536
6.734621792334,-3.074112643422,0.542608322413,6.740012695487,        137P   4537
-3.074516762199,0.524086024618,6.737537683836,-3.074112643422,       137P   4538
0.542990085127,6.743004821353,-3.074529209711,0.523885511671,        137P   4539
6.740453575338,-3.074112643422,0.543371847841,6.746000132334,        137P   4540
-3.074540580479,0.523736647581,6.743379246438,-3.074112643422,       137P   4541
0.543754890947,6.74899709771,-3.074551057818,0.523630509747,         137P   4542
6.746312043711,-3.074112643422,0.544138867047,6.751994063086,        137P   4543
-3.074561535156,0.523524371914,6.749244840984,-3.074112643422,       137P   4544
0.544522843146,6.754992306399,-3.074571167755,0.523458594394,        137P   4545
6.752184089777,-3.074112643422,0.54490766391,6.757990863531,         137P   4546
-3.074580098606,0.523426247304,6.755127950212,-3.074112643422,       137P   4547
0.545293088453,6.759490142096,-3.074584564032,0.52341007376,         137P   4548
6.756599880429,-3.074112643422,0.545485800724,6.760989607752,        137P   4549
-3.074588836726,0.523403094954,6.758073178117,-3.074112643422,       137P   4550
0.545678692031,6.762488991183,-3.074592962572,0.52340309248,         137P   4551
6.759547292948,-3.074112643422,0.545871690323,6.763988374614,        137P   4552
-3.074597088417,0.523403090006,6.761021407779,-3.074112643422,       137P   4553
0.546064688615,6.765487717825,-3.074601058953,0.523410471971,        137P   4554
6.762496433581,-3.074112643422,0.546257806175,6.766987058737,        137P   4555
-3.074604869348,0.523425473131,6.763972437854,-3.074112643422,       137P   4556
0.546451051841,6.772984422386,-3.074620110932,0.523485477771,        137P   4557
6.769876454948,-3.074112643422,0.547224034508,6.778980300299,        137P   4558
-3.074633036471,0.523655485971,6.775793170834,-3.074112643422,       137P   4559
0.547998679762,6.784972479978,-3.074644200901,0.523908804167,        137P   4560
6.781716974345,-3.074112643422,0.548774252962,6.790964659658,        137P   4561
-3.074655365331,0.524162122363,6.787640777856,-3.074112643422,       137P   4562
0.549549826162,6.796953202703,-3.074664744945,0.524499886535,        137P   4563
6.793571875776,-3.074112643422,0.550326354382,6.802937152987,        137P   4564
-3.074672723718,0.524903701846,6.799506960335,-3.074112643422,       137P   4565
0.551103404552,6.814905053554,-3.074688681265,0.525711332469,        137P   4566
6.811377129452,-3.074112643422,0.552657504892,6.826854379817,        137P   4567
-3.074699014978,0.526784115049,6.82326316724,-3.074112643422,        137P   4568
0.554213682836,6.838783721704,-3.07470551485,0.528036696594,         137P   4569
6.835152700884,-3.074112643422,0.555770318474,6.841766057175,        137P   4570
-3.074707139818,0.52834984198,6.838125084295,-3.074112643422,        137P   4571
0.556159477383,6.844747152758,-3.074708492498,0.528675780554,        137P   4572
6.841097895432,-3.074112643422,0.556548692293,6.847727035419,        137P   4573
-3.074709626357,0.529011971949,6.844070833815,-3.074112643422,       137P   4574
0.556937923862,6.85070691808,-3.074710760215,0.529348163345,         137P   4575
6.847043772199,-3.074112643422,0.557327155431,6.853685585952,        137P   4576
-3.074711678741,0.529694441309,6.850016814592,-3.074112643422,       137P   4577
0.557716400618,6.856663030442,-3.074712363722,0.530051671207,        137P   4578
6.852990063937,-3.074112643422,0.5581056729,6.862617919421,          137P   4579
-3.074713733685,0.530766131004,6.858936562627,-3.074112643422,       137P   4580
0.558884217463,6.868567995507,-3.07471426479,0.531519873766,         137P   4581
6.864883385975,-3.074112643422,0.559662804533,6.874513391168,        137P   4582
-3.074714033966,0.532309256621,6.870830195314,-3.074112643422,       137P   4583
0.560441389768,6.886404182491,-3.074713572317,0.533888022331,        137P   4584
6.88272381399,-3.074112643422,0.561998560239,6.898276288583,         137P   4585
-3.074710139601,0.535605705971,6.894616943631,-3.074112643422,       137P   4586
0.563555666682,6.910131506216,-3.074704383054,0.537431747181,        137P   4587
6.906507417044,-3.074112643422,0.565112425359,6.916059115033,        137P   4588
-3.07470150478,0.538344767786,6.912452653751,-3.074112643422,        137P   4589
0.565890804698,6.921982463126,-3.074698026963,0.53928575698,         137P   4590
6.918397301612,-3.074112643422,0.566669106942,6.927901818497,        137P   4591
-3.074694028283,0.540251006289,6.924341146762,-3.074112643422,       137P   4592
0.567447304092,6.933821173868,-3.074690029603,0.541216255598,        137P   4593
6.930284991913,-3.074112643422,0.568225501241,6.939736566771,        137P   4594
-3.074685511237,0.542205712967,6.936228057397,-3.074112643422,       137P   4595
0.569003596313,6.945648148493,-3.074680512347,0.543217534798,        137P   4596
6.942170254647,-3.074112643422,0.569781577711,6.957471311938,        137P   4597
-3.074670514568,0.54524117846,6.954054649148,-3.074112643422,        137P   4598
0.571337540507,6.969279572991,-3.074658661519,0.547351145389,        137P   4599
6.965935503798,-3.074112643422,0.572893039849,6.981074394715,        137P   4600
-3.074645241759,0.549533897346,6.977812514381,-3.074112643422,       137P   4601
0.574448035907,7.004664038164,-3.07461840224,0.55389940126,          137P   4602
7.001566535547,-3.074112643422,0.577558028023,7.028201100606,        137P   4603
-3.07458551196,0.558545918151,7.025305033385,-3.074112643422,        137P   4604
0.58066598775,7.051696247512,-3.074548272626,0.56339387666,          137P   4605
7.049028251323,-3.074112643422,0.583771946957,7.075191394419,        137P   4606
-3.074511033292,0.568241835169,7.07275146926,-3.074112643422,        137P   4607
0.586877906164,7.098644882718,-3.07446945599,0.573290741428,         137P   4608
7.096459596325,-3.074112643422,0.589981889601,7.122062285448,        137P   4609
-3.074424383944,0.578501204226,7.120153041262,-3.074112643422,       137P   4610
0.593083950782,7.145479688178,-3.074379311898,0.583711667025,        137P   4611
7.143846486198,-3.074112643422,0.596186011963,7.168861116934,        137P   4612
-3.074330748027,0.589083562103,7.167525342725,-3.074112643422,       137P   4613
0.599286163159,7.192206019973,-3.074278842186,0.59460968706,         137P   4614
7.191188141315,-3.074112643422,0.602384211971,7.215550923011,        137P   4615
-3.074226936345,0.600135812016,7.214850939905,-3.074112643422,       137P   4616
0.605482260783,7.238859335668,-3.074171684778,0.605816350192,        137P   4617
7.238497738898,-3.074112643422,0.60857821485,7.262123881745,         137P   4618
-3.074112643422,0.611671464514,7.262123881745,-3.074112643422,       137P   4619
0.611671464514,0.0,1.0,0.0,32.0,,1,139;                              137P   4620
406,1,37HSurf_LJBKSMCKUS, H_Tail, 1, 13, lower;                      139P   4621
128,1,96,1,3,0,0,1,0,0,0.0,0.0,1.0,1.0,0.0,0.0,0.0,0.0,1.0,1.0,      141P   4622
1.0,2.0,2.0,2.0,3.0,3.0,3.0,4.0,4.0,4.0,5.0,5.0,5.0,6.0,6.0,6.0,     141P   4623
7.0,7.0,7.0,8.0,8.0,8.0,9.0,9.0,9.0,10.0,10.0,10.0,11.0,11.0,        141P   4624
11.0,12.0,12.0,12.0,13.0,13.0,13.0,14.0,14.0,14.0,15.0,15.0,         141P   4625
15.0,16.0,16.0,16.0,17.0,17.0,17.0,18.0,18.0,18.0,19.0,19.0,         141P   4626
19.0,20.0,20.0,20.0,21.0,21.0,21.0,22.0,22.0,22.0,23.0,23.0,         141P   4627
23.0,24.0,24.0,24.0,25.0,25.0,25.0,26.0,26.0,26.0,27.0,27.0,         141P   4628
27.0,28.0,28.0,28.0,29.0,29.0,29.0,30.0,30.0,30.0,31.0,31.0,         141P   4629
31.0,32.0,32.0,32.0,32.0,1.0,1.0,1.0,1.0,1.0,1.0,1.0,1.0,1.0,        141P   4630
1.0,1.0,1.0,1.0,1.0,1.0,1.0,1.0,1.0,1.0,1.0,1.0,1.0,1.0,1.0,1.0,     141P   4631
1.0,1.0,1.0,1.0,1.0,1.0,1.0,1.0,1.0,1.0,1.0,1.0,1.0,1.0,1.0,1.0,     141P   4632
1.0,1.0,1.0,1.0,1.0,1.0,1.0,1.0,1.0,1.0,1.0,1.0,1.0,1.0,1.0,1.0,     141P   4633
1.0,1.0,1.0,1.0,1.0,1.0,1.0,1.0,1.0,1.0,1.0,1.0,1.0,1.0,1.0,1.0,     141P   4634
1.0,1.0,1.0,1.0,1.0,1.0,1.0,1.0,1.0,1.0,1.0,1.0,1.0,1.0,1.0,1.0,     141P   4635
1.0,1.0,1.0,1.0,1.0,1.0,1.0,1.0,1.0,1.0,1.0,1.0,1.0,1.0,1.0,1.0,     141P   4636
1.0,1.0,1.0,1.0,1.0,1.0,1.0,1.0,1.0,1.0,1.0,1.0,1.0,1.0,1.0,1.0,     141P   4637
1.0,1.0,1.0,1.0,1.0,1.0,1.0,1.0,1.0,1.0,1.0,1.0,1.0,1.0,1.0,1.0,     141P   4638
1.0,1.0,1.0,1.0,1.0,1.0,1.0,1.0,1.0,1.0,1.0,1.0,1.0,1.0,1.0,1.0,     141P   4639
1.0,1.0,1.0,1.0,1.0,1.0,1.0,1.0,1.0,1.0,1.0,1.0,1.0,1.0,1.0,1.0,     141P   4640
1.0,1.0,1.0,1.0,1.0,1.0,1.0,1.0,1.0,1.0,1.0,1.0,1.0,1.0,1.0,1.0,     141P   4641
1.0,1.0,1.0,1.0,1.0,1.0,1.0,1.0,1.0,7.262123881745,                  141P   4642
-3.074112643422,0.611671464514,7.262123881745,-3.074112643422,       141P   4643
0.611671464514,7.238136142129,-3.074053602066,0.611340079508,        141P   4644
7.238497738898,-3.074112643422,0.60857821485,7.214150956799,         141P   4645
-3.073998350499,0.61082870955,7.214850939905,-3.074112643422,        141P   4646
0.605482260783,7.190170262657,-3.073946444658,0.610158736882,        141P   4647
7.191188141315,-3.074112643422,0.602384211971,7.166189568515,        141P   4648
-3.073894538816,0.609488764214,7.167525342725,-3.074112643422,       141P   4649
0.599286163159,7.142213284218,-3.073845974945,0.608660356902,        141P   4650
7.143846486198,-3.074112643422,0.596186011963,7.118243797075,        141P   4651
-3.073800902899,0.607666697338,7.120153041262,-3.074112643422,       141P   4652
0.593083950782,7.094274309933,-3.073755830854,0.606673037774,        141P   4653
7.096459596325,-3.074112643422,0.589981889601,7.070311544101,        141P   4654
-3.073714253552,0.60551397716,7.07275146926,-3.074112643422,         141P   4655
0.586877906164,7.046360255133,-3.073677014217,0.604150017254,        141P   4656
7.049028251323,-3.074112643422,0.583771946957,7.022408966165,        141P   4657
-3.073639774883,0.602786057348,7.025305033385,-3.074112643422,       141P   4658
0.58066598775,6.998469032931,-3.073606884603,0.601216654787,         141P   4659
7.001566535547,-3.074112643422,0.577558028023,6.974550634047,        141P   4660
-3.073580045084,0.599362174469,6.977812514381,-3.074112643422,       141P   4661
0.574448035907,6.962591434604,-3.073566625325,0.59843493431,         141P   4662
6.965935503798,-3.074112643422,0.572893039849,6.950637986358,        141P   4663
-3.073554772276,0.597433902554,6.954054649148,-3.074112643422,       141P   4664
0.571337540507,6.938692360802,-3.073544774496,0.596345620624,        141P   4665
6.942170254647,-3.074112643422,0.569781577711,6.932719548023,        141P   4666
-3.073539775607,0.595801479659,6.936228057397,-3.074112643422,       141P   4667
0.569003596313,6.926748809958,-3.073535257241,0.595234746884,        141P   4668
6.930284991913,-3.074112643422,0.568225501241,6.920780475028,        141P   4669
-3.07353125856,0.594643601895,6.924341146762,-3.074112643422,        141P   4670
0.567447304092,6.914812140098,-3.07352725988,0.594052456905,         141P   4671
6.918397301612,-3.074112643422,0.566669106942,6.908846192469,        141P   4672
-3.073523782064,0.593436841611,6.912452653751,-3.074112643422,       141P   4673
0.565890804698,6.902883327872,-3.07352090379,0.592793103538,         141P   4674
6.906507417044,-3.074112643422,0.565112425359,6.890957598678,        141P   4675
-3.073515147242,0.591505627394,6.894616943631,-3.074112643422,       141P   4676
0.563555666682,6.879043445489,-3.073511714527,0.590109098147,        141P   4677
6.88272381399,-3.074112643422,0.561998560239,6.867146999459,         141P   4678
-3.073511252878,0.588573522916,6.870830195314,-3.074112643422,       141P   4679
0.560441389768,6.861198776444,-3.073511022053,0.5878057353,          141P   4680
6.864883385975,-3.074112643422,0.559662804533,6.855255205833,        141P   4681
-3.073511553159,0.587002303923,6.858936562627,-3.074112643422,       141P   4682
0.558884217463,6.849317097433,-3.073512923122,0.586159674592,        141P   4683
6.852990063937,-3.074112643422,0.5581056729,6.846348043233,          141P   4684
-3.073513608103,0.585738359927,6.850016814592,-3.074112643422,       141P   4685
0.557716400618,6.843380626317,-3.073514526628,0.585306147518,        141P   4686
6.847043772199,-3.074112643422,0.557327155431,6.840414632212,        141P   4687
-3.073515660487,0.584863875775,6.844070833815,-3.074112643422,       141P   4688
0.556937923862,6.837448638106,-3.073516794345,0.584421604032,        141P   4689
6.841097895432,-3.074112643422,0.556548692293,6.834484111416,        141P   4690
-3.073518147026,0.583969112787,6.838125084295,-3.074112643422,       141P   4691
0.556159477383,6.831521680065,-3.073519771994,0.583503940354,        141P   4692
6.835152700884,-3.074112643422,0.555770318474,6.819671954663,        141P   4693
-3.073526271866,0.581643250623,6.82326316724,-3.074112643422,        141P   4694
0.554213682836,6.80784920535,-3.073536605579,0.579603677315,         141P   4695
6.811377129452,-3.074112643422,0.552657504892,6.796076767683,        141P   4696
-3.073552563126,0.577303107258,6.799506960335,-3.074112643422,       141P   4697
0.551103404552,6.790190548849,-3.073560541899,0.576152822229,        141P   4698
6.793571875776,-3.074112643422,0.550326354382,6.784316896055,        141P   4699
-3.073569921513,0.574937529961,6.787640777856,-3.074112643422,       141P   4700
0.549549826162,6.778461468712,-3.073581085943,0.573639701757,        141P   4701
6.781716974345,-3.074112643422,0.548774252962,6.772606041369,        141P   4702
-3.073592250372,0.572341873553,6.775793170834,-3.074112643422,       141P   4703
0.547998679762,6.766768487511,-3.073605175912,0.570962591244,        141P   4704
6.769876454948,-3.074112643422,0.547224034508,6.760957816972,        141P   4705
-3.073620417495,0.569476630552,6.763972437854,-3.074112643422,       141P   4706
0.546451051841,6.759505149337,-3.073624227891,0.569105140378,        141P   4707
6.762496433581,-3.074112643422,0.546257806175,6.758054440943,        141P   4708
-3.073628198426,0.568726287223,6.761021407779,-3.074112643422,       141P   4709
0.546064688615,6.756605594712,-3.073632324272,0.568340288166,        141P   4710
6.759547292948,-3.074112643422,0.545871690323,6.755156748481,        141P   4711
-3.073636450117,0.567954289109,6.758073178117,-3.074112643422,       141P   4712
0.545678692031,6.753709618762,-3.073640722811,0.567561527689,        141P   4713
6.756599880429,-3.074112643422,0.545485800724,6.752265036893,        141P   4714
-3.073645188237,0.567159929601,6.755127950212,-3.074112643422,       141P   4715
0.545293088453,6.749375873154,-3.073654119089,0.566356733427,        141P   4716
6.752184089777,-3.074112643422,0.54490766391,6.746495618883,         141P   4717
-3.073663751688,0.565521314379,6.749244840984,-3.074112643422,       141P   4718
0.544522843146,6.743626989713,-3.073674229026,0.564647224346,        141P   4719
6.746312043711,-3.074112643422,0.544138867047,6.740758360542,        141P   4720
-3.073684706365,0.563773134313,6.743379246438,-3.074112643422,       141P   4721
0.543754890947,6.737902329322,-3.073696077133,0.562858184011,        141P   4722
6.740453575338,-3.074112643422,0.543371847841,6.735062672185,        141P   4723
-3.073708524645,0.561894145636,6.737537683836,-3.074112643422,       141P   4724
0.542990085127,6.732223015048,-3.073720972158,0.560930107261,        141P   4725
6.734621792334,-3.074112643422,0.542608322413,6.729400696903,        141P   4726
-3.073734542861,0.559914897215,6.731716360881,-3.074112643422,       141P   4727
0.54222792918,6.726604120429,-3.073749602074,0.558832233607,         141P   4728
6.728827554769,-3.074112643422,0.541849712618,6.725205832192,        141P   4729
-3.073757131681,0.558290901803,6.727383151714,-3.074112643422,       141P   4730
0.541660604336,6.723814162875,-3.073765042006,0.55773232185,         141P   4731
6.725943035877,-3.074112643422,0.541472057359,6.7224317409,          141P   4732
-3.073773434722,0.557152000338,6.724509213004,-3.074112643422,       141P   4733
0.541284334287,6.721049318926,-3.073781827437,0.556571678826,        141P   4734
6.72307539013,-3.074112643422,0.541096611214,6.719674959944,         141P   4735
-3.073790658385,0.555971561745,6.721646946312,-3.074112643422,       141P   4736
0.540909592394,6.718312603205,-3.073800072578,0.555345265018,        141P   4737
6.720226932667,-3.074112643422,0.540723677293,6.716950246467,        141P   4738
-3.073809486772,0.554718968291,6.718806919022,-3.074112643422,       141P   4739
0.540537762192,6.715600259899,-3.07381949726,0.554065919243,         141P   4740
6.717395623561,-3.074112643422,0.540352988519,6.714266830428,        141P   4741
-3.073830241041,0.553380147592,6.715996394167,-3.074112643422,       141P   4742
0.540169794593,6.713600115692,-3.073835612932,0.553037261767,        141P   4743
6.71529677947,-3.074112643422,0.54007819763,6.712937999465,          141P   4744
-3.073841182815,0.552685557458,6.714600550684,-3.074112643422,       141P   4745
0.539987043968,6.712281082284,-3.073846967843,0.552324297154,        141P   4746
6.713908203294,-3.074112643422,0.539896398476,6.711624165103,        141P   4747
-3.073852752872,0.55196303685,6.713215855904,-3.074112643422,        141P   4748
0.539805752984,6.710972508552,-3.073858756461,0.551592066122,        141P   4749
6.712527430578,-3.074112643422,0.539715620989,6.710328184835,        141P   4750
-3.073865034811,0.551208982189,6.711844655318,-3.074112643422,       141P   4751
0.539626228727,6.7090395374,-3.073877591512,0.550442814324,          141P   4752
6.710479104796,-3.074112643422,0.539447444203,6.707776078934,        141P   4753
-3.073891147542,0.549632395931,6.709132622887,-3.074112643422,       141P   4754
0.539271156235,6.706560887452,-3.073906263761,0.548754062627,        141P   4755
6.707824852642,-3.074112643422,0.539099936587,6.705953291711,        141P   4756
-3.07391382187,0.548314895975,6.70717096752,-3.074112643422,         141P   4757
0.539014326763,6.705358049821,-3.073921773896,0.547858604048,        141P   4758
6.706527023716,-3.074112643422,0.538930018505,6.704780001848,        141P   4759
-3.073930217638,0.547381167251,6.705897262335,-3.074112643422,       141P   4760
0.538847567078,6.704201953875,-3.073938661379,0.546903730455,        141P   4761
6.705267500954,-3.074112643422,0.538765115652,6.703641120061,        141P   4762
-3.073947599778,0.546405011502,6.704651924225,-3.074112643422,       141P   4763
0.538684521349,6.703107332221,-3.073957190348,0.545878803001,        141P   4764
6.704059399267,-3.074112643422,0.538606945096,6.702573544381,        141P   4765
-3.073966780918,0.5453525945,6.703466874308,-3.074112643422,         141P   4766
0.538529368844,6.702065410395,-3.073977008242,0.544799447749,        141P   4767
6.702896103424,-3.074112643422,0.53845464074,6.701599788958,         141P   4768
-3.073988077086,0.544211827181,6.70236269123,-3.074112643422,        141P   4769
0.538384803818,6.701134167521,-3.07399914593,0.543624206612,         141P   4770
6.701829279036,-3.074112643422,0.538314966897,6.700711185345,        141P   4771
-3.074011068874,0.543001530201,6.701333275194,-3.074112643422,       141P   4772
0.538250027658,6.700360153844,-3.074024024261,0.542339149976,        141P   4773
6.700902898868,-3.074112643422,0.538193680694,6.700009122343,        141P   4774
-3.074036979648,0.54167676975,6.700472522541,-3.074112643422,        141P   4775
0.53813733373,6.699731030143,-3.074051005911,0.540972986492,         141P   4776
6.700108526975,-3.074112643422,0.538089677658,6.699569845836,        141P   4777
-3.07406594502,0.540241075852,6.699855848605,-3.074112643422,        141P   4778
0.538056595775,6.699489253683,-3.074073414574,0.539875120533,        141P   4779
6.69972950942,-3.074112643422,0.538040054834,6.699437893549,         141P   4780
-3.074081102111,0.539502620776,6.699631067233,-3.074112643422,       141P   4781
0.538027166304,6.699419720391,-3.074088924167,0.539128065495,        141P   4782
6.699564988156,-3.074112643422,0.538018514909,6.699401547232,        141P   4783
-3.074096746224,0.538753510214,6.699498909079,-3.074112643422,       141P   4784
0.538009863515,6.699416895172,-3.074104718868,0.538376178667,        141P   4785
6.699465428831,-3.074112643422,0.538005480117,6.699465428831,        141P   4786
-3.074112643422,0.538005480117,6.699465428831,-3.074112643422,       141P   4787
0.538005480117,0.0,1.0,0.0,32.0,,1,143;                              141P   4788
406,1,37HSurf_LJBKSMCKUS, H_Tail, 1, 16, upper;                      143P   4789
128,1,96,1,3,0,0,1,0,0,0.0,0.0,1.0,1.0,0.0,0.0,0.0,0.0,1.0,1.0,      145P   4790
1.0,2.0,2.0,2.0,3.0,3.0,3.0,4.0,4.0,4.0,5.0,5.0,5.0,6.0,6.0,6.0,     145P   4791
7.0,7.0,7.0,8.0,8.0,8.0,9.0,9.0,9.0,10.0,10.0,10.0,11.0,11.0,        145P   4792
11.0,12.0,12.0,12.0,13.0,13.0,13.0,14.0,14.0,14.0,15.0,15.0,         145P   4793
15.0,16.0,16.0,16.0,17.0,17.0,17.0,18.0,18.0,18.0,19.0,19.0,         145P   4794
19.0,20.0,20.0,20.0,21.0,21.0,21.0,22.0,22.0,22.0,23.0,23.0,         145P   4795
23.0,24.0,24.0,24.0,25.0,25.0,25.0,26.0,26.0,26.0,27.0,27.0,         145P   4796
27.0,28.0,28.0,28.0,29.0,29.0,29.0,30.0,30.0,30.0,31.0,31.0,         145P   4797
31.0,32.0,32.0,32.0,32.0,1.0,1.0,1.0,1.0,1.0,1.0,1.0,1.0,1.0,        145P   4798
1.0,1.0,1.0,1.0,1.0,1.0,1.0,1.0,1.0,1.0,1.0,1.0,1.0,1.0,1.0,1.0,     145P   4799
1.0,1.0,1.0,1.0,1.0,1.0,1.0,1.0,1.0,1.0,1.0,1.0,1.0,1.0,1.0,1.0,     145P   4800
1.0,1.0,1.0,1.0,1.0,1.0,1.0,1.0,1.0,1.0,1.0,1.0,1.0,1.0,1.0,1.0,     145P   4801
1.0,1.0,1.0,1.0,1.0,1.0,1.0,1.0,1.0,1.0,1.0,1.0,1.0,1.0,1.0,1.0,     145P   4802
1.0,1.0,1.0,1.0,1.0,1.0,1.0,1.0,1.0,1.0,1.0,1.0,1.0,1.0,1.0,1.0,     145P   4803
1.0,1.0,1.0,1.0,1.0,1.0,1.0,1.0,1.0,1.0,1.0,1.0,1.0,1.0,1.0,1.0,     145P   4804
1.0,1.0,1.0,1.0,1.0,1.0,1.0,1.0,1.0,1.0,1.0,1.0,1.0,1.0,1.0,1.0,     145P   4805
1.0,1.0,1.0,1.0,1.0,1.0,1.0,1.0,1.0,1.0,1.0,1.0,1.0,1.0,1.0,1.0,     145P   4806
1.0,1.0,1.0,1.0,1.0,1.0,1.0,1.0,1.0,1.0,1.0,1.0,1.0,1.0,1.0,1.0,     145P   4807
1.0,1.0,1.0,1.0,1.0,1.0,1.0,1.0,1.0,1.0,1.0,1.0,1.0,1.0,1.0,1.0,     145P   4808
1.0,1.0,1.0,1.0,1.0,1.0,1.0,1.0,1.0,1.0,1.0,1.0,1.0,1.0,1.0,1.0,     145P   4809
1.0,1.0,1.0,1.0,1.0,1.0,1.0,1.0,1.0,6.957466128191,                  145P   4810
-0.117725898752,0.785389167351,6.957466128191,-0.117725898752,       145P   4811
0.785389167351,6.840853527991,-0.116224384271,0.783386896027,        145P   4812
6.841029118336,-0.102587455074,0.783386896027,6.724138974333,        145P   4813
-0.114721557029,0.781382874132,6.724478884103,-0.088323035626,       145P   4814
0.781382874132,6.607345450752,-0.113217712962,0.779377496302,        145P   4815
6.607839729682,-0.074830370033,0.779377496302,6.490551927171,        145P   4816
-0.111713868895,0.777372118471,6.491200575261,-0.06133770444,        145P   4817
0.777372118471,6.373679145723,-0.110209004296,0.775365379761,        145P   4818
6.374472223878,-0.048615921448,0.775365379761,6.256734359614,        145P   4819
-0.108703212559,0.77335740471,6.257661483065,-0.03669972691,         145P   4820
0.77335740471,6.139789573505,-0.107197420822,0.771349429659,         145P   4821
6.140850742252,-0.024783532372,0.771349429659,6.02277232016,         145P   4822
-0.105690695991,0.769340210326,6.023957140755,-0.013673594454,       145P   4823
0.769340210326,5.905680582132,-0.104183012087,0.767329712069,        145P   4824
5.90697615336,-0.003564648694,0.767329712069,5.788588844104,         145P   4825
-0.102675328184,0.765319213812,5.789995165965,0.006544297065,        145P   4826
0.765319213812,5.671421688391,-0.101166673196,0.763307420612,        145P   4827
5.672925826697,0.015649701975,0.763307420612,5.5541779135,           145P   4828
-0.099657031652,0.76129431184,5.55576187315,0.023358534142,          145P   4829
0.76129431184,5.495556026054,-0.09890221088,0.760287757453,          145P   4830
5.497179896376,0.027212950226,0.760287757453,5.436915165278,         145P   4831
-0.098147145806,0.759280877289,5.43857428684,0.030705743667,         145P   4832
0.759280877289,5.378256832704,-0.097391855763,0.75827369713,         145P   4833
5.379945687891,0.033770245654,0.75827369713,5.348927666418,          145P   4834
-0.097014210741,0.75777010705,5.350631388416,0.035302496647,         145P   4835
0.75777010705,5.319594214748,-0.096636510541,0.757266443389,         145P   4836
5.321311374471,0.036723815214,0.757266443389,5.290256914848,         145P   4837
-0.096258760791,0.756762713653,5.291985966738,0.038025150069,        145P   4838
0.756762713653,5.260919614948,-0.09588101104,0.756258983917,         145P   4839
5.262660559004,0.039326484924,0.756258983917,5.231578353071,         145P   4840
-0.095503210275,0.755755186152,5.233329640232,0.040507565606,        145P   4841
0.755755186152,5.202234184805,-0.095125372087,0.755251338484,        145P   4842
5.203994032018,0.041550205892,0.755251338484,5.143545848272,         145P   4843
-0.09436969571,0.754243643148,5.14532281559,0.043635486463,          145P   4844
0.754243643148,5.084844401279,-0.093613850522,0.753235722702,        145P   4845
5.086631577571,0.045184194491,0.753235722702,5.026140540531,         145P   4846
-0.092857974255,0.752227760811,5.027929089779,0.046046698993,        145P   4847
0.752227760811,4.996788610157,-0.092480036121,0.751723779865,        145P   4848
4.998577845883,0.046477951244,0.751723779865,4.967436610633,         145P   4849
-0.092102097097,0.751219797732,4.969224266838,0.046733219497,        145P   4850
0.751219797732,4.938086213541,-0.091724178705,0.750715843114,        145P   4851
4.939869795446,0.04679471419,0.750715843114,4.923411014995,          145P   4852
-0.09153521951,0.750463865804,4.925192559749,0.046825461536,         145P   4853
0.750463865804,4.908736837907,-0.091346273467,0.750211906034,        145P   4854
4.910515650946,0.046802253458,0.750211906034,4.894063174187,         145P   4855
-0.091157334034,0.749959955078,4.895838615104,0.046729302761,        145P   4856
0.749959955078,4.879389510467,-0.090968394601,0.749708004122,        145P   4857
4.881161579263,0.046656352064,0.749708004122,4.864716474806,         145P   4858
-0.090779463255,0.74945606395,4.866484520699,0.046532851406,         145P   4859
0.74945606395,4.850045550287,-0.090590559092,0.749204160027,         145P   4860
4.851808763488,0.046346432675,0.749204160027,4.791361852213,         145P   4861
-0.089834942441,0.748196544334,4.793105734647,0.045600757753,        145P   4862
0.748196544334,4.732695408792,-0.089079547962,0.747189224909,        145P   4863
4.734408558526,0.04396934869,0.747189224909,4.674107289073,          145P   4864
-0.088325161986,0.746183250324,4.675772980698,0.041037980313,        145P   4865
0.746183250324,4.644813229214,-0.087947968998,0.745680263032,        145P   4866
4.646455191784,0.039572296124,0.745680263032,4.615538846384,         145P   4867
-0.087571029374,0.7451776136,4.617152913767,0.037782802922,          145P   4868
0.7451776136,4.586300466891,-0.087194553332,0.744675582355,          145P   4869
4.587881331005,0.035580602819,0.744675582355,4.557062087398,         145P   4870
-0.086818077289,0.74417355111,4.558609748242,0.033378402715,         145P   4871
0.74417355111,4.527858690609,-0.086442051687,0.743672120528,         145P   4872
4.529367910602,0.030768984162,0.743672120528,4.498717971813,         145P   4873
-0.086066833133,0.743171766145,4.500181862989,0.027623816286,        145P   4874
0.743171766145,4.491432792114,-0.085973028495,0.743046677549,        145P   4875
4.492885351085,0.026837524317,0.743046677549,4.484152441898,         145P   4876
-0.085879286041,0.742921671877,4.485593192406,0.026014182309,        145P   4877
0.742921671877,4.476876588004,-0.085785601482,0.742796743408,        145P   4878
4.478305068153,0.025154910043,0.742796743408,4.46960073411,          145P   4879
-0.085691916924,0.742671814939,4.471016943901,0.024295637777,        145P   4880
0.742671814939,4.462328913427,-0.085598284297,0.742546955721,        145P   4881
4.463732416128,0.023402395624,0.742546955721,4.455063842226,         145P   4882
-0.085504738577,0.742422212394,4.456454064648,0.022464550803,        145P   4883
0.742422212394,4.440533699824,-0.085317647138,0.74217272574,         145P   4884
4.441897361689,0.020588861161,0.74217272574,4.426026319312,          145P   4885
-0.085130848783,0.741923629913,4.427361333608,0.018550794197,        145P   4886
0.741923629913,4.411550781848,-0.084944460441,0.741675080841,        145P   4887
4.412854636299,0.016317205518,0.741675080841,4.397075244384,         145P   4888
-0.0847580721,0.741426531769,4.39834793899,0.014083616839,           145P   4889
0.741426531769,4.382634879889,-0.084572136649,0.741178586627,        145P   4890
4.38387375757,0.011643217668,0.741178586627,4.368242784991,          145P   4891
-0.084386822722,0.740931470287,4.369444643485,0.008953498621,        145P   4892
0.740931470287,4.353850690093,-0.084201508795,0.740684353948,        145P   4893
4.355015529401,0.006263779574,0.740684353948,4.33951022332,          145P   4894
-0.084016859636,0.740438124078,4.340634703046,0.003313969585,        145P   4895
0.740438124078,4.325251814982,-0.083833267069,0.740193303174,        145P   4896
4.326331508263,1.9298128E-05,0.740193303174,4.318122610812,          145P   4897
-0.083741470786,0.740070892722,4.319179910871,-0.001628037601,       145P   4898
0.740070892722,4.311014567264,-0.083649946968,0.739948845604,        145P   4899
4.312048341833,-0.003363581403,0.739948845604,4.30393758417,         145P   4900
-0.083558823088,0.739827331803,4.304946398611,-0.005210943939,       145P   4901
0.739827331803,4.296860601075,-0.083467699208,0.739705818002,        145P   4902
4.297844455389,-0.007058306475,0.739705818002,4.289810167621,        145P   4903
-0.083376917184,0.739584760065,4.290767758495,-0.009007230385,       145P   4904
0.739584760065,4.282801343347,-0.083286670923,0.739464416571,        145P   4905
4.283730936193,-0.011091403874,0.739464416571,4.275792519073,        145P   4906
-0.083196424662,0.739344073076,4.276694113892,-0.013175577363,       145P   4907
0.739344073076,4.268826725531,-0.083106732469,0.73922446843,         145P   4908
4.269698548929,-0.015398032545,0.73922446843,4.261920487005,         145P   4909
-0.083017807111,0.739105886362,4.262760358152,-0.017790625185,       145P   4910
0.739105886362,4.258467367742,-0.082973344433,0.739046595327,        145P   4911
4.259291262763,-0.018986921505,0.739046595327,4.25503096047,         145P   4912
-0.082929096939,0.738987591243,4.255838290531,-0.020229163812,       145P   4913
0.738987591243,4.251613710777,-0.08288509612,0.738928916099,         145P   4914
4.252403836031,-0.021521345425,0.738928916099,4.248196461084,        145P   4915
-0.082841095301,0.738870240955,4.248969381531,-0.022813527039,       145P   4916
0.738870240955,4.244798569699,-0.082797343742,0.738811898199,        145P   4917
4.245553635335,-0.024156439338,0.738811898199,4.241428565588,        145P   4918
-0.082753951261,0.738754034276,4.242164959265,-0.025563173138,       145P   4919
0.738754034276,4.234688557365,-0.0826671663,0.738638306428,          145P   4920
4.235387607126,-0.028376640736,0.738638306428,4.228042666938,        145P   4921
-0.082581593209,0.73852419461,4.228701400756,-0.031422137695,        145P   4922
0.73852419461,4.221587847391,-0.082498480363,0.738413363533,         145P   4923
4.222201625229,-0.034830455475,0.738413363533,4.218360437617,        145P   4924
-0.082456923941,0.738357947995,4.218951737465,-0.036534614366,       145P   4925
0.738357947995,4.215182095651,-0.082415999319,0.738303374964,        145P   4926
4.215749745992,-0.03833038907,0.738303374964,4.212073754496,         145P   4927
-0.082375976035,0.738250003867,4.212616292955,-0.040240637863,       145P   4928
0.738250003867,4.208965413341,-0.082335952751,0.738196632771,        145P   4929
4.209482839919,-0.042150886657,0.738196632771,4.205927084001,        145P   4930
-0.082296830945,0.738144463797,4.206417927577,-0.044176288988,       145P   4931
0.738144463797,4.203002532307,-0.08225917415,0.738094248417,         145P   4932
4.203464853309,-0.046353790053,0.738094248417,4.200077980613,        145P   4933
-0.082221517356,0.738044033037,4.20051177904,-0.048531291117,        145P   4934
0.738044033037,4.197260801464,-0.0821852431,0.737995661275,          145P   4935
4.197664183594,-0.050857247466,0.737995661275,4.194628015262,        145P   4936
-0.082151343105,0.737950455591,4.194998478398,-0.05337994593,        145P   4937
0.737950455591,4.191995229061,-0.082117443109,0.737905249907,        145P   4938
4.192332773201,-0.055902644393,0.737905249907,4.189547080917,        145P   4939
-0.082085920531,0.737863214511,4.189849165948,-0.058624994026,       145P   4940
0.737863214511,4.187422853411,-0.082058568783,0.737826740924,        145P   4941
4.187686408824,-0.061589980319,0.737826740924,4.185298625906,        145P   4942
-0.082031217036,0.737790267337,4.185523651701,-0.064554966613,       145P   4943
0.737790267337,4.18350203686,-0.082008083992,0.737759419395,         145P   4944
4.183685348229,-0.067771514395,0.737759419395,4.182254881031,        145P   4945
-0.081992025499,0.737738005377,4.182393763148,-0.071205979175,       145P   4946
0.737738005377,4.181631303117,-0.081983996253,0.737727298368,        145P   4947
4.181747970607,-0.072923211566,0.737727298368,4.181145417651,        145P   4948
-0.081977739948,0.737718955577,4.181239222233,-0.074692564655,       145P   4949
0.737718955577,4.180819268225,-0.081973540418,0.737713355499,        145P   4950
4.180889809831,-0.076495045034,0.737713355499,4.180493118798,        145P   4951
-0.081969340888,0.737707755421,4.180540397429,-0.078297525414,       145P   4952
0.737707755421,4.180327868852,-0.081967213115,0.737704918033,        145P   4953
4.180351436657,-0.08013685917,0.737704918033,4.180327868852,         145P   4954
-0.081967213115,0.737704918033,4.180327868852,-0.081967213115,       145P   4955
0.737704918033,0.0,1.0,0.0,32.0,,1,147;                              145P   4956
406,1,36HSurf_VKUWSLJPAT, V_Tail, 0, 1, lower;                       147P   4957
128,1,96,1,3,0,0,1,0,0,0.0,0.0,1.0,1.0,0.0,0.0,0.0,0.0,1.0,1.0,      149P   4958
1.0,2.0,2.0,2.0,3.0,3.0,3.0,4.0,4.0,4.0,5.0,5.0,5.0,6.0,6.0,6.0,     149P   4959
7.0,7.0,7.0,8.0,8.0,8.0,9.0,9.0,9.0,10.0,10.0,10.0,11.0,11.0,        149P   4960
11.0,12.0,12.0,12.0,13.0,13.0,13.0,14.0,14.0,14.0,15.0,15.0,         149P   4961
15.0,16.0,16.0,16.0,17.0,17.0,17.0,18.0,18.0,18.0,19.0,19.0,         149P   4962
19.0,20.0,20.0,20.0,21.0,21.0,21.0,22.0,22.0,22.0,23.0,23.0,         149P   4963
23.0,24.0,24.0,24.0,25.0,25.0,25.0,26.0,26.0,26.0,27.0,27.0,         149P   4964
27.0,28.0,28.0,28.0,29.0,29.0,29.0,30.0,30.0,30.0,31.0,31.0,         149P   4965
31.0,32.0,32.0,32.0,32.0,1.0,1.0,1.0,1.0,1.0,1.0,1.0,1.0,1.0,        149P   4966
1.0,1.0,1.0,1.0,1.0,1.0,1.0,1.0,1.0,1.0,1.0,1.0,1.0,1.0,1.0,1.0,     149P   4967
1.0,1.0,1.0,1.0,1.0,1.0,1.0,1.0,1.0,1.0,1.0,1.0,1.0,1.0,1.0,1.0,     149P   4968
1.0,1.0,1.0,1.0,1.0,1.0,1.0,1.0,1.0,1.0,1.0,1.0,1.0,1.0,1.0,1.0,     149P   4969
1.0,1.0,1.0,1.0,1.0,1.0,1.0,1.0,1.0,1.0,1.0,1.0,1.0,1.0,1.0,1.0,     149P   4970
1.0,1.0,1.0,1.0,1.0,1.0,1.0,1.0,1.0,1.0,1.0,1.0,1.0,1.0,1.0,1.0,     149P   4971
1.0,1.0,1.0,1.0,1.0,1.0,1.0,1.0,1.0,1.0,1.0,1.0,1.0,1.0,1.0,1.0,     149P   4972
1.0,1.0,1.0,1.0,1.0,1.0,1.0,1.0,1.0,1.0,1.0,1.0,1.0,1.0,1.0,1.0,     149P   4973
1.0,1.0,1.0,1.0,1.0,1.0,1.0,1.0,1.0,1.0,1.0,1.0,1.0,1.0,1.0,1.0,     149P   4974
1.0,1.0,1.0,1.0,1.0,1.0,1.0,1.0,1.0,1.0,1.0,1.0,1.0,1.0,1.0,1.0,     149P   4975
1.0,1.0,1.0,1.0,1.0,1.0,1.0,1.0,1.0,1.0,1.0,1.0,1.0,1.0,1.0,1.0,     149P   4976
1.0,1.0,1.0,1.0,1.0,1.0,1.0,1.0,1.0,1.0,1.0,1.0,1.0,1.0,1.0,1.0,     149P   4977
1.0,1.0,1.0,1.0,1.0,1.0,1.0,1.0,1.0,4.180327868852,                  149P   4978
-0.081967213115,0.737704918033,4.180327868852,-0.081967213115,       149P   4979
0.737704918033,4.180327868852,-0.081967213115,0.737704918033,        149P   4980
4.180304301048,-0.08379756706,0.737704918033,4.180493118798,         149P   4981
-0.081969340888,0.737707755421,4.180445840167,-0.085641156362,       149P   4982
0.737707755421,4.180819268225,-0.081973540418,0.737713355499,        149P   4983
4.180748726618,-0.087452035802,0.737713355499,4.181145417651,        149P   4984
-0.081977739948,0.737718955577,4.18105161307,-0.089262915241,        149P   4985
0.737718955577,4.181631303117,-0.081983996253,0.737727298368,        149P   4986
4.181514635627,-0.091044780941,0.737727298368,4.182254881031,        149P   4987
-0.081992025499,0.737738005377,4.182115998915,-0.092778071823,       149P   4988
0.737738005377,4.18350203686,-0.082008083992,0.737759419395,         149P   4989
4.18331872549,-0.096244653588,0.737759419395,4.185298625906,         149P   4990
-0.082031217036,0.737790267337,4.18507360011,-0.09950746746,         149P   4991
0.737790267337,4.187422853411,-0.082058568783,0.737826740924,        149P   4992
4.187159297999,-0.102527157247,0.737826740924,4.189547080917,        149P   4993
-0.082085920531,0.737863214511,4.189244995887,-0.105546847035,       149P   4994
0.737863214511,4.191995229061,-0.082117443109,0.737905249907,        149P   4995
4.191657684921,-0.108332241826,0.737905249907,4.194628015262,        149P   4996
-0.082151343105,0.737950455591,4.194257552127,-0.11092274028,        149P   4997
0.737950455591,4.197260801464,-0.0821852431,0.737995661275,          149P   4998
4.196857419333,-0.113513238734,0.737995661275,4.200077980613,        149P   4999
-0.082221517356,0.738044033037,4.199644182186,-0.115911743595,       149P   5000
0.738044033037,4.203002532307,-0.08225917415,0.738094248417,         149P   5001
4.202540211305,-0.118164558248,0.738094248417,4.205927084001,        149P   5002
-0.082296830945,0.738144463797,4.205436240424,-0.120417372901,       149P   5003
0.738144463797,4.208965413341,-0.082335952751,0.738196632771,        149P   5004
4.208447986763,-0.122521018845,0.738196632771,4.212073754496,        149P   5005
-0.082375976035,0.738250003867,4.211531216037,-0.124511314207,       149P   5006
0.738250003867,4.215182095651,-0.082415999319,0.738303374964,        149P   5007
4.214614445311,-0.126501609569,0.738303374964,4.218360437617,        149P   5008
-0.082456923941,0.738357947995,4.217769137768,-0.128379233515,       149P   5009
0.738357947995,4.221587847391,-0.082498480363,0.738413363533,        149P   5010
4.220974069552,-0.130166505251,0.738413363533,4.228042666938,        149P   5011
-0.082581593209,0.73852419461,4.227383933121,-0.133741048723,        149P   5012
0.73852419461,4.234688557365,-0.0826671663,0.738638306428,           149P   5013
4.233989507604,-0.136957691865,0.738638306428,4.241428565588,        149P   5014
-0.082753951261,0.738754034276,4.24069217191,-0.139944729385,        149P   5015
0.738754034276,4.244798569699,-0.082797343742,0.738811898199,        149P   5016
4.244043504063,-0.141438248145,0.738811898199,4.248196461084,        149P   5017
-0.082841095301,0.738870240955,4.247423540638,-0.142868663563,       149P   5018
0.738870240955,4.251613710777,-0.08288509612,0.738928916099,         149P   5019
4.250823585524,-0.144248846815,0.738928916099,4.25503096047,         149P   5020
-0.082929096939,0.738987591243,4.25422363041,-0.145629030066,        149P   5021
0.738987591243,4.258467367742,-0.082973344433,0.739046595327,        149P   5022
4.257643472722,-0.14695976736,0.739046595327,4.261920487005,         149P   5023
-0.083017807111,0.739105886362,4.261080615859,-0.148244989037,       149P   5024
0.739105886362,4.268826725531,-0.083106732469,0.73922446843,         149P   5025
4.267954902132,-0.150815432392,0.73922446843,4.275792519073,         149P   5026
-0.083196424662,0.739344073076,4.274890924254,-0.153217271961,       149P   5027
0.739344073076,4.282801343347,-0.083286670923,0.739464416571,        149P   5028
4.281871750501,-0.155481937972,0.739464416571,4.289810167621,        149P   5029
-0.083376917184,0.739584760065,4.288852576748,-0.157746603983,       149P   5030
0.739584760065,4.296860601075,-0.083467699208,0.739705818002,        149P   5031
4.295876746762,-0.159877091942,0.739705818002,4.30393758417,         149P   5032
-0.083558823088,0.739827331803,4.302928769728,-0.161906702238,       149P   5033
0.739827331803,4.311014567264,-0.083649946968,0.739948845604,        149P   5034
4.309980792695,-0.163936312534,0.739948845604,4.318122610812,        149P   5035
-0.083741470786,0.740070892722,4.317065310754,-0.165854903971,       149P   5036
0.740070892722,4.325251814982,-0.083833267069,0.740193303174,        149P   5037
4.324172121701,-0.167685832267,0.740193303174,4.33951022332,         149P   5038
-0.084016859636,0.740438124078,4.338385743595,-0.171347688858,       149P   5039
0.740438124078,4.353850690093,-0.084201508795,0.740684353948,        149P   5040
4.352685850785,-0.174666797164,0.740684353948,4.368242784991,        149P   5041
-0.084386822722,0.740931470287,4.367040926496,-0.177727144065,       149P   5042
0.740931470287,4.382634879889,-0.084572136649,0.741178586627,        149P   5043
4.381396002207,-0.180787490966,0.741178586627,4.397075244384,        149P   5044
-0.0847580721,0.741426531769,4.395802549778,-0.183599761039,         149P   5045
0.741426531769,4.411550781848,-0.084944460441,0.741675080841,        149P   5046
4.410246927397,-0.186206126401,0.741675080841,4.426026319312,        149P   5047
-0.085130848783,0.741923629913,4.424691305016,-0.188812491762,       149P   5048
0.741923629913,4.440533699824,-0.085317647138,0.74217272574,         149P   5049
4.439170037959,-0.191224155437,0.74217272574,4.455063842226,         149P   5050
-0.085504738577,0.742422212394,4.453673619804,-0.193474027957,       149P   5051
0.742422212394,4.462328913427,-0.085598284297,0.742546955721,        149P   5052
4.460925410726,-0.194598964218,0.742546955721,4.46960073411,         149P   5053
-0.085691916924,0.742671814939,4.46818452432,-0.195679471624,        149P   5054
0.742671814939,4.476876588004,-0.085785601482,0.742796743408,        149P   5055
4.475448107854,-0.196726113007,0.742796743408,4.484152441898,        149P   5056
-0.085879286041,0.742921671877,4.482711691389,-0.197772754391,       149P   5057
0.742921671877,4.491432792114,-0.085973028495,0.743046677549,        149P   5058
4.489980233142,-0.198783581306,0.743046677549,4.498717971813,        149P   5059
-0.086066833133,0.743171766145,4.497254080637,-0.199757482552,       149P   5060
0.743171766145,4.527858690609,-0.086442051687,0.743672120528,        149P   5061
4.526349470616,-0.203653087537,0.743672120528,4.557062087398,        149P   5062
-0.086818077289,0.74417355111,4.555514426553,-0.207014557294,        149P   5063
0.74417355111,4.586300466891,-0.087194553332,0.744675582355,         149P   5064
4.584719602777,-0.209969709482,0.744675582355,4.615538846384,        149P   5065
-0.087571029374,0.7451776136,4.613924779001,-0.21292486167,          149P   5066
0.7451776136,4.644813229214,-0.087947968998,0.745680263032,          149P   5067
4.643171266644,-0.215468234121,0.745680263032,4.674107289073,        149P   5068
-0.088325161986,0.746183250324,4.672441597449,-0.217688304286,       149P   5069
0.746183250324,4.732695408792,-0.089079547962,0.747189224909,        149P   5070
4.730982259058,-0.222128444614,0.747189224909,4.791361852213,        149P   5071
-0.089834942441,0.748196544334,4.789617969778,-0.225270642634,       149P   5072
0.748196544334,4.850045550287,-0.090590559092,0.749204160027,        149P   5073
4.848282337086,-0.227527550859,0.749204160027,4.864716474806,        149P   5074
-0.090779463255,0.74945606395,4.862948428913,-0.228091777915,        149P   5075
0.74945606395,4.879389510467,-0.090968394601,0.749708004122,         149P   5076
4.877617441671,-0.228593141265,0.749708004122,4.894063174187,        149P   5077
-0.091157334034,0.749959955078,4.89228773327,-0.229043970829,        149P   5078
0.749959955078,4.908736837907,-0.091346273467,0.750211906034,        149P   5079
4.906958024869,-0.229494800392,0.750211906034,4.923411014995,        149P   5080
-0.09153521951,0.750463865804,4.92162947024,-0.229895900556,         149P   5081
0.750463865804,4.938086213541,-0.091724178705,0.750715843114,        149P   5082
4.936302631636,-0.230243071601,0.750715843114,4.967436610633,        149P   5083
-0.092102097097,0.751219797732,4.965648954428,-0.23093741369,        149P   5084
0.751219797732,4.996788610157,-0.092480036121,0.751723779865,        149P   5085
4.994999374432,-0.231438023486,0.751723779865,5.026140540531,        149P   5086
-0.092857974255,0.752227760811,5.024351991284,-0.231762647503,       149P   5087
0.752227760811,5.084844401279,-0.093613850522,0.753235722702,        149P   5088
5.083057224986,-0.232411895536,0.753235722702,5.143545848272,        149P   5089
-0.09436969571,0.754243643148,5.141768880954,-0.232374877883,        149P   5090
0.754243643148,5.202234184805,-0.095125372087,0.755251338484,        149P   5091
5.200474337591,-0.231800950065,0.755251338484,5.231578353071,        149P   5092
-0.095503210275,0.755755186152,5.22982706591,-0.231513986156,        149P   5093
0.755755186152,5.260919614948,-0.09588101104,0.756258983917,         149P   5094
5.259178670893,-0.231088507004,0.756258983917,5.290256914848,        149P   5095
-0.096258760791,0.756762713653,5.288527862959,-0.23054267165,        149P   5096
0.756762713653,5.319594214748,-0.096636510541,0.757266443389,        149P   5097
5.317877055025,-0.229996836296,0.757266443389,5.348927666418,        149P   5098
-0.097014210741,0.75777010705,5.347223944419,-0.22933091813,         149P   5099
0.75777010705,5.378256832704,-0.097391855763,0.75827369713,          149P   5100
5.376567977518,-0.22855395718,0.75827369713,5.436915165278,          149P   5101
-0.098147145806,0.759280877289,5.435256043715,-0.227000035278,       149P   5102
0.759280877289,5.495556026054,-0.09890221088,0.760287757453,         149P   5103
5.493932155732,-0.225017371985,0.760287757453,5.5541779135,          149P   5104
-0.099657031652,0.76129431184,5.55259395385,-0.222672597446,         149P   5105
0.76129431184,5.671421688391,-0.101166673196,0.763307420612,         149P   5106
5.669917550085,-0.217983048366,0.763307420612,5.788588844104,        149P   5107
-0.102675328184,0.765319213812,5.787182522243,-0.211894953433,       149P   5108
0.765319213812,5.905680582132,-0.104183012087,0.767329712069,        149P   5109
5.904385010903,-0.20480137548,0.767329712069,6.02277232016,          149P   5110
-0.105690695991,0.769340210326,6.021587499564,-0.197707797527,       149P   5111
0.769340210326,6.139789573505,-0.107197420822,0.771349429659,        149P   5112
6.138728404757,-0.189611309273,0.771349429659,6.256734359614,        149P   5113
-0.108703212559,0.77335740471,6.255807236162,-0.180706698209,        149P   5114
0.77335740471,6.373679145723,-0.110209004296,0.775365379761,         149P   5115
6.372886067568,-0.171802087145,0.775365379761,6.490551927171,        149P   5116
-0.111713868895,0.777372118471,6.489903279081,-0.16209003335,        149P   5117
0.777372118471,6.607345450752,-0.113217712962,0.779377496302,        149P   5118
6.606851171822,-0.151605055891,0.779377496302,6.724138974333,        149P   5119
-0.114721557029,0.781382874132,6.723799064562,-0.141120078431,       149P   5120
0.781382874132,6.840853527991,-0.116224384271,0.783386896027,        149P   5121
6.840677937646,-0.129861313469,0.783386896027,6.957466128191,        149P   5122
-0.117725898752,0.785389167351,6.957466128191,-0.117725898752,       149P   5123
0.785389167351,0.0,1.0,0.0,32.0,,1,151;                              149P   5124
406,1,36HSurf_VKUWSLJPAT, V_Tail, 0, 4, upper;                       151P   5125
128,1,96,1,3,0,0,1,0,0,0.0,0.0,1.0,1.0,0.0,0.0,0.0,0.0,1.0,1.0,      153P   5126
1.0,2.0,2.0,2.0,3.0,3.0,3.0,4.0,4.0,4.0,5.0,5.0,5.0,6.0,6.0,6.0,     153P   5127
7.0,7.0,7.0,8.0,8.0,8.0,9.0,9.0,9.0,10.0,10.0,10.0,11.0,11.0,        153P   5128
11.0,12.0,12.0,12.0,13.0,13.0,13.0,14.0,14.0,14.0,15.0,15.0,         153P   5129
15.0,16.0,16.0,16.0,17.0,17.0,17.0,18.0,18.0,18.0,19.0,19.0,         153P   5130
19.0,20.0,20.0,20.0,21.0,21.0,21.0,22.0,22.0,22.0,23.0,23.0,         153P   5131
23.0,24.0,24.0,24.0,25.0,25.0,25.0,26.0,26.0,26.0,27.0,27.0,         153P   5132
27.0,28.0,28.0,28.0,29.0,29.0,29.0,30.0,30.0,30.0,31.0,31.0,         153P   5133
31.0,32.0,32.0,32.0,32.0,1.0,1.0,1.0,1.0,1.0,1.0,1.0,1.0,1.0,        153P   5134
1.0,1.0,1.0,1.0,1.0,1.0,1.0,1.0,1.0,1.0,1.0,1.0,1.0,1.0,1.0,1.0,     153P   5135
1.0,1.0,1.0,1.0,1.0,1.0,1.0,1.0,1.0,1.0,1.0,1.0,1.0,1.0,1.0,1.0,     153P   5136
1.0,1.0,1.0,1.0,1.0,1.0,1.0,1.0,1.0,1.0,1.0,1.0,1.0,1.0,1.0,1.0,     153P   5137
1.0,1.0,1.0,1.0,1.0,1.0,1.0,1.0,1.0,1.0,1.0,1.0,1.0,1.0,1.0,1.0,     153P   5138
1.0,1.0,1.0,1.0,1.0,1.0,1.0,1.0,1.0,1.0,1.0,1.0,1.0,1.0,1.0,1.0,     153P   5139
1.0,1.0,1.0,1.0,1.0,1.0,1.0,1.0,1.0,1.0,1.0,1.0,1.0,1.0,1.0,1.0,     153P   5140
1.0,1.0,1.0,1.0,1.0,1.0,1.0,1.0,1.0,1.0,1.0,1.0,1.0,1.0,1.0,1.0,     153P   5141
1.0,1.0,1.0,1.0,1.0,1.0,1.0,1.0,1.0,1.0,1.0,1.0,1.0,1.0,1.0,1.0,     153P   5142
1.0,1.0,1.0,1.0,1.0,1.0,1.0,1.0,1.0,1.0,1.0,1.0,1.0,1.0,1.0,1.0,     153P   5143
1.0,1.0,1.0,1.0,1.0,1.0,1.0,1.0,1.0,1.0,1.0,1.0,1.0,1.0,1.0,1.0,     153P   5144
1.0,1.0,1.0,1.0,1.0,1.0,1.0,1.0,1.0,1.0,1.0,1.0,1.0,1.0,1.0,1.0,     153P   5145
1.0,1.0,1.0,1.0,1.0,1.0,1.0,1.0,1.0,6.957466128191,                  153P   5146
-0.117725898752,0.785389167351,7.971781350387,-0.130786314108,       153P   5147
3.819122723836,6.841029118336,-0.102587455074,0.783386896027,        153P   5148
7.935186861575,-0.126028517524,3.818493438562,6.724478884103,        153P   5149
-0.088323035626,0.781382874132,7.898556787959,-0.121545414269,       153P   5150
3.81786360311,6.607839729682,-0.074830370033,0.779377496302,         153P   5151
7.861898767998,-0.117304862225,3.817233341506,6.491200575261,        153P   5152
-0.06133770444,0.777372118471,7.825240748037,-0.113064310182,        153P   5153
3.816603079902,6.374472223878,-0.048615921448,0.775365379761,        153P   5154
7.788554694745,-0.109066035527,3.815972390593,6.257661483065,        153P   5155
-0.03669972691,0.77335740471,7.751842747633,-0.105320945815,         153P   5156
3.81534131272,6.140850742252,-0.024783532372,0.771349429659,         153P   5157
7.71513080052,-0.101575856103,3.814710234847,6.023957140755,         153P   5158
-0.013673594454,0.769340210326,7.678392811478,-0.098084161329,       153P   5159
3.814078765914,5.90697615336,-0.003564648694,0.767329712069,         153P   5160
7.641627358297,-0.09490706409,3.813446895033,5.789995165965,         153P   5161
0.006544297065,0.765319213812,7.604861905115,-0.091729966851,        153P   5162
3.812815024152,5.672925826697,0.015649701975,0.763307420612,         153P   5163
7.568068684203,-0.088868268166,3.812182746289,5.55576187315,         153P   5164
0.023358534142,0.76129431184,7.531245727374,-0.086445492342,         153P   5165
3.811550054961,5.497179896376,0.027212950226,0.760287757453,         153P   5166
7.512834248959,-0.08523410443,3.811233709297,5.43857428684,          153P   5167
0.030705743667,0.759280877289,7.494415343105,-0.084136369348,        153P   5168
3.810917261245,5.379945687891,0.033770245654,0.75827369713,          153P   5169
7.475989212006,-0.083173240152,3.810600718909,5.350631388416,        153P   5170
0.035302496647,0.75777010705,7.466776146457,-0.082691675554,         153P   5171
3.810442447741,5.321311374471,0.036723815214,0.757266443389,         153P   5172
7.457561284932,-0.082244975433,3.810284153448,5.291985966738,        153P   5173
0.038025150069,0.756762713653,7.448344728216,-0.081835984479,        153P   5174
3.810125838388,5.262660559004,0.039326484924,0.756258983917,         153P   5175
7.439128171499,-0.081426993524,3.809967523328,5.233329640232,        153P   5176
0.040507565606,0.755755186152,7.429909882742,-0.081055796739,        153P   5177
3.809809186888,5.203994032018,0.041550205892,0.755251338484,         153P   5178
7.420690120161,-0.080728109792,3.809650834763,5.14532281559,         153P   5179
0.043635486463,0.754243643148,7.402250594998,-0.080072735898,        153P   5180
3.809334130515,5.086631577571,0.045184194491,0.753235722702,         153P   5181
7.383804777335,-0.079585999089,3.809017355518,5.027929089779,        153P   5182
0.046046698993,0.752227760811,7.365355424028,-0.079314926245,        153P   5183
3.808700567495,4.998577845883,0.046477951244,0.751723779865,         153P   5184
7.356130747375,-0.079179389824,3.808542173483,4.969224266838,        153P   5185
0.046733219497,0.751219797732,7.346905336819,-0.079099162659,        153P   5186
3.808383779099,4.939869795446,0.04679471419,0.750715843114,          153P   5187
7.337679645809,-0.079079835755,3.808225393361,4.925192559749,        153P   5188
0.046825461536,0.750463865804,7.333066800305,-0.079070172303,        153P   5189
3.808146200493,4.910515650946,0.046802253458,0.750211906034,         153P   5190
7.328454057538,-0.079077466271,3.808067013136,4.895838615104,        153P   5191
0.046729302761,0.749959955078,7.323841274845,-0.079100393633,        153P   5192
3.80798782855,4.881161579263,0.046656352064,0.749708004122,          153P   5193
7.319228492152,-0.079123320995,3.807908643964,4.866484520699,        153P   5194
0.046532851406,0.74945606395,7.314615702318,-0.079162135487,         153P   5195
3.807829462767,4.851808763488,0.046346432675,0.749204160027,         153P   5196
7.31000332148,-0.079220724231,3.807750292963,4.793105734647,         153P   5197
0.045600757753,0.748196544334,7.29155379813,-0.079455079207,         153P   5198
3.807433613745,4.734408558526,0.04396934869,0.747189224909,          153P   5199
7.273106114206,-0.079967807769,3.80711702764,4.675772980698,         153P   5200
0.041037980313,0.746183250324,7.254677789746,-0.080889094974,        153P   5201
3.806800864199,4.646455191784,0.039572296124,0.745680263032,         153P   5202
7.245463627516,-0.081349738576,3.806642782478,4.617152913767,        153P   5203
0.037782802922,0.7451776136,7.236254340139,-0.081912150725,          153P   5204
3.806484806943,4.587881331005,0.035580602819,0.744675582355,         153P   5205
7.227054699842,-0.082604270757,3.806327025694,4.558609748242,        153P   5206
0.033378402715,0.74417355111,7.217855059545,-0.08329639079,          153P   5207
3.806169244446,4.529367910602,0.030768984162,0.743672120528,         153P   5208
7.208664767716,-0.084116493764,3.806011651977,4.500181862989,        153P   5209
0.027623816286,0.743171766145,7.199492009895,-0.085104975096,        153P   5210
3.805854397743,4.492885351085,0.026837524317,0.743046677549,         153P   5211
7.197198820439,-0.08535209543,3.805815084184,4.485593192406,         153P   5212
0.026014182309,0.742921671877,7.19490699914,-0.085610860061,         153P   5213
3.805775796687,4.478305068153,0.025154910043,0.742796743408,         153P   5214
7.192616445803,-0.085880917059,3.805736533454,4.471016943901,        153P   5215
0.024295637777,0.742671814939,7.190325892467,-0.086150974056,        153P   5216
3.805697270221,4.463732416128,0.023402395624,0.742546955721,         153P   5217
7.188036469452,-0.086431707304,3.805658028752,4.456454064648,        153P   5218
0.022464550803,0.742422212394,7.185748987559,-0.086726458534,        153P   5219
3.805618823707,4.441897361689,0.020588861161,0.74217272574,          153P   5220
7.181174023772,-0.087315960993,3.805540413615,4.427361333608,        153P   5221
0.018550794197,0.741923629913,7.176605557803,-0.087956496324,        153P   5222
3.805462126355,4.412854636299,0.016317205518,0.741675080841,         153P   5223
7.172046310078,-0.088658481338,3.805384010933,4.39834793899,         153P   5224
0.014083616839,0.741426531769,7.167487062352,-0.089360466351,        153P   5225
3.80530589551,4.38387375757,0.011643217668,0.741178586627,           153P   5226
7.162938033906,-0.090127448948,3.805227969894,4.369444643485,        153P   5227
0.008953498621,0.740931470287,7.158403169479,-0.09097278922,         153P   5228
3.805150304759,4.355015529401,0.006263779574,0.740684353948,         153P   5229
7.153868305053,-0.091818129491,3.805072639623,4.340634703046,        153P   5230
0.003313969585,0.740438124078,7.14934861677,-0.092745212631,         153P   5231
3.804995253093,4.326331508263,1.9298128E-05,0.740193303174,          153P   5232
7.144853326981,-0.093780680803,3.80491830938,4.319179910871,         153P   5233
-0.001628037601,0.740070892722,7.142605682086,-0.094298414889,       153P   5234
3.804879837524,4.312048341833,-0.003363581403,0.739948845604,        153P   5235
7.140364331817,-0.094843871513,3.804841479858,4.304946398611,        153P   5236
-0.005210943939,0.739827331803,7.138132292518,-0.095424471167,       153P   5237
3.804803289806,4.297844455389,-0.007058306475,0.739705818002,        153P   5238
7.13590025322,-0.096005070821,3.804765099755,4.290767758495,         153P   5239
-0.009007230385,0.739584760065,7.133676148482,-0.096617589764,       153P   5240
3.804727052975,4.283730936193,-0.011091403874,0.739464416571,        153P   5241
7.131464575759,-0.097272615718,3.804689230733,4.276694113892,        153P   5242
-0.013175577363,0.739344073076,7.129253003035,-0.097927641672,       153P   5243
3.804651408492,4.269698548929,-0.015398032545,0.73922446843,         153P   5244
7.127054396904,-0.098626127586,3.804613818461,4.262760358152,        153P   5245
-0.017790625185,0.739105886362,7.12487382266,-0.099378085273,        153P   5246
3.804576549811,4.259291262763,-0.018986921505,0.739046595327,        153P   5247
7.123783535538,-0.099754064116,3.804557915486,4.255838290531,        153P   5248
-0.020229163812,0.738987591243,7.122698315693,-0.100144483127,       153P   5249
3.804539371345,4.252403836031,-0.021521345425,0.738928916099,        153P   5250
7.121618915708,-0.100550597348,3.804520930585,4.248969381531,        153P   5251
-0.022813527039,0.738870240955,7.120539515722,-0.10095671157,        153P   5252
3.804502489826,4.245553635335,-0.024156439338,0.738811898199,        153P   5253
7.119465995489,-0.101378769721,3.804484153531,4.242164959265,        153P   5254
-0.025563173138,0.738754034276,7.11840098301,-0.101820886058,        153P   5255
3.804465967726,4.235387607126,-0.028376640736,0.738638306428,        153P   5256
7.116270958052,-0.102705118732,3.804429596117,4.228701400756,        153P   5257
-0.031422137695,0.73852419461,7.114169578907,-0.103662274919,        153P   5258
3.804393732403,4.222201625229,-0.034830455475,0.738413363533,        153P   5259
7.112126792313,-0.104733460507,3.804358899779,4.218951737465,        153P   5260
-0.036534614366,0.738357947995,7.111105399016,-0.105269053301,       153P   5261
3.804341483467,4.215749745992,-0.03833038907,0.738303374964,         153P   5262
7.110099058838,-0.105833439637,3.804324331943,4.212616292955,        153P   5263
-0.040240637863,0.738250003867,7.109114259313,-0.106433803543,       153P   5264
3.80430755817,4.209482839919,-0.042150886657,0.738196632771,         153P   5265
7.108129459787,-0.10703416745,3.804290784396,4.206417927577,         153P   5266
-0.044176288988,0.738144463797,7.107166201622,-0.107670722468,       153P   5267
3.804274388433,4.203464853309,-0.046353790053,0.738094248417,        153P   5268
7.106238092567,-0.108355079946,3.804258606457,4.20051177904,         153P   5269
-0.048531291117,0.738044033037,7.105309983511,-0.109039437423,       153P   5270
3.80424282448,4.197664183594,-0.050857247466,0.737995661275,         153P   5271
7.104415024942,-0.109770452276,3.804227621926,4.194998478398,        153P   5272
-0.05337994593,0.737950455591,7.10357723188,-0.110563300364,         153P   5273
3.804213414426,4.192332773201,-0.055902644393,0.737905249907,        153P   5274
7.102739438818,-0.111356148453,3.804199206925,4.189849165948,        153P   5275
-0.058624994026,0.737863214511,7.101958876539,-0.112211744052,       153P   5276
3.804185995801,4.187686408824,-0.061589980319,0.737826740924,        153P   5277
7.101279152871,-0.113143596887,3.804174532673,4.185523651701,        153P   5278
-0.064554966613,0.737790267337,7.100599429204,-0.114075449722,       153P   5279
3.804163069546,4.183685348229,-0.067771514395,0.737759419395,        153P   5280
7.100021676684,-0.115086364739,3.804153374478,4.182393763148,        153P   5281
-0.071205979175,0.737738005377,7.099615749944,-0.116165767956,       153P   5282
3.804146644358,4.181747970607,-0.072923211566,0.737727298368,        153P   5283
7.099412786575,-0.116705469564,3.804143279298,4.181239222233,        153P   5284
-0.074692564655,0.737718955577,7.099252894228,-0.117261551963,       153P   5285
3.804140657278,4.180889809831,-0.076495045034,0.737713355499,        153P   5286
7.099143078902,-0.117828045797,3.804138897254,4.180540397429,        153P   5287
-0.078297525414,0.737707755421,7.099033263576,-0.118394539631,       153P   5288
3.804137137229,4.180351436657,-0.08013685917,0.737704918033,         153P   5289
7.098973875904,-0.118972615954,3.804136245479,4.180327868852,        153P   5290
-0.081967213115,0.737704918033,7.09896646888,-0.119547870051,        153P   5291
3.804136245479,0.0,1.0,0.0,32.0,,1,155;                              153P   5292
406,1,36HSurf_VKUWSLJPAT, V_Tail, 0, 7, lower;                       155P   5293
128,1,96,1,3,0,0,1,0,0,0.0,0.0,1.0,1.0,0.0,0.0,0.0,0.0,1.0,1.0,      157P   5294
1.0,2.0,2.0,2.0,3.0,3.0,3.0,4.0,4.0,4.0,5.0,5.0,5.0,6.0,6.0,6.0,     157P   5295
7.0,7.0,7.0,8.0,8.0,8.0,9.0,9.0,9.0,10.0,10.0,10.0,11.0,11.0,        157P   5296
11.0,12.0,12.0,12.0,13.0,13.0,13.0,14.0,14.0,14.0,15.0,15.0,         157P   5297
15.0,16.0,16.0,16.0,17.0,17.0,17.0,18.0,18.0,18.0,19.0,19.0,         157P   5298
19.0,20.0,20.0,20.0,21.0,21.0,21.0,22.0,22.0,22.0,23.0,23.0,         157P   5299
23.0,24.0,24.0,24.0,25.0,25.0,25.0,26.0,26.0,26.0,27.0,27.0,         157P   5300
27.0,28.0,28.0,28.0,29.0,29.0,29.0,30.0,30.0,30.0,31.0,31.0,         157P   5301
31.0,32.0,32.0,32.0,32.0,1.0,1.0,1.0,1.0,1.0,1.0,1.0,1.0,1.0,        157P   5302
1.0,1.0,1.0,1.0,1.0,1.0,1.0,1.0,1.0,1.0,1.0,1.0,1.0,1.0,1.0,1.0,     157P   5303
1.0,1.0,1.0,1.0,1.0,1.0,1.0,1.0,1.0,1.0,1.0,1.0,1.0,1.0,1.0,1.0,     157P   5304
1.0,1.0,1.0,1.0,1.0,1.0,1.0,1.0,1.0,1.0,1.0,1.0,1.0,1.0,1.0,1.0,     157P   5305
1.0,1.0,1.0,1.0,1.0,1.0,1.0,1.0,1.0,1.0,1.0,1.0,1.0,1.0,1.0,1.0,     157P   5306
1.0,1.0,1.0,1.0,1.0,1.0,1.0,1.0,1.0,1.0,1.0,1.0,1.0,1.0,1.0,1.0,     157P   5307
1.0,1.0,1.0,1.0,1.0,1.0,1.0,1.0,1.0,1.0,1.0,1.0,1.0,1.0,1.0,1.0,     157P   5308
1.0,1.0,1.0,1.0,1.0,1.0,1.0,1.0,1.0,1.0,1.0,1.0,1.0,1.0,1.0,1.0,     157P   5309
1.0,1.0,1.0,1.0,1.0,1.0,1.0,1.0,1.0,1.0,1.0,1.0,1.0,1.0,1.0,1.0,     157P   5310
1.0,1.0,1.0,1.0,1.0,1.0,1.0,1.0,1.0,1.0,1.0,1.0,1.0,1.0,1.0,1.0,     157P   5311
1.0,1.0,1.0,1.0,1.0,1.0,1.0,1.0,1.0,1.0,1.0,1.0,1.0,1.0,1.0,1.0,     157P   5312
1.0,1.0,1.0,1.0,1.0,1.0,1.0,1.0,1.0,1.0,1.0,1.0,1.0,1.0,1.0,1.0,     157P   5313
1.0,1.0,1.0,1.0,1.0,1.0,1.0,1.0,1.0,4.180327868852,                  157P   5314
-0.081967213115,0.737704918033,7.09896646888,-0.119547870051,        157P   5315
3.804136245479,4.180304301048,-0.08379756706,0.737704918033,         157P   5316
7.098959061856,-0.120123124148,3.804136245479,4.180445840167,        157P   5317
-0.085641156362,0.737707755421,7.099003545579,-0.120702537929,       157P   5318
3.804137137229,4.180748726618,-0.087452035802,0.737713355499,        157P   5319
7.099098738464,-0.121271671467,3.804138897254,4.18105161307,         157P   5320
-0.089262915241,0.737718955577,7.099193931348,-0.121840805005,       157P   5321
3.804140657278,4.181514635627,-0.091044780941,0.737727298368,        157P   5322
7.099339452724,-0.122400819939,3.804143279298,4.182115998915,        157P   5323
-0.092778071823,0.737738005377,7.099528452614,-0.122945568502,       157P   5324
3.804146644358,4.18331872549,-0.096244653588,0.737759419395,         157P   5325
7.099906452395,-0.124035065628,3.804153374478,4.18507360011,         157P   5326
-0.09950746746,0.737790267337,7.100457984418,-0.125060521416,        157P   5327
3.804163069546,4.187159297999,-0.102527157247,0.737826740924,        157P   5328
7.101113489469,-0.126009566778,3.804174532673,4.189244995887,        157P   5329
-0.105546847035,0.737863214511,7.10176899452,-0.12695861214,         157P   5330
3.804185995801,4.191657684921,-0.108332241826,0.737905249907,        157P   5331
7.102527268216,-0.127834021931,3.804199206925,4.194257552127,        157P   5332
-0.11092274028,0.737950455591,7.103344369338,-0.128648178588,        157P   5333
3.804213414426,4.196857419333,-0.113513238734,0.737995661275,        157P   5334
7.10416147046,-0.129462335246,3.804227621926,4.199644182186,         157P   5335
-0.115911743595,0.738044033037,7.105037310214,-0.130216151059,       157P   5336
3.80424282448,4.202540211305,-0.118164558248,0.738094248417,         157P   5337
7.105947490794,-0.130924178521,3.804258606457,4.205436240424,        157P   5338
-0.120417372901,0.738144463797,7.106857671374,-0.131632205984,       157P   5339
3.804274388433,4.208447986763,-0.122521018845,0.738196632771,        157P   5340
7.107804220224,-0.132293351852,3.804290784396,4.211531216037,        157P   5341
-0.124511314207,0.738250003867,7.108773235138,-0.132918873251,       157P   5342
3.80430755817,4.214614445311,-0.126501609569,0.738303374964,         157P   5343
7.109742250053,-0.133544394651,3.804324331943,4.217769137768,        157P   5344
-0.128379233515,0.738357947995,7.110733724825,-0.134134505034,       157P   5345
3.804341483467,4.220974069552,-0.130166505251,0.738413363533,        157P   5346
7.1117409891,-0.134696219008,3.804358899779,4.227383933121,          157P   5347
-0.133741048723,0.73852419461,7.11375551765,-0.135819646956,         157P   5348
3.804393732403,4.233989507604,-0.136957691865,0.738638306428,        157P   5349
7.115831555345,-0.136830591944,3.804429596117,4.24069217191,         157P   5350
-0.139944729385,0.738754034276,7.117938106984,-0.137769375164,       157P   5351
3.804465967726,4.244043504063,-0.141438248145,0.738811898199,        157P   5352
7.118991382804,-0.138238766775,3.804484153531,4.247423540638,        157P   5353
-0.142868663563,0.738870240955,7.120053680013,-0.138688325906,       157P   5354
3.804502489826,4.250823585524,-0.144248846815,0.738928916099,        157P   5355
7.121122265548,-0.139122097785,3.804520930585,4.25422363041,         157P   5356
-0.145629030066,0.738987591243,7.122190851084,-0.139555869664,       157P   5357
3.804539371345,4.257643472722,-0.14695976736,0.739046595327,         157P   5358
7.123265658668,-0.139974101385,3.804557915486,4.261080615859,        157P   5359
-0.148244989037,0.739105886362,7.124345903654,-0.140378028198,       157P   5360
3.804576549811,4.267954902132,-0.150815432392,0.73922446843,         157P   5361
7.126506393625,-0.141185881824,3.804613818461,4.274890924254,        157P   5362
-0.153217271961,0.739344073076,7.128686286292,-0.141940745688,       157P   5363
3.804651408492,4.281871750501,-0.155481937972,0.739464416571,        157P   5364
7.130880260255,-0.142652497863,3.804689230733,4.288852576748,        157P   5365
-0.157746603983,0.739584760065,7.133074234219,-0.143364250038,       157P   5366
3.804727052975,4.295876746762,-0.159877091942,0.739705818002,        157P   5367
7.135281830509,-0.144033831968,3.804765099755,4.302928769728,        157P   5368
-0.161906702238,0.739827331803,7.137498180584,-0.144671709489,       157P   5369
3.804803289806,4.309980792695,-0.163936312534,0.739948845604,        157P   5370
7.139714530659,-0.145309587011,3.804841479858,4.317065310754,        157P   5371
-0.165854903971,0.740070892722,7.141941093478,-0.145912572891,       157P   5372
3.804879837524,4.324172121701,-0.167685832267,0.740193303174,        157P   5373
7.144174662633,-0.146488007499,3.80491830938,4.338385743595,         157P   5374
-0.171347688858,0.740438124078,7.148641800942,-0.147638876713,       157P   5375
3.804995253093,4.352685850785,-0.174666797164,0.740684353948,        157P   5376
7.153136120345,-0.148682025038,3.805072639623,4.367040926496,        157P   5377
-0.177727144065,0.740931470287,7.157647715568,-0.14964384835,        157P   5378
3.805150304759,4.381396002207,-0.180787490966,0.741178586627,        157P   5379
7.162159310792,-0.150605671661,3.805227969894,4.395802549778,        157P   5380
-0.183599761039,0.741426531769,7.166687082885,-0.15148952797,        157P   5381
3.80530589551,4.410246927397,-0.186206126401,0.741675080841,         157P   5382
7.171226744423,-0.152308671369,3.805384010933,4.424691305016,        157P   5383
-0.188812491762,0.741923629913,7.17576640596,-0.153127814769,        157P   5384
3.805462126355,4.439170037959,-0.191224155437,0.74217272574,         157P   5385
7.180316864885,-0.153885766209,3.805540413615,4.453673619804,        157P   5386
-0.193474027957,0.742422212394,7.184875133465,-0.154592869001,       157P   5387
3.805618823707,4.460925410726,-0.194598964218,0.742546955721,        157P   5388
7.187154267755,-0.154946420398,3.805658028752,4.46818452432,         157P   5389
-0.195679471624,0.742671814939,7.189435703456,-0.155286008439,       157P   5390
3.805697270221,4.475448107854,-0.196726113007,0.742796743408,        157P   5391
7.191718543995,-0.155614952874,3.805736533454,4.482711691389,        157P   5392
-0.197772754391,0.742921671877,7.194001384535,-0.155943897309,       157P   5393
3.805775796687,4.489980233142,-0.198783581306,0.743046677549,        157P   5394
7.196285783371,-0.156261585768,3.805815084184,4.497254080637,        157P   5395
-0.199757482552,0.743171766145,7.198571849727,-0.156567669017,       157P   5396
3.805854397743,4.526349470616,-0.203653087537,0.743672120528,        157P   5397
7.207716115149,-0.157792002012,3.806011651977,4.555514426553,        157P   5398
-0.207014557294,0.74417355111,7.216882244158,-0.158848463936,        157P   5399
3.806169244446,4.584719602777,-0.209969709482,0.744675582355,        157P   5400
7.226061013828,-0.159777226052,3.806327025694,4.613924779001,        157P   5401
-0.21292486167,0.7451776136,7.235239783498,-0.160705988168,          157P   5402
3.806484806943,4.643171266644,-0.215468234121,0.745680263032,        157P   5403
7.244431536758,-0.161505333796,3.806642782478,4.672441597449,        157P   5404
-0.217688304286,0.746183250324,7.253630783582,-0.162203070133,       157P   5405
3.806800864199,4.730982259058,-0.222128444614,0.747189224909,        157P   5406
7.272029277231,-0.163598542808,3.80711702764,4.789617969778,         157P   5407
-0.225270642634,0.748196544334,7.290457643457,-0.164586090757,       157P   5408
3.807433613745,4.848282337086,-0.227527550859,0.749204160027,        157P   5409
7.308895016039,-0.16529540477,3.807750292963,4.862948428913,         157P   5410
-0.228091777915,0.74945606395,7.313504359185,-0.165472733274,        157P   5411
3.807829462767,4.877617441671,-0.228593141265,0.749708004122,        157P   5412
7.318114620337,-0.165630304613,3.807908643964,4.89228773327,         157P   5413
-0.229043970829,0.749959955078,7.322725283411,-0.165771993904,       157P   5414
3.80798782855,4.906958024869,-0.229494800392,0.750211906034,         157P   5415
7.327335946485,-0.165913683195,3.808067013136,4.92162947024,         157P   5416
-0.229895900556,0.750463865804,7.331946972174,-0.166039743247,       157P   5417
3.808146200493,4.936302631636,-0.230243071601,0.750715843114,        157P   5418
7.336558537184,-0.166148854146,3.808225393361,4.965648954428,        157P   5419
-0.23093741369,0.751219797732,7.345781667204,-0.166367075946,        157P   5420
3.808383779099,4.994999374432,-0.231438023486,0.751723779865,        157P   5421
7.35500608492,-0.166524410453,3.808542173483,5.024351991284,         157P   5422
-0.231762647503,0.752227760811,7.364231193073,-0.166626435144,       157P   5423
3.808700567495,5.083057224986,-0.232411895536,0.753235722702,        157P   5424
7.382681409379,-0.166830484526,3.809017355518,5.141768880954,        157P   5425
-0.232374877883,0.754243643148,7.401133644112,-0.166818850407,       157P   5426
3.809334130515,5.200474337591,-0.231800950065,0.755251338484,        157P   5427
7.419583930484,-0.166638473092,3.809650834763,5.22982706591,         157P   5428
-0.231513986156,0.755755186152,7.42880907367,-0.166548284435,        157P   5429
3.809809186888,5.259178670893,-0.231088507004,0.756258983917,        157P   5430
7.438033863807,-0.166414562416,3.809967523328,5.288527862959,        157P   5431
-0.23054267165,0.756762713653,7.447257895599,-0.166243014162,        157P   5432
3.810125838388,5.317877055025,-0.229996836296,0.757266443389,        157P   5433
7.456481927391,-0.166071465908,3.810284153448,5.347223944419,        157P   5434
-0.22933091813,0.75777010705,7.465705235487,-0.165862177342,         157P   5435
3.810442447741,5.376567977518,-0.22855395718,0.75827369713,          157P   5436
7.474927645889,-0.165617989614,3.810600718909,5.435256043715,        157P   5437
-0.227000035278,0.759280877289,7.493372466694,-0.165129614159,       157P   5438
3.810917261245,5.493932155732,-0.225017371985,0.760287757453,        157P   5439
7.511813530471,-0.16450649141,3.811233709297,5.55259395385,          157P   5440
-0.222672597446,0.76129431184,7.530250095594,-0.163769562269,        157P   5441
3.811550054961,5.669917550085,-0.217983048366,0.763307420612,        157P   5442
7.567123225839,-0.162295703987,3.812182746289,5.787182522243,        157P   5443
-0.211894953433,0.765319213812,7.603977931374,-0.160382302722,       157P   5444
3.812815024152,5.904385010903,-0.20480137548,0.767329712069,         157P   5445
7.640812999239,-0.158152892509,3.813446895033,6.021587499564,        157P   5446
-0.197707797527,0.769340210326,7.677648067104,-0.155923482295,       157P   5447
3.814078765914,6.138728404757,-0.189611309273,0.771349429659,        157P   5448
7.714463780164,-0.153378871701,3.814710234847,6.255807236162,        157P   5449
-0.180706698209,0.77335740471,7.75125998432,-0.150580279652,         157P   5450
3.81534131272,6.372886067568,-0.171802087145,0.775365379761,         157P   5451
7.788056188476,-0.147781687603,3.815972390593,6.489903279081,        157P   5452
-0.16209003335,0.777372118471,7.824833026381,-0.144729327839,        157P   5453
3.816603079902,6.606851171822,-0.151605055891,0.779377496302,        157P   5454
7.861588078385,-0.141434049209,3.817233341506,6.723799064562,        157P   5455
-0.141120078431,0.781382874132,7.898343130389,-0.138138770579,       157P   5456
3.81786360311,6.840677937646,-0.129861313469,0.783386896027,         157P   5457
7.935076490501,-0.134600301591,3.818493438562,6.957466128191,        157P   5458
-0.117725898752,0.785389167351,7.971781350387,-0.130786314108,       157P   5459
3.819122723836,0.0,1.0,0.0,32.0,,1,159;                              157P   5460
406,1,37HSurf_VKUWSLJPAT, V_Tail, 0, 10, upper;                      159P   5461
128,1,96,1,3,0,0,1,0,0,0.0,0.0,1.0,1.0,0.0,0.0,0.0,0.0,1.0,1.0,      161P   5462
1.0,2.0,2.0,2.0,3.0,3.0,3.0,4.0,4.0,4.0,5.0,5.0,5.0,6.0,6.0,6.0,     161P   5463
7.0,7.0,7.0,8.0,8.0,8.0,9.0,9.0,9.0,10.0,10.0,10.0,11.0,11.0,        161P   5464
11.0,12.0,12.0,12.0,13.0,13.0,13.0,14.0,14.0,14.0,15.0,15.0,         161P   5465
15.0,16.0,16.0,16.0,17.0,17.0,17.0,18.0,18.0,18.0,19.0,19.0,         161P   5466
19.0,20.0,20.0,20.0,21.0,21.0,21.0,22.0,22.0,22.0,23.0,23.0,         161P   5467
23.0,24.0,24.0,24.0,25.0,25.0,25.0,26.0,26.0,26.0,27.0,27.0,         161P   5468
27.0,28.0,28.0,28.0,29.0,29.0,29.0,30.0,30.0,30.0,31.0,31.0,         161P   5469
31.0,32.0,32.0,32.0,32.0,1.0,1.0,1.0,1.0,1.0,1.0,1.0,1.0,1.0,        161P   5470
1.0,1.0,1.0,1.0,1.0,1.0,1.0,1.0,1.0,1.0,1.0,1.0,1.0,1.0,1.0,1.0,     161P   5471
1.0,1.0,1.0,1.0,1.0,1.0,1.0,1.0,1.0,1.0,1.0,1.0,1.0,1.0,1.0,1.0,     161P   5472
1.0,1.0,1.0,1.0,1.0,1.0,1.0,1.0,1.0,1.0,1.0,1.0,1.0,1.0,1.0,1.0,     161P   5473
1.0,1.0,1.0,1.0,1.0,1.0,1.0,1.0,1.0,1.0,1.0,1.0,1.0,1.0,1.0,1.0,     161P   5474
1.0,1.0,1.0,1.0,1.0,1.0,1.0,1.0,1.0,1.0,1.0,1.0,1.0,1.0,1.0,1.0,     161P   5475
1.0,1.0,1.0,1.0,1.0,1.0,1.0,1.0,1.0,1.0,1.0,1.0,1.0,1.0,1.0,1.0,     161P   5476
1.0,1.0,1.0,1.0,1.0,1.0,1.0,1.0,1.0,1.0,1.0,1.0,1.0,1.0,1.0,1.0,     161P   5477
1.0,1.0,1.0,1.0,1.0,1.0,1.0,1.0,1.0,1.0,1.0,1.0,1.0,1.0,1.0,1.0,     161P   5478
1.0,1.0,1.0,1.0,1.0,1.0,1.0,1.0,1.0,1.0,1.0,1.0,1.0,1.0,1.0,1.0,     161P   5479
1.0,1.0,1.0,1.0,1.0,1.0,1.0,1.0,1.0,1.0,1.0,1.0,1.0,1.0,1.0,1.0,     161P   5480
1.0,1.0,1.0,1.0,1.0,1.0,1.0,1.0,1.0,1.0,1.0,1.0,1.0,1.0,1.0,1.0,     161P   5481
1.0,1.0,1.0,1.0,1.0,1.0,1.0,1.0,1.0,7.971781350387,                  161P   5482
-0.130786314108,3.819122723836,7.971781350387,-0.130786314108,       161P   5483
3.819122723836,7.935186861575,-0.126028517524,3.818493438562,        161P   5484
7.935131676038,-0.130314409557,3.818493438562,7.898556787959,        161P   5485
-0.121545414269,3.81786360311,7.898449959174,-0.129842092424,        161P   5486
3.81786360311,7.861898767998,-0.117304862225,3.817233341506,         161P   5487
7.861743423191,-0.129369455717,3.817233341506,7.825240748037,        161P   5488
-0.113064310182,3.816603079902,7.825036887209,-0.12889681901,        161P   5489
3.816603079902,7.788554694745,-0.109066035527,3.815972390593,        161P   5490
7.788305441611,-0.128423861565,3.815972390593,7.751842747633,        161P   5491
-0.105320945815,3.81534131272,7.751551365977,-0.127950612733,        161P   5492
3.81534131272,7.71513080052,-0.101575856103,3.814710234847,          161P   5493
7.714797290342,-0.127477363902,3.814710234847,7.678392811478,        161P   5494
-0.098084161329,3.814078765914,7.678020439291,-0.127003821812,       161P   5495
3.814078765914,7.641627358297,-0.09490706409,3.813446895033,         161P   5496
7.641220178768,-0.126529978299,3.813446895033,7.604861905115,        161P   5497
-0.091729966851,3.812815024152,7.604419918245,-0.126056134787,       161P   5498
3.812815024152,7.568068684203,-0.088868268166,3.812182746289,        161P   5499
7.567595955021,-0.125581986076,3.812182746289,7.531245727374,        161P   5500
-0.086445492342,3.811550054961,7.530747911484,-0.125107527305,       161P   5501
3.811550054961,7.512834248959,-0.08523410443,3.811233709297,         161P   5502
7.512323889715,-0.12487029792,3.811233709297,7.494415343105,         161P   5503
-0.084136369348,3.810917261245,7.4938939049,-0.124632991754,         161P   5504
3.810917261245,7.475989212006,-0.083173240152,3.810600718909,        161P   5505
7.475458428948,-0.124395614883,3.810600718909,7.466776146457,        161P   5506
-0.082691675554,3.810442447741,7.466240690972,-0.124276926448,       161P   5507
3.810442447741,7.457561284932,-0.082244975433,3.810284153448,        161P   5508
7.457021606162,-0.124158220671,3.810284153448,7.448344728216,        161P   5509
-0.081835984479,3.810125838388,7.447801311907,-0.12403949932,        161P   5510
3.810125838388,7.439128171499,-0.081426993524,3.809967523328,        161P   5511
7.438581017653,-0.12392077797,3.809967523328,7.429909882742,         161P   5512
-0.081055796739,3.809809186888,7.429359478206,-0.123802040587,       161P   5513
3.809809186888,7.420690120161,-0.080728109792,3.809650834763,        161P   5514
7.420137025322,-0.123683291442,3.809650834763,7.402250594998,        161P   5515
-0.080072735898,3.809334130515,7.401692119555,-0.123445793152,       161P   5516
3.809334130515,7.383804777335,-0.079585999089,3.809017355518,        161P   5517
7.383243093357,-0.123208241808,3.809017355518,7.365355424028,        161P   5518
-0.079314926245,3.808700567495,7.364793308551,-0.122970680695,       161P   5519
3.808700567495,7.356130747375,-0.079179389824,3.808542173483,        161P   5520
7.355568416148,-0.122851900138,3.808542173483,7.346905336819,        161P   5521
-0.079099162659,3.808383779099,7.346343502011,-0.122733119302,       161P   5522
3.808383779099,7.337679645809,-0.079079835755,3.808225393361,        161P   5523
7.337119091497,-0.122614344951,3.808225393361,7.333066800305,        161P   5524
-0.079070172303,3.808146200493,7.332506886239,-0.122554957775,       161P   5525
3.808146200493,7.328454057538,-0.079077466271,3.808067013136,        161P   5526
7.327895002012,-0.122495574733,3.808067013136,7.323841274845,        161P   5527
-0.079100393633,3.80798782855,7.323283279128,-0.122436193768,        161P   5528
3.80798782855,7.319228492152,-0.079123320995,3.807908643964,         161P   5529
7.318671556245,-0.122376812804,3.807908643964,7.314615702318,        161P   5530
-0.079162135487,3.807829462767,7.314060030751,-0.122317434381,       161P   5531
3.807829462767,7.31000332148,-0.079220724231,3.807750292963,         161P   5532
7.30944916876,-0.122258064501,3.807750292963,7.29155379813,          161P   5533
-0.079455079207,3.807433613745,7.291005720793,-0.122020584982,       161P   5534
3.807433613745,7.273106114206,-0.079967807769,3.80711702764,         161P   5535
7.272567695718,-0.121783175289,3.80711702764,7.254677789746,         161P   5536
-0.080889094974,3.806800864199,7.254154286664,-0.121546082553,       161P   5537
3.806800864199,7.245463627516,-0.081349738576,3.806642782478,        161P   5538
7.244947582137,-0.121427536186,3.806642782478,7.236254340139,        161P   5539
-0.081912150725,3.806484806943,7.235747061819,-0.121309069447,       161P   5540
3.806484806943,7.227054699842,-0.082604270757,3.806327025694,        161P   5541
7.226557856835,-0.121190748405,3.806327025694,7.217855059545,        161P   5542
-0.08329639079,3.806169244446,7.217368651852,-0.121072427363,        161P   5543
3.806169244446,7.208664767716,-0.084116493764,3.806011651977,        161P   5544
7.208190441432,-0.120954247888,3.806011651977,7.199492009895,        161P   5545
-0.085104975096,3.805854397743,7.199031929811,-0.120836322057,       161P   5546
3.805854397743,7.197198820439,-0.08535209543,3.805815084184,         161P   5547
7.196742301905,-0.120806840599,3.805815084184,7.19490699914,         161P   5548
-0.085610860061,3.805775796687,7.194454191837,-0.120777378685,       161P   5549
3.805775796687,7.192616445803,-0.085880917059,3.805736533454,        161P   5550
7.192167494899,-0.120747934966,3.805736533454,7.190325892467,        161P   5551
-0.086150974056,3.805697270221,7.189880797961,-0.120718491248,       161P   5552
3.805697270221,7.188036469452,-0.086431707304,3.805658028752,        161P   5553
7.187595368604,-0.120689063851,3.805658028752,7.185748987559,        161P   5554
-0.086726458534,3.805618823707,7.185312060512,-0.120659663768,       161P   5555
3.805618823707,7.181174023772,-0.087315960993,3.805540413615,        161P   5556
7.180745444328,-0.120600863601,3.805540413615,7.176605557803,        161P   5557
-0.087956496324,3.805462126355,7.176185981882,-0.120542155546,       161P   5558
3.805462126355,7.172046310078,-0.088658481338,3.805384010933,        161P   5559
7.17163652725,-0.120483576354,3.805384010933,7.167487062352,         161P   5560
-0.089360466351,3.80530589551,7.167087072619,-0.120424997161,        161P   5561
3.80530589551,7.162938033906,-0.090127448948,3.805227969894,         161P   5562
7.162548672349,-0.120366560305,3.805227969894,7.158403169479,        161P   5563
-0.09097278922,3.805150304759,7.158025442524,-0.120308318785,        161P   5564
3.805150304759,7.153868305053,-0.091818129491,3.805072639623,        161P   5565
7.153502212699,-0.120250077265,3.805072639623,7.14934861677,         161P   5566
-0.092745212631,3.804995253093,7.148995208856,-0.120192044672,       161P   5567
3.804995253093,7.144853326981,-0.093780680803,3.80491830938,         161P   5568
7.144513994807,-0.120134344151,3.80491830938,7.142605682086,         161P   5569
-0.094298414889,3.804879837524,7.142273387782,-0.12010549389,        161P   5570
3.804879837524,7.140364331817,-0.094843871513,3.804841479858,        161P   5571
7.140039431238,-0.120076729262,3.804841479858,7.138132292518,        161P   5572
-0.095424471167,3.804803289806,7.137815236551,-0.120048090328,       161P   5573
3.804803289806,7.13590025322,-0.096005070821,3.804765099755,         161P   5574
7.135591041865,-0.120019451395,3.804765099755,7.133676148482,        161P   5575
-0.096617589764,3.804727052975,7.13337519135,-0.119990919901,        161P   5576
3.804727052975,7.131464575759,-0.097272615718,3.804689230733,        161P   5577
7.131172418007,-0.119962556791,3.804689230733,7.129253003035,        161P   5578
-0.097927641672,3.804651408492,7.128969644664,-0.11993419368,        161P   5579
3.804651408492,7.127054396904,-0.098626127586,3.804613818461,        161P   5580
7.126780395265,-0.119906004705,3.804613818461,7.12487382266,         161P   5581
-0.099378085273,3.804576549811,7.124609863157,-0.119878056736,       161P   5582
3.804576549811,7.123783535538,-0.099754064116,3.804557915486,        161P   5583
7.123524597103,-0.119864082751,3.804557915486,7.122698315693,        161P   5584
-0.100144483127,3.804539371345,7.122444583389,-0.119850176396,       161P   5585
3.804539371345,7.121618915708,-0.100550597348,3.804520930585,        161P   5586
7.121370590628,-0.119836347567,3.804520930585,7.120539515722,        161P   5587
-0.10095671157,3.804502489826,7.120296597867,-0.119822518738,        161P   5588
3.804502489826,7.119465995489,-0.101378769721,3.804484153531,        161P   5589
7.119228689146,-0.119808768248,3.804484153531,7.11840098301,         161P   5590
-0.101820886058,3.804465967726,7.118169544997,-0.119795130611,       161P   5591
3.804465967726,7.116270958052,-0.102705118732,3.804429596117,        161P   5592
7.116051256698,-0.119767855338,3.804429596117,7.114169578907,        161P   5593
-0.103662274919,3.804393732403,7.113962548279,-0.119740960938,       161P   5594
3.804393732403,7.112126792313,-0.104733460507,3.804358899779,        161P   5595
7.111933890706,-0.119714839758,3.804358899779,7.111105399016,        161P   5596
-0.105269053301,3.804341483467,7.11091956192,-0.119701779168,        161P   5597
3.804341483467,7.110099058838,-0.105833439637,3.804324331943,        161P   5598
7.109920654446,-0.119688917144,3.804324331943,7.109114259313,        161P   5599
-0.106433803543,3.80430755817,7.108943747225,-0.119676338397,        161P   5600
3.80430755817,7.108129459787,-0.10703416745,3.804290784396,          161P   5601
7.107966840005,-0.119663759651,3.804290784396,7.107166201622,        161P   5602
-0.107670722468,3.804274388433,7.107011936498,-0.119651464226,       161P   5603
3.804274388433,7.106238092567,-0.108355079946,3.804258606457,        161P   5604
7.10609279168,-0.119639629234,3.804258606457,7.105309983511,         161P   5605
-0.109039437423,3.80424282448,7.105173646862,-0.119627794241,        161P   5606
3.80424282448,7.104415024942,-0.109770452276,3.804227621926,         161P   5607
7.104288247701,-0.119616393761,3.804227621926,7.10357723188,         161P   5608
-0.110563300364,3.804213414426,7.103460800609,-0.119605739476,       161P   5609
3.804213414426,7.102739438818,-0.111356148453,3.804199206925,        161P   5610
7.102633353517,-0.119595085192,3.804199206925,7.101958876539,        161P   5611
-0.112211744052,3.804185995801,7.101863935529,-0.119585178096,       161P   5612
3.804185995801,7.101279152871,-0.113143596887,3.804174532673,        161P   5613
7.10119632117,-0.119576581832,3.804174532673,7.100599429204,         161P   5614
-0.114075449722,3.804163069546,7.100528706811,-0.119567985569,       161P   5615
3.804163069546,7.100021676684,-0.115086364739,3.804153374478,        161P   5616
7.09996406454,-0.119560715184,3.804153374478,7.099615749944,         161P   5617
-0.116165767956,3.804146644358,7.099572101279,-0.119555668229,       161P   5618
3.804146644358,7.099412786575,-0.116705469564,3.804143279298,        161P   5619
7.099376119649,-0.119553144752,3.804143279298,7.099252894228,        161P   5620
-0.117261551963,3.804140657278,7.099223412788,-0.119551178484,       161P   5621
3.804140657278,7.099143078902,-0.117828045797,3.804138897254,        161P   5622
7.099120908683,-0.119549858632,3.804138897254,7.099033263576,        161P   5623
-0.118394539631,3.804137137229,7.099018404577,-0.11954853878,        161P   5624
3.804137137229,7.098973875904,-0.118972615954,3.804136245479,        161P   5625
7.09896646888,-0.119547870051,3.804136245479,7.09896646888,          161P   5626
-0.119547870051,3.804136245479,7.09896646888,-0.119547870051,        161P   5627
3.804136245479,0.0,1.0,0.0,32.0,,1,163;                              161P   5628
406,1,37HSurf_VKUWSLJPAT, V_Tail, 0, 13, lower;                      163P   5629
128,1,96,1,3,0,0,1,0,0,0.0,0.0,1.0,1.0,0.0,0.0,0.0,0.0,1.0,1.0,      165P   5630
1.0,2.0,2.0,2.0,3.0,3.0,3.0,4.0,4.0,4.0,5.0,5.0,5.0,6.0,6.0,6.0,     165P   5631
7.0,7.0,7.0,8.0,8.0,8.0,9.0,9.0,9.0,10.0,10.0,10.0,11.0,11.0,        165P   5632
11.0,12.0,12.0,12.0,13.0,13.0,13.0,14.0,14.0,14.0,15.0,15.0,         165P   5633
15.0,16.0,16.0,16.0,17.0,17.0,17.0,18.0,18.0,18.0,19.0,19.0,         165P   5634
19.0,20.0,20.0,20.0,21.0,21.0,21.0,22.0,22.0,22.0,23.0,23.0,         165P   5635
23.0,24.0,24.0,24.0,25.0,25.0,25.0,26.0,26.0,26.0,27.0,27.0,         165P   5636
27.0,28.0,28.0,28.0,29.0,29.0,29.0,30.0,30.0,30.0,31.0,31.0,         165P   5637
31.0,32.0,32.0,32.0,32.0,1.0,1.0,1.0,1.0,1.0,1.0,1.0,1.0,1.0,        165P   5638
1.0,1.0,1.0,1.0,1.0,1.0,1.0,1.0,1.0,1.0,1.0,1.0,1.0,1.0,1.0,1.0,     165P   5639
1.0,1.0,1.0,1.0,1.0,1.0,1.0,1.0,1.0,1.0,1.0,1.0,1.0,1.0,1.0,1.0,     165P   5640
1.0,1.0,1.0,1.0,1.0,1.0,1.0,1.0,1.0,1.0,1.0,1.0,1.0,1.0,1.0,1.0,     165P   5641
1.0,1.0,1.0,1.0,1.0,1.0,1.0,1.0,1.0,1.0,1.0,1.0,1.0,1.0,1.0,1.0,     165P   5642
1.0,1.0,1.0,1.0,1.0,1.0,1.0,1.0,1.0,1.0,1.0,1.0,1.0,1.0,1.0,1.0,     165P   5643
1.0,1.0,1.0,1.0,1.0,1.0,1.0,1.0,1.0,1.0,1.0,1.0,1.0,1.0,1.0,1.0,     165P   5644
1.0,1.0,1.0,1.0,1.0,1.0,1.0,1.0,1.0,1.0,1.0,1.0,1.0,1.0,1.0,1.0,     165P   5645
1.0,1.0,1.0,1.0,1.0,1.0,1.0,1.0,1.0,1.0,1.0,1.0,1.0,1.0,1.0,1.0,     165P   5646
1.0,1.0,1.0,1.0,1.0,1.0,1.0,1.0,1.0,1.0,1.0,1.0,1.0,1.0,1.0,1.0,     165P   5647
1.0,1.0,1.0,1.0,1.0,1.0,1.0,1.0,1.0,1.0,1.0,1.0,1.0,1.0,1.0,1.0,     165P   5648
1.0,1.0,1.0,1.0,1.0,1.0,1.0,1.0,1.0,1.0,1.0,1.0,1.0,1.0,1.0,1.0,     165P   5649
1.0,1.0,1.0,1.0,1.0,1.0,1.0,1.0,1.0,7.09896646888,                   165P   5650
-0.119547870051,3.804136245479,7.09896646888,-0.119547870051,        165P   5651
3.804136245479,7.098959061856,-0.120123124148,3.804136245479,        165P   5652
7.09896646888,-0.119547870051,3.804136245479,7.099003545579,         165P   5653
-0.120702537929,3.804137137229,7.099018404577,-0.11954853878,        165P   5654
3.804137137229,7.099098738464,-0.121271671467,3.804138897254,        165P   5655
7.099120908683,-0.119549858632,3.804138897254,7.099193931348,        165P   5656
-0.121840805005,3.804140657278,7.099223412788,-0.119551178484,       165P   5657
3.804140657278,7.099339452724,-0.122400819939,3.804143279298,        165P   5658
7.099376119649,-0.119553144752,3.804143279298,7.099528452614,        165P   5659
-0.122945568502,3.804146644358,7.099572101279,-0.119555668229,       165P   5660
3.804146644358,7.099906452395,-0.124035065628,3.804153374478,        165P   5661
7.09996406454,-0.119560715184,3.804153374478,7.100457984418,         165P   5662
-0.125060521416,3.804163069546,7.100528706811,-0.119567985569,       165P   5663
3.804163069546,7.101113489469,-0.126009566778,3.804174532673,        165P   5664
7.10119632117,-0.119576581832,3.804174532673,7.10176899452,          165P   5665
-0.12695861214,3.804185995801,7.101863935529,-0.119585178096,        165P   5666
3.804185995801,7.102527268216,-0.127834021931,3.804199206925,        165P   5667
7.102633353517,-0.119595085192,3.804199206925,7.103344369338,        165P   5668
-0.128648178588,3.804213414426,7.103460800609,-0.119605739476,       165P   5669
3.804213414426,7.10416147046,-0.129462335246,3.804227621926,         165P   5670
7.104288247701,-0.119616393761,3.804227621926,7.105037310214,        165P   5671
-0.130216151059,3.80424282448,7.105173646862,-0.119627794241,        165P   5672
3.80424282448,7.105947490794,-0.130924178521,3.804258606457,         165P   5673
7.10609279168,-0.119639629234,3.804258606457,7.106857671374,         165P   5674
-0.131632205984,3.804274388433,7.107011936498,-0.119651464226,       165P   5675
3.804274388433,7.107804220224,-0.132293351852,3.804290784396,        165P   5676
7.107966840005,-0.119663759651,3.804290784396,7.108773235138,        165P   5677
-0.132918873251,3.80430755817,7.108943747225,-0.119676338397,        165P   5678
3.80430755817,7.109742250053,-0.133544394651,3.804324331943,         165P   5679
7.109920654446,-0.119688917144,3.804324331943,7.110733724825,        165P   5680
-0.134134505034,3.804341483467,7.11091956192,-0.119701779168,        165P   5681
3.804341483467,7.1117409891,-0.134696219008,3.804358899779,          165P   5682
7.111933890706,-0.119714839758,3.804358899779,7.11375551765,         165P   5683
-0.135819646956,3.804393732403,7.113962548279,-0.119740960938,       165P   5684
3.804393732403,7.115831555345,-0.136830591944,3.804429596117,        165P   5685
7.116051256698,-0.119767855338,3.804429596117,7.117938106984,        165P   5686
-0.137769375164,3.804465967726,7.118169544997,-0.119795130611,       165P   5687
3.804465967726,7.118991382804,-0.138238766775,3.804484153531,        165P   5688
7.119228689146,-0.119808768248,3.804484153531,7.120053680013,        165P   5689
-0.138688325906,3.804502489826,7.120296597867,-0.119822518738,       165P   5690
3.804502489826,7.121122265548,-0.139122097785,3.804520930585,        165P   5691
7.121370590628,-0.119836347567,3.804520930585,7.122190851084,        165P   5692
-0.139555869664,3.804539371345,7.122444583389,-0.119850176396,       165P   5693
3.804539371345,7.123265658668,-0.139974101385,3.804557915486,        165P   5694
7.123524597103,-0.119864082751,3.804557915486,7.124345903654,        165P   5695
-0.140378028198,3.804576549811,7.124609863157,-0.119878056736,       165P   5696
3.804576549811,7.126506393625,-0.141185881824,3.804613818461,        165P   5697
7.126780395265,-0.119906004705,3.804613818461,7.128686286292,        165P   5698
-0.141940745688,3.804651408492,7.128969644664,-0.11993419368,        165P   5699
3.804651408492,7.130880260255,-0.142652497863,3.804689230733,        165P   5700
7.131172418007,-0.119962556791,3.804689230733,7.133074234219,        165P   5701
-0.143364250038,3.804727052975,7.13337519135,-0.119990919901,        165P   5702
3.804727052975,7.135281830509,-0.144033831968,3.804765099755,        165P   5703
7.135591041865,-0.120019451395,3.804765099755,7.137498180584,        165P   5704
-0.144671709489,3.804803289806,7.137815236551,-0.120048090328,       165P   5705
3.804803289806,7.139714530659,-0.145309587011,3.804841479858,        165P   5706
7.140039431238,-0.120076729262,3.804841479858,7.141941093478,        165P   5707
-0.145912572891,3.804879837524,7.142273387782,-0.12010549389,        165P   5708
3.804879837524,7.144174662633,-0.146488007499,3.80491830938,         165P   5709
7.144513994807,-0.120134344151,3.80491830938,7.148641800942,         165P   5710
-0.147638876713,3.804995253093,7.148995208856,-0.120192044672,       165P   5711
3.804995253093,7.153136120345,-0.148682025038,3.805072639623,        165P   5712
7.153502212699,-0.120250077265,3.805072639623,7.157647715568,        165P   5713
-0.14964384835,3.805150304759,7.158025442524,-0.120308318785,        165P   5714
3.805150304759,7.162159310792,-0.150605671661,3.805227969894,        165P   5715
7.162548672349,-0.120366560305,3.805227969894,7.166687082885,        165P   5716
-0.15148952797,3.80530589551,7.167087072619,-0.120424997161,         165P   5717
3.80530589551,7.171226744423,-0.152308671369,3.805384010933,         165P   5718
7.17163652725,-0.120483576354,3.805384010933,7.17576640596,          165P   5719
-0.153127814769,3.805462126355,7.176185981882,-0.120542155546,       165P   5720
3.805462126355,7.180316864885,-0.153885766209,3.805540413615,        165P   5721
7.180745444328,-0.120600863601,3.805540413615,7.184875133465,        165P   5722
-0.154592869001,3.805618823707,7.185312060512,-0.120659663768,       165P   5723
3.805618823707,7.187154267755,-0.154946420398,3.805658028752,        165P   5724
7.187595368604,-0.120689063851,3.805658028752,7.189435703456,        165P   5725
-0.155286008439,3.805697270221,7.189880797961,-0.120718491248,       165P   5726
3.805697270221,7.191718543995,-0.155614952874,3.805736533454,        165P   5727
7.192167494899,-0.120747934966,3.805736533454,7.194001384535,        165P   5728
-0.155943897309,3.805775796687,7.194454191837,-0.120777378685,       165P   5729
3.805775796687,7.196285783371,-0.156261585768,3.805815084184,        165P   5730
7.196742301905,-0.120806840599,3.805815084184,7.198571849727,        165P   5731
-0.156567669017,3.805854397743,7.199031929811,-0.120836322057,       165P   5732
3.805854397743,7.207716115149,-0.157792002012,3.806011651977,        165P   5733
7.208190441432,-0.120954247888,3.806011651977,7.216882244158,        165P   5734
-0.158848463936,3.806169244446,7.217368651852,-0.121072427363,       165P   5735
3.806169244446,7.226061013828,-0.159777226052,3.806327025694,        165P   5736
7.226557856835,-0.121190748405,3.806327025694,7.235239783498,        165P   5737
-0.160705988168,3.806484806943,7.235747061819,-0.121309069447,       165P   5738
3.806484806943,7.244431536758,-0.161505333796,3.806642782478,        165P   5739
7.244947582137,-0.121427536186,3.806642782478,7.253630783582,        165P   5740
-0.162203070133,3.806800864199,7.254154286664,-0.121546082553,       165P   5741
3.806800864199,7.272029277231,-0.163598542808,3.80711702764,         165P   5742
7.272567695718,-0.121783175289,3.80711702764,7.290457643457,         165P   5743
-0.164586090757,3.807433613745,7.291005720793,-0.122020584982,       165P   5744
3.807433613745,7.308895016039,-0.16529540477,3.807750292963,         165P   5745
7.30944916876,-0.122258064501,3.807750292963,7.313504359185,         165P   5746
-0.165472733274,3.807829462767,7.314060030751,-0.122317434381,       165P   5747
3.807829462767,7.318114620337,-0.165630304613,3.807908643964,        165P   5748
7.318671556245,-0.122376812804,3.807908643964,7.322725283411,        165P   5749
-0.165771993904,3.80798782855,7.323283279128,-0.122436193768,        165P   5750
3.80798782855,7.327335946485,-0.165913683195,3.808067013136,         165P   5751
7.327895002012,-0.122495574733,3.808067013136,7.331946972174,        165P   5752
-0.166039743247,3.808146200493,7.332506886239,-0.122554957775,       165P   5753
3.808146200493,7.336558537184,-0.166148854146,3.808225393361,        165P   5754
7.337119091497,-0.122614344951,3.808225393361,7.345781667204,        165P   5755
-0.166367075946,3.808383779099,7.346343502011,-0.122733119302,       165P   5756
3.808383779099,7.35500608492,-0.166524410453,3.808542173483,         165P   5757
7.355568416148,-0.122851900138,3.808542173483,7.364231193073,        165P   5758
-0.166626435144,3.808700567495,7.364793308551,-0.122970680695,       165P   5759
3.808700567495,7.382681409379,-0.166830484526,3.809017355518,        165P   5760
7.383243093357,-0.123208241808,3.809017355518,7.401133644112,        165P   5761
-0.166818850407,3.809334130515,7.401692119555,-0.123445793152,       165P   5762
3.809334130515,7.419583930484,-0.166638473092,3.809650834763,        165P   5763
7.420137025322,-0.123683291442,3.809650834763,7.42880907367,         165P   5764
-0.166548284435,3.809809186888,7.429359478206,-0.123802040587,       165P   5765
3.809809186888,7.438033863807,-0.166414562416,3.809967523328,        165P   5766
7.438581017653,-0.12392077797,3.809967523328,7.447257895599,         165P   5767
-0.166243014162,3.810125838388,7.447801311907,-0.12403949932,        165P   5768
3.810125838388,7.456481927391,-0.166071465908,3.810284153448,        165P   5769
7.457021606162,-0.124158220671,3.810284153448,7.465705235487,        165P   5770
-0.165862177342,3.810442447741,7.466240690972,-0.124276926448,       165P   5771
3.810442447741,7.474927645889,-0.165617989614,3.810600718909,        165P   5772
7.475458428948,-0.124395614883,3.810600718909,7.493372466694,        165P   5773
-0.165129614159,3.810917261245,7.4938939049,-0.124632991754,         165P   5774
3.810917261245,7.511813530471,-0.16450649141,3.811233709297,         165P   5775
7.512323889715,-0.12487029792,3.811233709297,7.530250095594,         165P   5776
-0.163769562269,3.811550054961,7.530747911484,-0.125107527305,       165P   5777
3.811550054961,7.567123225839,-0.162295703987,3.812182746289,        165P   5778
7.567595955021,-0.125581986076,3.812182746289,7.603977931374,        165P   5779
-0.160382302722,3.812815024152,7.604419918245,-0.126056134787,       165P   5780
3.812815024152,7.640812999239,-0.158152892509,3.813446895033,        165P   5781
7.641220178768,-0.126529978299,3.813446895033,7.677648067104,        165P   5782
-0.155923482295,3.814078765914,7.678020439291,-0.127003821812,       165P   5783
3.814078765914,7.714463780164,-0.153378871701,3.814710234847,        165P   5784
7.714797290342,-0.127477363902,3.814710234847,7.75125998432,         165P   5785
-0.150580279652,3.81534131272,7.751551365977,-0.127950612733,        165P   5786
3.81534131272,7.788056188476,-0.147781687603,3.815972390593,         165P   5787
7.788305441611,-0.128423861565,3.815972390593,7.824833026381,        165P   5788
-0.144729327839,3.816603079902,7.825036887209,-0.12889681901,        165P   5789
3.816603079902,7.861588078385,-0.141434049209,3.817233341506,        165P   5790
7.861743423191,-0.129369455717,3.817233341506,7.898343130389,        165P   5791
-0.138138770579,3.81786360311,7.898449959174,-0.129842092424,        165P   5792
3.81786360311,7.935076490501,-0.134600301591,3.818493438562,         165P   5793
7.935131676038,-0.130314409557,3.818493438562,7.971781350387,        165P   5794
-0.130786314108,3.819122723836,7.971781350387,-0.130786314108,       165P   5795
3.819122723836,0.0,1.0,0.0,32.0,,1,167;                              165P   5796
406,1,37HSurf_VKUWSLJPAT, V_Tail, 0, 16, upper;                      167P   5797
S      1G      3D    168P   5797                                        T      1
