# Created via the free libIGES (https://github.com/cbernardo/libIGES)   S      1
,,4Hnone,9Hprova.igs,14HOpenVSP 3.46.0,19HlibIGES Version 0.3,32,38,6,  G      1
308,15,,1.0,6,1HM,1,1.0,15H20260115.094241,0.0,0.0,,,11,0,15H20260115.09G      2
4241;                                                                   G      3
     128       1       0       0       0       0       0       0       0D      1
     128       0       0      37       0                               0D      2
     406      38       0       0       0       0       0       0       0D      3
     406       0       0       1      15                               0D      4
     128      39       0       0       0       0       0       0       0D      5
     128       0       0      39       0                               0D      6
     406      78       0       0       0       0       0       0       0D      7
     406       0       0       1      15                               0D      8
     128      79       0       0       0       0       0       0       0D      9
     128       0       0      38       0                               0D     10
     406     117       0       0       0       0       0       0       0D     11
     406       0       0       1      15                               0D     12
     128     118       0       0       0       0       0       0       0D     13
     128       0       0      37       0                               0D     14
     406     155       0       0       0       0       0       0       0D     15
     406       0       0       1      15                               0D     16
     128     156       0       0       0       0       0       0       0D     17
     128       0       0      41       0                               0D     18
     406     197       0       0       0       0       0       0       0D     19
     406       0       0       1      15                               0D     20
     128     198       0       0       0       0       0       0       0D     21
     128       0       0      41       0                               0D     22
     406     239       0       0       0       0       0       0       0D     23
     406       0       0       1      15                               0D     24
     128     240       0       0       0       0       0       0       0D     25
     128       0       0      42       0                               0D     26
     406     282       0       0       0       0       0       0       0D     27
     406       0       0       1      15                               0D     28
     128     283       0       0       0       0       0       0       0D     29
     128       0       0      41       0                               0D     30
     406     324       0       0       0       0       0       0       0D     31
     406       0       0       1      15                               0D     32
     128     325       0       0       0       0       0       0       0D     33
     128       0       0     192       0                               0D     34
     406     517       0       0       0       0       0       0       0D     35
     406       0       0       1      15                               0D     36
     128     518       0       0       0       0       0       0       0D     37
     128       0       0     192       0                               0D     38
     406     710       0       0       0       0       0       0       0D     39
     406       0       0       1      15                               0D     40
     128     711       0       0       0       0       0       0       0D     41
     128       0       0     203       0                               0D     42
     406     914       0       0       0       0       0       0       0D     43
     406       0       0       1      15                               0D     44
     128     915       0       0       0       0       0       0       0D     45
     128       0       0     204       0                               0D     46
     406    1119       0       0       0       0       0       0       0D     47
     406       0       0       1      15                               0D     48
     128    1120       0       0       0       0       0       0       0D     49
     128       0       0     213       0                               0D     50
     406    1333       0       0       0       0       0       0       0D     51
     406       0       0       1      15                               0D     52
     128    1334       0       0       0       0       0       0       0D     53
     128       0       0     213       0                               0D     54
     406    1547       0       0       0       0       0       0       0D     55
     406       0       0       1      15                               0D     56
     128    1548       0       0       0       0       0       0       0D     57
     128       0       0     213       0                               0D     58
     406    1761       0       0       0       0       0       0       0D     59
     406       0       0       1      15                               0D     60
     128    1762       0       0       0       0       0       0       0D     61
     128       0       0     213       0                               0D     62
     406    1975       0       0       0       0       0       0       0D     63
     406       0       0       1      15                               0D     64
     128    1976       0       0       0       0       0       0       0D     65
     128       0       0     192       0                               0D     66
     406    2168       0       0       0       0       0       0       0D     67
     406       0       0       1      15                               0D     68
     128    2169       0       0       0       0       0       0       0D     69
     128       0       0     192       0                               0D     70
     406    2361       0       0       0       0       0       0       0D     71
     406       0       0       1      15                               0D     72
     128    2362       0       0       0       0       0       0       0D     73
     128       0       0     211       0                               0D     74
     406    2573       0       0       0       0       0       0       0D     75
     406       0       0       1      15                               0D     76
     128    2574       0       0       0       0       0       0       0D     77
     128       0       0     210       0                               0D     78
     406    2784       0       0       0       0       0       0       0D     79
     406       0       0       1      15                               0D     80
     128    2785       0       0       0       0       0       0       0D     81
     128       0       0     213       0                               0D     82
     406    2998       0       0       0       0       0       0       0D     83
     406       0       0       1      15                               0D     84
     128    2999       0       0       0       0       0       0       0D     85
     128       0       0     213       0                               0D     86
     406    3212       0       0       0       0       0       0       0D     87
     406       0       0       1      15                               0D     88
     128    3213       0       0       0       0       0       0       0D     89
     128       0       0     248       0                               0D     90
     406    3461       0       0       0       0       0       0       0D     91
     406       0       0       1      15                               0D     92
     128    3462       0       0       0       0       0       0       0D     93
     128       0       0     247       0                               0D     94
     406    3709       0       0       0       0       0       0       0D     95
     406       0       0       1      15                               0D     96
     128    3710       0       0       0       0       0       0       0D     97
     128       0       0     189       0                               0D     98
     406    3899       0       0       0       0       0       0       0D     99
     406       0       0       1      15                               0D    100
     128    3900       0       0       0       0       0       0       0D    101
     128       0       0     191       0                               0D    102
     406    4091       0       0       0       0       0       0       0D    103
     406       0       0       1      15                               0D    104
     128    4092       0       0       0       0       0       0       0D    105
     128       0       0     207       0                               0D    106
     406    4299       0       0       0       0       0       0       0D    107
     406       0       0       1      15                               0D    108
     128    4300       0       0       0       0       0       0       0D    109
     128       0       0     209       0                               0D    110
     406    4509       0       0       0       0       0       0       0D    111
     406       0       0       1      15                               0D    112
     128    4510       0       0       0       0       0       0       0D    113
     128       0       0     213       0                               0D    114
     406    4723       0       0       0       0       0       0       0D    115
     406       0       0       1      15                               0D    116
     128    4724       0       0       0       0       0       0       0D    117
     128       0       0     213       0                               0D    118
     406    4937       0       0       0       0       0       0       0D    119
     406       0       0       1      15                               0D    120
     128    4938       0       0       0       0       0       0       0D    121
     128       0       0     189       0                               0D    122
     406    5127       0       0       0       0       0       0       0D    123
     406       0       0       1      15                               0D    124
     128    5128       0       0       0       0       0       0       0D    125
     128       0       0     191       0                               0D    126
     406    5319       0       0       0       0       0       0       0D    127
     406       0       0       1      15                               0D    128
     128    5320       0       0       0       0       0       0       0D    129
     128       0       0     211       0                               0D    130
     406    5531       0       0       0       0       0       0       0D    131
     406       0       0       1      15                               0D    132
     128    5532       0       0       0       0       0       0       0D    133
     128       0       0     212       0                               0D    134
     406    5744       0       0       0       0       0       0       0D    135
     406       0       0       1      15                               0D    136
     128    5745       0       0       0       0       0       0       0D    137
     128       0       0     213       0                               0D    138
     406    5958       0       0       0       0       0       0       0D    139
     406       0       0       1      15                               0D    140
     128    5959       0       0       0       0       0       0       0D    141
     128       0       0     213       0                               0D    142
     406    6172       0       0       0       0       0       0       0D    143
     406       0       0       1      15                               0D    144
     128    6173       0       0       0       0       0       0       0D    145
     128       0       0     166       0                               0D    146
     406    6339       0       0       0       0       0       0       0D    147
     406       0       0       1      15                               0D    148
     128    6340       0       0       0       0       0       0       0D    149
     128       0       0     166       0                               0D    150
     406    6506       0       0       0       0       0       0       0D    151
     406       0       0       1      15                               0D    152
     128    6507       0       0       0       0       0       0       0D    153
     128       0       0     167       0                               0D    154
     406    6674       0       0       0       0       0       0       0D    155
     406       0       0       1      15                               0D    156
     128    6675       0       0       0       0       0       0       0D    157
     128       0       0     167       0                               0D    158
     406    6842       0       0       0       0       0       0       0D    159
     406       0       0       1      15                               0D    160
     128    6843       0       0       0       0       0       0       0D    161
     128       0       0     167       0                               0D    162
     406    7010       0       0       0       0       0       0       0D    163
     406       0       0       1      15                               0D    164
     128    7011       0       0       0       0       0       0       0D    165
     128       0       0     167       0                               0D    166
     406    7178       0       0       0       0       0       0       0D    167
     406       0       0       1      15                               0D    168
     128    7179       0       0       0       0       0       0       0D    169
     128       0       0     167       0                               0D    170
     406    7346       0       0       0       0       0       0       0D    171
     406       0       0       1      15                               0D    172
     128    7347       0       0       0       0       0       0       0D    173
     128       0       0     167       0                               0D    174
     406    7514       0       0       0       0       0       0       0D    175
     406       0       0       1      15                               0D    176
128,6,6,3,3,0,0,1,0,0,0.0,0.0,0.0,0.0,1.0,1.0,1.0,2.0,2.0,2.0,         1P      1
2.0,0.0,0.0,0.0,0.0,1.0,1.0,1.0,2.0,2.0,2.0,2.0,1.0,1.0,1.0,1.0,       1P      2
1.0,1.0,1.0,1.0,1.0,1.0,1.0,1.0,1.0,1.0,1.0,1.0,1.0,1.0,1.0,1.0,       1P      3
1.0,1.0,1.0,1.0,1.0,1.0,1.0,1.0,1.0,1.0,1.0,1.0,1.0,1.0,1.0,1.0,       1P      4
1.0,1.0,1.0,1.0,1.0,1.0,1.0,1.0,1.0,1.0,1.0,1.0,1.0,0.0,0.0,           1P      5
-0.72398170506,0.0,0.0,-2.07419231112,5.654006912879,0.0,              1P      6
-2.025315909091,6.784808295455,0.0,-2.025315909091,                    1P      7
7.91560967803,0.0,-2.025315909091,25.028176515152,0.0,                 1P      8
-2.025315909091,28.676850159091,0.0,-2.025315909091,0.0,0.0,           1P      9
-0.72398170506,0.0,0.337552651515,-2.07419231112,5.654006912879,       1P     10
0.558901139787,-2.025315909091,6.784808295455,0.558901139787,          1P     11
-2.025315909091,7.91560967803,0.558901139787,-2.025315909091,          1P     12
25.028176515152,0.558901139787,-2.025315909091,28.676850159091,        1P     13
0.558901139787,-2.025315909091,0.0,0.0,-0.72398170506,0.0,             1P     14
0.67510530303,-1.905415985363,5.654006912879,1.065230117059,           1P     15
-1.798437501711,6.784808295455,1.065230117059,-1.798437501711,         1P     16
7.91560967803,1.065230117059,-1.798437501711,25.028176515152,          1P     17
1.065230117059,-1.798437501711,28.676850159091,1.065230117059,         1P     18
-1.798437501711,0.0,0.0,-0.72398170506,0.0,0.928269791667,             1P     19
-1.652251496726,5.654006912879,1.431833809385,-1.431833809385,         1P     20
6.784808295455,1.431833809385,-1.431833809385,7.91560967803,           1P     21
1.431833809385,-1.431833809385,25.028176515152,1.431833809385,         1P     22
-1.431833809385,28.676850159091,1.431833809385,-1.431833809385,        1P     23
0.0,0.0,-0.72398170506,0.0,1.181434280303,-1.39908700809,              1P     24
5.654006912879,1.798437501711,-1.065230117059,6.784808295455,          1P     25
1.798437501711,-1.065230117059,7.91560967803,1.798437501711,           1P     26
-1.065230117059,25.028176515152,1.798437501711,-1.065230117059,        1P     27
28.676850159091,1.798437501711,-1.065230117059,0.0,0.0,                1P     28
-0.72398170506,0.0,1.350210606061,-1.061534356575,                     1P     29
5.654006912879,2.025315909091,-0.558901139787,6.784808295455,          1P     30
2.025315909091,-0.558901139787,7.91560967803,2.025315909091,           1P     31
-0.558901139787,25.028176515152,2.025315909091,-0.558901139787,        1P     32
28.676850159091,2.025315909091,-0.558901139787,0.0,0.0,                1P     33
-0.72398170506,0.0,1.350210606061,-0.72398170506,5.654006912879,       1P     34
2.025315909091,0.0,6.784808295455,2.025315909091,0.0,                  1P     35
7.91560967803,2.025315909091,0.0,25.028176515152,2.025315909091,       1P     36
0.0,28.676850159091,2.025315909091,0.0,0.0,2.0,0.0,2.0,,1,3;           1P     37
406,1,36HSurf_BCDBCDCCQY, TransportFuse, 0, 0;                         3P     38
128,6,6,3,3,0,0,1,0,0,0.0,0.0,0.0,0.0,1.0,1.0,1.0,2.0,2.0,2.0,         5P     39
2.0,0.0,0.0,0.0,0.0,1.0,1.0,1.0,2.0,2.0,2.0,2.0,1.0,1.0,1.0,1.0,       5P     40
1.0,1.0,1.0,1.0,1.0,1.0,1.0,1.0,1.0,1.0,1.0,1.0,1.0,1.0,1.0,1.0,       5P     41
1.0,1.0,1.0,1.0,1.0,1.0,1.0,1.0,1.0,1.0,1.0,1.0,1.0,1.0,1.0,1.0,       5P     42
1.0,1.0,1.0,1.0,1.0,1.0,1.0,1.0,1.0,1.0,1.0,1.0,1.0,0.0,0.0,           5P     43
-0.72398170506,0.0,-1.350210606061,-0.72398170506,                     5P     44
5.654006912879,-2.025315909091,0.0,6.784808295455,                     5P     45
-2.025315909091,0.0,7.91560967803,-2.025315909091,0.0,                 5P     46
25.028176515152,-2.025315909091,0.0,28.676850159091,                   5P     47
-2.025315909091,0.0,0.0,0.0,-0.72398170506,0.0,-1.350210606061,        5P     48
-1.061534356575,5.654006912879,-2.025315909091,-0.558901139787,        5P     49
6.784808295455,-2.025315909091,-0.558901139787,7.91560967803,          5P     50
-2.025315909091,-0.558901139787,25.028176515152,-2.025315909091,       5P     51
-0.558901139787,28.676850159091,-2.025315909091,-0.558901139787,       5P     52
0.0,0.0,-0.72398170506,0.0,-1.181434280303,-1.39908700809,             5P     53
5.654006912879,-1.798437501711,-1.065230117059,6.784808295455,         5P     54
-1.798437501711,-1.065230117059,7.91560967803,-1.798437501711,         5P     55
-1.065230117059,25.028176515152,-1.798437501711,-1.065230117059,       5P     56
28.676850159091,-1.798437501711,-1.065230117059,0.0,0.0,               5P     57
-0.72398170506,0.0,-0.928269791667,-1.652251496726,                    5P     58
5.654006912879,-1.431833809385,-1.431833809385,6.784808295455,         5P     59
-1.431833809385,-1.431833809385,7.91560967803,-1.431833809385,         5P     60
-1.431833809385,25.028176515152,-1.431833809385,-1.431833809385,       5P     61
28.676850159091,-1.431833809385,-1.431833809385,0.0,0.0,               5P     62
-0.72398170506,0.0,-0.67510530303,-1.905415985363,                     5P     63
5.654006912879,-1.065230117059,-1.798437501711,6.784808295455,         5P     64
-1.065230117059,-1.798437501711,7.91560967803,-1.065230117059,         5P     65
-1.798437501711,25.028176515152,-1.065230117059,-1.798437501711,       5P     66
28.676850159091,-1.065230117059,-1.798437501711,0.0,0.0,               5P     67
-0.72398170506,0.0,-0.337552651515,-2.07419231112,                     5P     68
5.654006912879,-0.558901139787,-2.025315909091,6.784808295455,         5P     69
-0.558901139787,-2.025315909091,7.91560967803,-0.558901139787,         5P     70
-2.025315909091,25.028176515152,-0.558901139787,-2.025315909091,       5P     71
28.676850159091,-0.558901139787,-2.025315909091,0.0,0.0,               5P     72
-0.72398170506,0.0,0.0,-2.07419231112,5.654006912879,0.0,              5P     73
-2.025315909091,6.784808295455,0.0,-2.025315909091,                    5P     74
7.91560967803,0.0,-2.025315909091,25.028176515152,0.0,                 5P     75
-2.025315909091,28.676850159091,0.0,-2.025315909091,0.0,2.0,0.0,       5P     76
2.0,,1,7;                                                              5P     77
406,1,36HSurf_BCDBCDCCQY, TransportFuse, 0, 1;                         7P     78
128,6,6,3,3,0,0,1,0,0,0.0,0.0,0.0,0.0,1.0,1.0,1.0,2.0,2.0,2.0,         9P     79
2.0,0.0,0.0,0.0,0.0,1.0,1.0,1.0,2.0,2.0,2.0,2.0,1.0,1.0,1.0,1.0,       9P     80
1.0,1.0,1.0,1.0,1.0,1.0,1.0,1.0,1.0,1.0,1.0,1.0,1.0,1.0,1.0,1.0,       9P     81
1.0,1.0,1.0,1.0,1.0,1.0,1.0,1.0,1.0,1.0,1.0,1.0,1.0,1.0,1.0,1.0,       9P     82
1.0,1.0,1.0,1.0,1.0,1.0,1.0,1.0,1.0,1.0,1.0,1.0,1.0,0.0,0.0,           9P     83
-0.72398170506,0.0,0.0,0.626228901001,5.654006912879,0.0,              9P     84
2.025315909091,6.784808295455,0.0,2.025315909091,7.91560967803,        9P     85
0.0,2.025315909091,25.028176515152,0.0,2.025315909091,                 9P     86
28.676850159091,0.0,2.025315909091,0.0,0.0,-0.72398170506,0.0,         9P     87
-0.337552651515,0.626228901001,5.654006912879,-0.558901139787,         9P     88
2.025315909091,6.784808295455,-0.558901139787,2.025315909091,          9P     89
7.91560967803,-0.558901139787,2.025315909091,25.028176515152,          9P     90
-0.558901139787,2.025315909091,28.676850159091,-0.558901139787,        9P     91
2.025315909091,0.0,0.0,-0.72398170506,0.0,-0.67510530303,              9P     92
0.457452575243,5.654006912879,-1.065230117059,1.798437501711,          9P     93
6.784808295455,-1.065230117059,1.798437501711,7.91560967803,           9P     94
-1.065230117059,1.798437501711,25.028176515152,-1.065230117059,        9P     95
1.798437501711,28.676850159091,-1.065230117059,1.798437501711,         9P     96
0.0,0.0,-0.72398170506,0.0,-0.928269791667,0.204288086607,             9P     97
5.654006912879,-1.431833809385,1.431833809385,6.784808295455,          9P     98
-1.431833809385,1.431833809385,7.91560967803,-1.431833809385,          9P     99
1.431833809385,25.028176515152,-1.431833809385,1.431833809385,         9P    100
28.676850159091,-1.431833809385,1.431833809385,0.0,0.0,                9P    101
-0.72398170506,0.0,-1.181434280303,-0.048876402029,                    9P    102
5.654006912879,-1.798437501711,1.065230117059,6.784808295455,          9P    103
-1.798437501711,1.065230117059,7.91560967803,-1.798437501711,          9P    104
1.065230117059,25.028176515152,-1.798437501711,1.065230117059,         9P    105
28.676850159091,-1.798437501711,1.065230117059,0.0,0.0,                9P    106
-0.72398170506,0.0,-1.350210606061,-0.386429053544,                    9P    107
5.654006912879,-2.025315909091,0.558901139787,6.784808295455,          9P    108
-2.025315909091,0.558901139787,7.91560967803,-2.025315909091,          9P    109
0.558901139787,25.028176515152,-2.025315909091,0.558901139787,         9P    110
28.676850159091,-2.025315909091,0.558901139787,0.0,0.0,                9P    111
-0.72398170506,0.0,-1.350210606061,-0.72398170506,                     9P    112
5.654006912879,-2.025315909091,0.0,6.784808295455,                     9P    113
-2.025315909091,0.0,7.91560967803,-2.025315909091,0.0,                 9P    114
25.028176515152,-2.025315909091,0.0,28.676850159091,                   9P    115
-2.025315909091,0.0,0.0,2.0,0.0,2.0,,1,11;                             9P    116
406,1,36HSurf_BCDBCDCCQY, TransportFuse, 0, 2;                        11P    117
128,6,6,3,3,0,0,1,0,0,0.0,0.0,0.0,0.0,1.0,1.0,1.0,2.0,2.0,2.0,        13P    118
2.0,0.0,0.0,0.0,0.0,1.0,1.0,1.0,2.0,2.0,2.0,2.0,1.0,1.0,1.0,1.0,      13P    119
1.0,1.0,1.0,1.0,1.0,1.0,1.0,1.0,1.0,1.0,1.0,1.0,1.0,1.0,1.0,1.0,      13P    120
1.0,1.0,1.0,1.0,1.0,1.0,1.0,1.0,1.0,1.0,1.0,1.0,1.0,1.0,1.0,1.0,      13P    121
1.0,1.0,1.0,1.0,1.0,1.0,1.0,1.0,1.0,1.0,1.0,1.0,1.0,0.0,0.0,          13P    122
-0.72398170506,0.0,1.350210606061,-0.72398170506,5.654006912879,      13P    123
2.025315909091,0.0,6.784808295455,2.025315909091,0.0,                 13P    124
7.91560967803,2.025315909091,0.0,25.028176515152,2.025315909091,      13P    125
0.0,28.676850159091,2.025315909091,0.0,0.0,0.0,-0.72398170506,        13P    126
0.0,1.350210606061,-0.386429053544,5.654006912879,                    13P    127
2.025315909091,0.558901139787,6.784808295455,2.025315909091,          13P    128
0.558901139787,7.91560967803,2.025315909091,0.558901139787,           13P    129
25.028176515152,2.025315909091,0.558901139787,28.676850159091,        13P    130
2.025315909091,0.558901139787,0.0,0.0,-0.72398170506,0.0,             13P    131
1.181434280303,-0.048876402029,5.654006912879,1.798437501711,         13P    132
1.065230117059,6.784808295455,1.798437501711,1.065230117059,          13P    133
7.91560967803,1.798437501711,1.065230117059,25.028176515152,          13P    134
1.798437501711,1.065230117059,28.676850159091,1.798437501711,         13P    135
1.065230117059,0.0,0.0,-0.72398170506,0.0,0.928269791667,             13P    136
0.204288086607,5.654006912879,1.431833809385,1.431833809385,          13P    137
6.784808295455,1.431833809385,1.431833809385,7.91560967803,           13P    138
1.431833809385,1.431833809385,25.028176515152,1.431833809385,         13P    139
1.431833809385,28.676850159091,1.431833809385,1.431833809385,         13P    140
0.0,0.0,-0.72398170506,0.0,0.67510530303,0.457452575243,              13P    141
5.654006912879,1.065230117059,1.798437501711,6.784808295455,          13P    142
1.065230117059,1.798437501711,7.91560967803,1.065230117059,           13P    143
1.798437501711,25.028176515152,1.065230117059,1.798437501711,         13P    144
28.676850159091,1.065230117059,1.798437501711,0.0,0.0,                13P    145
-0.72398170506,0.0,0.337552651515,0.626228901001,5.654006912879,      13P    146
0.558901139787,2.025315909091,6.784808295455,0.558901139787,          13P    147
2.025315909091,7.91560967803,0.558901139787,2.025315909091,           13P    148
25.028176515152,0.558901139787,2.025315909091,28.676850159091,        13P    149
0.558901139787,2.025315909091,0.0,0.0,-0.72398170506,0.0,0.0,         13P    150
0.626228901001,5.654006912879,0.0,2.025315909091,6.784808295455,      13P    151
0.0,2.025315909091,7.91560967803,0.0,2.025315909091,                  13P    152
25.028176515152,0.0,2.025315909091,28.676850159091,0.0,               13P    153
2.025315909091,0.0,2.0,0.0,2.0,,1,15;                                 13P    154
406,1,36HSurf_BCDBCDCCQY, TransportFuse, 0, 3;                        15P    155
128,6,6,3,3,0,0,1,0,0,0.0,0.0,0.0,0.0,1.0,1.0,1.0,2.0,2.0,2.0,        17P    156
2.0,0.0,0.0,0.0,0.0,1.0,1.0,1.0,2.0,2.0,2.0,2.0,1.0,1.0,1.0,1.0,      17P    157
1.0,1.0,1.0,1.0,1.0,1.0,1.0,1.0,1.0,1.0,1.0,1.0,1.0,1.0,1.0,1.0,      17P    158
1.0,1.0,1.0,1.0,1.0,1.0,1.0,1.0,1.0,1.0,1.0,1.0,1.0,1.0,1.0,1.0,      17P    159
1.0,1.0,1.0,1.0,1.0,1.0,1.0,1.0,1.0,1.0,1.0,1.0,1.0,                  17P    160
28.676850159091,0.0,-2.025315909091,32.32552380303,0.0,               17P    161
-2.025315909091,40.418546792323,0.0,0.501598400959,                   17P    162
40.446568501591,0.0,0.529620110227,40.474590210859,0.0,               17P    163
0.557641819495,40.565454545455,0.0,0.993741503955,                    17P    164
40.565454545455,0.0,1.215189545455,28.676850159091,                   17P    165
0.558901139787,-2.025315909091,32.32552380303,0.558901139787,         17P    166
-2.025315909091,40.418546792323,0.0959052097,0.501598400959,          17P    167
40.446568501591,0.088585830656,0.529620110227,40.474590210859,        17P    168
0.081266451612,0.557641819495,40.565454545455,0.055362010375,         17P    169
0.993741503955,40.565454545455,0.0,1.215189545455,                    17P    170
28.676850159091,1.065230117059,-1.798437501711,32.32552380303,        17P    171
1.065230117059,-1.798437501711,40.418546792323,0.183477731642,        17P    172
0.581428527925,40.446568501591,0.168838973554,0.606418451125,         17P    173
40.474590210859,0.154200215466,0.631408374325,40.565454545455,        17P    174
0.11072402075,1.021422509142,40.565454545455,0.0,1.215189545455,      17P    175
28.676850159091,1.431833809385,-1.431833809385,32.32552380303,        17P    176
1.431833809385,-1.431833809385,40.418546792323,0.246759999432,        17P    177
0.710699460334,40.446568501591,0.226945658788,0.730513800978,         17P    178
40.474590210859,0.207131318144,0.750328141622,40.565454545455,        17P    179
0.152245528531,1.062944016923,40.565454545455,0.0,                    17P    180
1.215189545455,28.676850159091,1.798437501711,-1.065230117059,        17P    181
32.32552380303,1.798437501711,-1.065230117059,40.418546792323,        17P    182
0.310042267221,0.839970392742,40.446568501591,0.285052344021,         17P    183
0.85460915083,40.474590210859,0.260062420821,0.869247908918,          17P    184
40.565454545455,0.193767036313,1.104465524705,40.565454545455,        17P    185
0.0,1.215189545455,28.676850159091,2.025315909091,                    17P    186
-0.558901139787,32.32552380303,2.025315909091,-0.558901139787,        17P    187
40.418546792323,0.349034280859,1.018682130593,40.446568501591,        17P    188
0.321012571591,1.026001509637,40.474590210859,0.292990862323,         17P    189
1.033320888681,40.565454545455,0.2214480415,1.15982753508,            17P    190
40.565454545455,0.0,1.215189545455,28.676850159091,                   17P    191
2.025315909091,0.0,32.32552380303,2.025315909091,0.0,                 17P    192
40.418546792323,0.349034280859,1.215189545455,40.446568501591,        17P    193
0.321012571591,1.215189545455,40.474590210859,0.292990862323,         17P    194
1.215189545455,40.565454545455,0.2214480415,1.215189545455,           17P    195
40.565454545455,0.0,1.215189545455,0.0,2.0,0.0,2.0,,1,19;             17P    196
406,1,36HSurf_BCDBCDCCQY, TransportFuse, 0, 4;                        19P    197
128,6,6,3,3,0,0,1,0,0,0.0,0.0,0.0,0.0,1.0,1.0,1.0,2.0,2.0,2.0,        21P    198
2.0,0.0,0.0,0.0,0.0,1.0,1.0,1.0,2.0,2.0,2.0,2.0,1.0,1.0,1.0,1.0,      21P    199
1.0,1.0,1.0,1.0,1.0,1.0,1.0,1.0,1.0,1.0,1.0,1.0,1.0,1.0,1.0,1.0,      21P    200
1.0,1.0,1.0,1.0,1.0,1.0,1.0,1.0,1.0,1.0,1.0,1.0,1.0,1.0,1.0,1.0,      21P    201
1.0,1.0,1.0,1.0,1.0,1.0,1.0,1.0,1.0,1.0,1.0,1.0,1.0,                  21P    202
28.676850159091,-2.025315909091,0.0,32.32552380303,                   21P    203
-2.025315909091,0.0,40.418546792323,-0.349034280859,                  21P    204
1.215189545455,40.446568501591,-0.321012571591,1.215189545455,        21P    205
40.474590210859,-0.292990862323,1.215189545455,40.565454545455,       21P    206
-0.2214480415,1.215189545455,40.565454545455,0.0,1.215189545455,      21P    207
28.676850159091,-2.025315909091,-0.558901139787,32.32552380303,       21P    208
-2.025315909091,-0.558901139787,40.418546792323,-0.349034280859,      21P    209
1.018682130593,40.446568501591,-0.321012571591,1.026001509637,        21P    210
40.474590210859,-0.292990862323,1.033320888681,40.565454545455,       21P    211
-0.2214480415,1.15982753508,40.565454545455,0.0,1.215189545455,       21P    212
28.676850159091,-1.798437501711,-1.065230117059,32.32552380303,       21P    213
-1.798437501711,-1.065230117059,40.418546792323,-0.310042267221,      21P    214
0.839970392742,40.446568501591,-0.285052344021,0.85460915083,         21P    215
40.474590210859,-0.260062420821,0.869247908918,40.565454545455,       21P    216
-0.193767036313,1.104465524705,40.565454545455,0.0,                   21P    217
1.215189545455,28.676850159091,-1.431833809385,-1.431833809385,       21P    218
32.32552380303,-1.431833809385,-1.431833809385,40.418546792323,       21P    219
-0.246759999432,0.710699460334,40.446568501591,-0.226945658788,       21P    220
0.730513800978,40.474590210859,-0.207131318144,0.750328141622,        21P    221
40.565454545455,-0.152245528531,1.062944016923,40.565454545455,       21P    222
0.0,1.215189545455,28.676850159091,-1.065230117059,                   21P    223
-1.798437501711,32.32552380303,-1.065230117059,-1.798437501711,       21P    224
40.418546792323,-0.183477731642,0.581428527925,40.446568501591,       21P    225
-0.168838973554,0.606418451125,40.474590210859,-0.154200215466,       21P    226
0.631408374325,40.565454545455,-0.11072402075,1.021422509142,         21P    227
40.565454545455,0.0,1.215189545455,28.676850159091,                   21P    228
-0.558901139787,-2.025315909091,32.32552380303,-0.558901139787,       21P    229
-2.025315909091,40.418546792323,-0.0959052097,0.501598400959,         21P    230
40.446568501591,-0.088585830656,0.529620110227,40.474590210859,       21P    231
-0.081266451612,0.557641819495,40.565454545455,-0.055362010375,       21P    232
0.993741503955,40.565454545455,0.0,1.215189545455,                    21P    233
28.676850159091,0.0,-2.025315909091,32.32552380303,0.0,               21P    234
-2.025315909091,40.418546792323,0.0,0.501598400959,                   21P    235
40.446568501591,0.0,0.529620110227,40.474590210859,0.0,               21P    236
0.557641819495,40.565454545455,0.0,0.993741503955,                    21P    237
40.565454545455,0.0,1.215189545455,0.0,2.0,0.0,2.0,,1,23;             21P    238
406,1,36HSurf_BCDBCDCCQY, TransportFuse, 0, 5;                        23P    239
128,6,6,3,3,0,0,1,0,0,0.0,0.0,0.0,0.0,1.0,1.0,1.0,2.0,2.0,2.0,        25P    240
2.0,0.0,0.0,0.0,0.0,1.0,1.0,1.0,2.0,2.0,2.0,2.0,1.0,1.0,1.0,1.0,      25P    241
1.0,1.0,1.0,1.0,1.0,1.0,1.0,1.0,1.0,1.0,1.0,1.0,1.0,1.0,1.0,1.0,      25P    242
1.0,1.0,1.0,1.0,1.0,1.0,1.0,1.0,1.0,1.0,1.0,1.0,1.0,1.0,1.0,1.0,      25P    243
1.0,1.0,1.0,1.0,1.0,1.0,1.0,1.0,1.0,1.0,1.0,1.0,1.0,                  25P    244
28.676850159091,0.0,2.025315909091,32.32552380303,0.0,                25P    245
2.025315909091,40.418546792323,0.0,1.92878068995,                     25P    246
40.446568501591,0.0,1.900758980682,40.474590210859,0.0,               25P    247
1.872737271414,40.565454545455,0.0,1.436637586955,                    25P    248
40.565454545455,0.0,1.215189545455,28.676850159091,                   25P    249
-0.558901139787,2.025315909091,32.32552380303,-0.558901139787,        25P    250
2.025315909091,40.418546792323,-0.0959052097,1.92878068995,           25P    251
40.446568501591,-0.088585830656,1.900758980682,40.474590210859,       25P    252
-0.081266451612,1.872737271414,40.565454545455,-0.055362010375,       25P    253
1.436637586955,40.565454545455,0.0,1.215189545455,                    25P    254
28.676850159091,-1.065230117059,1.798437501711,32.32552380303,        25P    255
-1.065230117059,1.798437501711,40.418546792323,-0.183477731642,       25P    256
1.848950562984,40.446568501591,-0.168838973554,1.823960639784,        25P    257
40.474590210859,-0.154200215466,1.798970716584,40.565454545455,       25P    258
-0.11072402075,1.408956581767,40.565454545455,0.0,                    25P    259
1.215189545455,28.676850159091,-1.431833809385,1.431833809385,        25P    260
32.32552380303,-1.431833809385,1.431833809385,40.418546792323,        25P    261
-0.246759999432,1.719679630575,40.446568501591,-0.226945658788,       25P    262
1.699865289931,40.474590210859,-0.207131318144,1.680050949288,        25P    263
40.565454545455,-0.152245528531,1.367435073986,40.565454545455,       25P    264
0.0,1.215189545455,28.676850159091,-1.798437501711,                   25P    265
1.065230117059,32.32552380303,-1.798437501711,1.065230117059,         25P    266
40.418546792323,-0.310042267221,1.590408698167,40.446568501591,       25P    267
-0.285052344021,1.575769940079,40.474590210859,-0.260062420821,       25P    268
1.561131181991,40.565454545455,-0.193767036313,1.325913566205,        25P    269
40.565454545455,0.0,1.215189545455,28.676850159091,                   25P    270
-2.025315909091,0.558901139787,32.32552380303,-2.025315909091,        25P    271
0.558901139787,40.418546792323,-0.349034280859,1.411696960316,        25P    272
40.446568501591,-0.321012571591,1.404377581272,40.474590210859,       25P    273
-0.292990862323,1.397058202228,40.565454545455,-0.2214480415,         25P    274
1.27055155583,40.565454545455,0.0,1.215189545455,                     25P    275
28.676850159091,-2.025315909091,0.0,32.32552380303,                   25P    276
-2.025315909091,0.0,40.418546792323,-0.349034280859,                  25P    277
1.215189545455,40.446568501591,-0.321012571591,1.215189545455,        25P    278
40.474590210859,-0.292990862323,1.215189545455,40.565454545455,       25P    279
-0.2214480415,1.215189545455,40.565454545455,0.0,1.215189545455,      25P    280
0.0,2.0,0.0,2.0,,1,27;                                                25P    281
406,1,36HSurf_BCDBCDCCQY, TransportFuse, 0, 6;                        27P    282
128,6,6,3,3,0,0,1,0,0,0.0,0.0,0.0,0.0,1.0,1.0,1.0,2.0,2.0,2.0,        29P    283
2.0,0.0,0.0,0.0,0.0,1.0,1.0,1.0,2.0,2.0,2.0,2.0,1.0,1.0,1.0,1.0,      29P    284
1.0,1.0,1.0,1.0,1.0,1.0,1.0,1.0,1.0,1.0,1.0,1.0,1.0,1.0,1.0,1.0,      29P    285
1.0,1.0,1.0,1.0,1.0,1.0,1.0,1.0,1.0,1.0,1.0,1.0,1.0,1.0,1.0,1.0,      29P    286
1.0,1.0,1.0,1.0,1.0,1.0,1.0,1.0,1.0,1.0,1.0,1.0,1.0,                  29P    287
28.676850159091,2.025315909091,0.0,32.32552380303,                    29P    288
2.025315909091,0.0,40.418546792323,0.349034280859,                    29P    289
1.215189545455,40.446568501591,0.321012571591,1.215189545455,         29P    290
40.474590210859,0.292990862323,1.215189545455,40.565454545455,        29P    291
0.2214480415,1.215189545455,40.565454545455,0.0,1.215189545455,       29P    292
28.676850159091,2.025315909091,0.558901139787,32.32552380303,         29P    293
2.025315909091,0.558901139787,40.418546792323,0.349034280859,         29P    294
1.411696960316,40.446568501591,0.321012571591,1.404377581272,         29P    295
40.474590210859,0.292990862323,1.397058202228,40.565454545455,        29P    296
0.2214480415,1.27055155583,40.565454545455,0.0,1.215189545455,        29P    297
28.676850159091,1.798437501711,1.065230117059,32.32552380303,         29P    298
1.798437501711,1.065230117059,40.418546792323,0.310042267221,         29P    299
1.590408698167,40.446568501591,0.285052344021,1.575769940079,         29P    300
40.474590210859,0.260062420821,1.561131181991,40.565454545455,        29P    301
0.193767036313,1.325913566205,40.565454545455,0.0,                    29P    302
1.215189545455,28.676850159091,1.431833809385,1.431833809385,         29P    303
32.32552380303,1.431833809385,1.431833809385,40.418546792323,         29P    304
0.246759999432,1.719679630575,40.446568501591,0.226945658788,         29P    305
1.699865289931,40.474590210859,0.207131318144,1.680050949288,         29P    306
40.565454545455,0.152245528531,1.367435073986,40.565454545455,        29P    307
0.0,1.215189545455,28.676850159091,1.065230117059,                    29P    308
1.798437501711,32.32552380303,1.065230117059,1.798437501711,          29P    309
40.418546792323,0.183477731642,1.848950562984,40.446568501591,        29P    310
0.168838973554,1.823960639784,40.474590210859,0.154200215466,         29P    311
1.798970716584,40.565454545455,0.11072402075,1.408956581767,          29P    312
40.565454545455,0.0,1.215189545455,28.676850159091,                   29P    313
0.558901139787,2.025315909091,32.32552380303,0.558901139787,          29P    314
2.025315909091,40.418546792323,0.0959052097,1.92878068995,            29P    315
40.446568501591,0.088585830656,1.900758980682,40.474590210859,        29P    316
0.081266451612,1.872737271414,40.565454545455,0.055362010375,         29P    317
1.436637586955,40.565454545455,0.0,1.215189545455,                    29P    318
28.676850159091,0.0,2.025315909091,32.32552380303,0.0,                29P    319
2.025315909091,40.418546792323,0.0,1.92878068995,                     29P    320
40.446568501591,0.0,1.900758980682,40.474590210859,0.0,               29P    321
1.872737271414,40.565454545455,0.0,1.436637586955,                    29P    322
40.565454545455,0.0,1.215189545455,0.0,2.0,0.0,2.0,,1,31;             29P    323
406,1,36HSurf_BCDBCDCCQY, TransportFuse, 0, 7;                        31P    324
128,1,123,1,3,0,0,1,0,0,0.0,0.0,1.0,1.0,0.0,0.0,0.0,0.0,1.0,1.0,      33P    325
1.0,2.0,2.0,2.0,3.0,3.0,3.0,4.0,4.0,4.0,5.0,5.0,5.0,6.0,6.0,6.0,      33P    326
7.0,7.0,7.0,8.0,8.0,8.0,9.0,9.0,9.0,10.0,10.0,10.0,11.0,11.0,         33P    327
11.0,12.0,12.0,12.0,13.0,13.0,13.0,14.0,14.0,14.0,15.0,15.0,          33P    328
15.0,16.0,16.0,16.0,17.0,17.0,17.0,18.0,18.0,18.0,19.0,19.0,          33P    329
19.0,20.0,20.0,20.0,21.0,21.0,21.0,22.0,22.0,22.0,23.0,23.0,          33P    330
23.0,24.0,24.0,24.0,25.0,25.0,25.0,26.0,26.0,26.0,27.0,27.0,          33P    331
27.0,28.0,28.0,28.0,29.0,29.0,29.0,30.0,30.0,30.0,31.0,31.0,          33P    332
31.0,32.0,32.0,32.0,33.0,33.0,33.0,34.0,34.0,34.0,35.0,35.0,          33P    333
35.0,36.0,36.0,36.0,37.0,37.0,37.0,38.0,38.0,38.0,39.0,39.0,          33P    334
39.0,40.0,40.0,40.0,41.0,41.0,41.0,41.0,1.0,1.0,1.0,1.0,1.0,1.0,      33P    335
1.0,1.0,1.0,1.0,1.0,1.0,1.0,1.0,1.0,1.0,1.0,1.0,1.0,1.0,1.0,1.0,      33P    336
1.0,1.0,1.0,1.0,1.0,1.0,1.0,1.0,1.0,1.0,1.0,1.0,1.0,1.0,1.0,1.0,      33P    337
1.0,1.0,1.0,1.0,1.0,1.0,1.0,1.0,1.0,1.0,1.0,1.0,1.0,1.0,1.0,1.0,      33P    338
1.0,1.0,1.0,1.0,1.0,1.0,1.0,1.0,1.0,1.0,1.0,1.0,1.0,1.0,1.0,1.0,      33P    339
1.0,1.0,1.0,1.0,1.0,1.0,1.0,1.0,1.0,1.0,1.0,1.0,1.0,1.0,1.0,1.0,      33P    340
1.0,1.0,1.0,1.0,1.0,1.0,1.0,1.0,1.0,1.0,1.0,1.0,1.0,1.0,1.0,1.0,      33P    341
1.0,1.0,1.0,1.0,1.0,1.0,1.0,1.0,1.0,1.0,1.0,1.0,1.0,1.0,1.0,1.0,      33P    342
1.0,1.0,1.0,1.0,1.0,1.0,1.0,1.0,1.0,1.0,1.0,1.0,1.0,1.0,1.0,1.0,      33P    343
1.0,1.0,1.0,1.0,1.0,1.0,1.0,1.0,1.0,1.0,1.0,1.0,1.0,1.0,1.0,1.0,      33P    344
1.0,1.0,1.0,1.0,1.0,1.0,1.0,1.0,1.0,1.0,1.0,1.0,1.0,1.0,1.0,1.0,      33P    345
1.0,1.0,1.0,1.0,1.0,1.0,1.0,1.0,1.0,1.0,1.0,1.0,1.0,1.0,1.0,1.0,      33P    346
1.0,1.0,1.0,1.0,1.0,1.0,1.0,1.0,1.0,1.0,1.0,1.0,1.0,1.0,1.0,1.0,      33P    347
1.0,1.0,1.0,1.0,1.0,1.0,1.0,1.0,1.0,1.0,1.0,1.0,1.0,1.0,1.0,1.0,      33P    348
1.0,1.0,1.0,1.0,1.0,1.0,1.0,1.0,1.0,1.0,1.0,1.0,1.0,1.0,1.0,1.0,      33P    349
1.0,1.0,1.0,1.0,1.0,1.0,1.0,1.0,1.0,1.0,1.0,1.0,1.0,1.0,1.0,1.0,      33P    350
1.0,1.0,23.007141411513,0.0,-1.147540983607,23.007141411513,0.0,      33P    351
-1.147540983607,22.663725502283,0.0,-1.124301865658,                  33P    352
22.662971530811,0.0,-1.172546433502,22.319713737464,0.0,              33P    353
-1.103518512836,22.318757835377,0.0,-1.196945719996,                  33P    354
21.975236813809,0.0,-1.085195415004,21.974525800278,0.0,              33P    355
-1.221080471091,21.630759890153,0.0,-1.066872317171,                  33P    356
21.63029376518,0.0,-1.245215222185,21.285817136805,0.0,               33P    357
-1.051009849979,21.28604339618,0.0,-1.269089342911,                   33P    358
20.940472340164,0.0,-1.037616942066,20.941766042267,0.0,              33P    359
-1.292568884039,20.767799941843,0.0,-1.03092048811,                   33P    360
20.769627365311,0.0,-1.304308654604,20.595026260797,0.0,              33P    361
-1.024840907181,20.597481405314,0.0,-1.315942224871,                  33P    362
20.422155700789,0.0,-1.019383169603,20.425323412438,0.0,              33P    363
-1.327395103704,20.249285140781,0.0,-1.013925432024,                  33P    364
20.253165419563,0.0,-1.338847982537,20.076316828637,0.0,              33P    365
-1.009085064029,20.080995767878,0.0,-1.350126709169,                  33P    366
19.903253698501,0.0,-1.004864827817,19.908807744562,0.0,              33P    367
-1.361119419025,19.730190568365,0.0,-1.000644591605,                  33P    368
19.736619721247,0.0,-1.37211212888,19.557032998524,0.0,               33P    369
-0.99705638991,19.56441330494,0.0,-1.382829010785,                    33P    370
19.383782535634,0.0,-0.994078146573,19.39218028926,0.0,               33P    371
-1.393092714535,19.210532072743,0.0,-0.991099903235,                  33P    372
19.219947273579,0.0,-1.403356418285,19.03718995595,0.0,               33P    373
-0.988747741365,19.047687658524,0.0,-1.413166943882,                  33P    374
18.863760220261,0.0,-0.98702441096,18.875393237711,0.0,               33P    375
-1.422346941121,18.777045352416,0.0,-0.986162745757,                  33P    376
18.789246027305,0.0,-1.426936939741,18.690308936442,0.0,              33P    377
-0.985458395208,18.703089753075,0.0,-1.431357298719,                  33P    378
18.603551813031,0.0,-0.984907306106,18.616923794057,0.0,              33P    379
-1.435578782124,18.560173251326,0.0,-0.984631761555,                  33P    380
18.573840814547,0.0,-1.437689523826,18.516790012171,0.0,              33P    381
-0.984399499285,18.530755413841,0.0,-1.439750546635,                  33P    382
18.473401434227,0.0,-0.984201775996,18.487667514316,0.0,              33P    383
-1.441758196059,18.430012856283,0.0,-0.984004052706,                  33P    384
18.444579614791,0.0,-1.443765845483,18.386619163185,0.0,              33P    385
-0.98384357431,18.401489216448,0.0,-1.445720121522,                   33P    386
18.343221095035,0.0,-0.983728038227,18.358396241667,0.0,              33P    387
-1.447617369685,18.299823026885,0.0,-0.983612502144,                  33P    388
18.315303266886,0.0,-1.449514617848,18.256420783416,0.0,              33P    389
-0.983538123491,18.272207940216,0.0,-1.451352705246,                  33P    390
18.213013396669,0.0,-0.983486235236,18.229109287446,0.0,              33P    391
-1.453113665883,18.169606009922,0.0,-0.98343434698,                   33P    392
18.186010634676,0.0,-1.454874626521,18.126193884104,0.0,              33P    393
-0.983420804119,18.142909045408,0.0,-1.456567334441,                  33P    394
18.082778367647,0.0,-0.983501381685,18.099806403837,0.0,              33P    395
-1.45823055806,18.03936285119,0.0,-0.98358195925,                     33P    396
18.056703762266,0.0,-1.459893781679,17.995943150835,0.0,              33P    397
-0.983747201198,18.013600184449,0.0,-1.461531915401,                  33P    398
17.952519902432,0.0,-0.983985178946,17.970495380179,0.0,              33P    399
-1.463136217446,17.909096654029,0.0,-0.984223156694,                  33P    400
17.927390575908,0.0,-1.464740519492,17.865670615372,0.0,              33P    401
-0.984543570901,17.884284545185,0.0,-1.466310989861,                  33P    402
17.822242802793,0.0,-0.984954427887,17.8411769978,0.0,                33P    403
-1.467838886776,17.778814990214,0.0,-0.985365284872,                  33P    404
17.798069450415,0.0,-1.469366783691,17.735383318784,0.0,              33P    405
-0.985859425614,17.754960788015,0.0,-1.470865093233,                  33P    406
17.691950653707,0.0,-0.986440925671,17.71185065781,0.0,               33P    407
-1.472319524102,17.648517988629,0.0,-0.987022425727,                  33P    408
17.668740527605,0.0,-1.473773954971,17.605085531346,0.0,              33P    409
-0.987695666281,17.625628929596,0.0,-1.475184507168,                  33P    410
17.561651231184,0.0,-0.988446816141,17.582515510992,0.0,              33P    411
-1.476536889393,17.518216931021,0.0,-0.989197966002,                  33P    412
17.539402092389,0.0,-1.477889271618,17.474781123225,0.0,              33P    413
-0.990036411485,17.496287175109,0.0,-1.479201126342,                  33P    414
17.431347300627,0.0,-0.990961380618,17.453170429251,0.0,              33P    415
-1.480444893379,17.38791347803,0.0,-0.991886349751,                   33P    416
17.410053683393,0.0,-1.481688660416,17.34448123763,0.0,               33P    417
-0.992893345934,17.366935025438,0.0,-1.482857712476,                  33P    418
17.301049362173,0.0,-0.993986426157,17.323814571912,0.0,              33P    419
-1.483969357672,17.214185611258,0.0,-0.996172586603,                  33P    420
17.23757366486,0.0,-1.486192648063,17.127331716077,0.0,               33P    421
-0.998698918515,17.15132529032,0.0,-1.488118031867,                   33P    422
17.040498104809,0.0,-1.001565551972,17.065069834249,0.0,              33P    423
-1.489677938654,16.997081299176,0.0,-1.002998868701,                  33P    424
17.021942106214,0.0,-1.490457892048,16.95367023049,0.0,               33P    425
-1.004509527266,16.978812903433,0.0,-1.491127378532,                  33P    426
16.910266745119,0.0,-1.006112996611,16.935681863188,0.0,              33P    427
-1.491704419001,16.866863259748,0.0,-1.007716465956,                  33P    428
16.892550822944,0.0,-1.49228145947,16.823467621818,0.0,               33P    429
-1.00940398386,16.849418473485,0.0,-1.492748529482,                   33P    430
16.780082077459,0.0,-1.011170794621,16.806285251618,0.0,              33P    431
-1.493083200642,16.606539900024,0.0,-1.018238037663,                  33P    432
16.633752364154,0.0,-1.494421885279,16.433144066189,0.0,              33P    433
-1.026662234835,16.461194184277,0.0,-1.493867607401,                  33P    434
16.260164145363,0.0,-1.036386147866,16.288697272185,0.0,              33P    435
-1.489968464769,16.17367418495,0.0,-1.041248104381,                   33P    436
16.202448816138,0.0,-1.488018893454,16.087301220849,0.0,              33P    437
-1.046437745305,16.116221629312,0.0,-1.485185347669,                  33P    438
16.001099885735,0.0,-1.051945302944,16.030041689834,0.0,              33P    439
-1.481224224333,15.957999218177,0.0,-1.054699081763,                  33P    440
15.986951720095,0.0,-1.479243662666,15.914948710129,0.0,              33P    441
-1.057532504545,15.943877343357,0.0,-1.47695439193,                   33P    442
15.871953308429,0.0,-1.060444219769,15.900821327169,0.0,              33P    443
-1.474335583469,15.850455607579,0.0,-1.061900077381,                  33P    444
15.879293319075,0.0,-1.473026179239,15.828975618608,0.0,              33P    445
-1.063375435493,15.857772123477,0.0,-1.471620564144,                  33P    446
15.80751158664,0.0,-1.064869885258,15.836256753656,0.0,               33P    447
-1.470123642727,15.786047554671,0.0,-1.066364335022,                  33P    448
15.814741383836,0.0,-1.46862672131,15.764597919685,0.0,               33P    449
-1.067878401644,15.793230874571,0.0,-1.467044874641,                  33P    450
15.743171002188,0.0,-1.069411214485,15.771730250085,0.0,              33P    451
-1.465348930872,15.700317167193,0.0,-1.072476840167,                  33P    452
15.728729001115,0.0,-1.461957043332,15.657544333867,0.0,              33P    453
-1.075618095156,15.685761232366,0.0,-1.45814149358,                   33P    454
15.614878315265,0.0,-1.078833245805,15.642843059236,0.0,              33P    455
-1.453818257784,15.572212296664,0.0,-1.082048396454,                  33P    456
15.599924886106,0.0,-1.449495021987,15.529651751036,0.0,              33P    457
-1.085336934624,15.557055448336,0.0,-1.444666413618,                  33P    458
15.487252488075,0.0,-1.088691839024,15.514273352206,0.0,              33P    459
-1.439165556443,15.444853225114,0.0,-1.092046743424,                  33P    460
15.471491256076,0.0,-1.433664699267,15.402603740947,0.0,              33P    461
-1.095474161621,15.428786264144,0.0,-1.427527143524,                  33P    462
15.360593488011,0.0,-1.098957483966,15.386226328779,0.0,              33P    463
-1.420508946623,15.318583235074,0.0,-1.102440806311,                  33P    464
15.343666393414,0.0,-1.413490749721,15.276805416314,0.0,              33P    465
-1.105985471362,15.301244274233,0.0,-1.405610171345,                  33P    466
15.235415734789,0.0,-1.109579137576,15.259077997787,0.0,              33P    467
-1.39651476755,15.194026053263,0.0,-1.11317280379,                    33P    468
15.21691172134,0.0,-1.387419363755,15.153016247279,0.0,               33P    469
-1.116806592402,15.174998675776,0.0,-1.377106878589,                  33P    470
15.112731358571,0.0,-1.120458952743,15.133613537341,0.0,              33P    471
-1.36493499411,15.092588914217,0.0,-1.122285132913,                   33P    472
15.112920968123,0.0,-1.358849051871,15.072642929297,0.0,              33P    473
-1.124111370354,15.092374996636,0.0,-1.352270640132,                  33P    474
15.052970157926,0.0,-1.125933934668,15.072038709074,0.0,              33P    475
-1.345082400141,15.04313377224,0.0,-1.126845216824,                   33P    476
15.061870565294,0.0,-1.341488280145,15.033370961687,0.0,              33P    477
-1.127757707619,15.051756874816,0.0,-1.337736979017,                  33P    478
15.023697164879,0.0,-1.128662471602,15.041717549872,0.0,              33P    479
-1.333798877562,15.01402336807,0.0,-1.129567235584,                   33P    480
15.031678224929,0.0,-1.329860776106,15.004441443487,0.0,              33P    481
-1.130467574656,15.021713265519,0.0,-1.325735874323,                  33P    482
14.994978502406,0.0,-1.131364488489,15.011842583875,0.0,              33P    483
-1.321394553015,14.976052620242,0.0,-1.133158316156,                  33P    484
14.992101220587,0.0,-1.312711910399,14.957565539949,0.0,              33P    485
-1.134930764847,14.972714648378,0.0,-1.303185476922,                  33P    486
14.939896990664,0.0,-1.136648488557,14.954023270189,0.0,              33P    487
-1.292419745741,14.931062716022,0.0,-1.137507350412,                  33P    488
14.944677581095,0.0,-1.287036880151,14.922443213576,0.0,              33P    489
-1.138352017656,14.935514059352,0.0,-1.28133654514,                   33P    490
14.914117663752,0.0,-1.139173582808,14.926609073614,0.0,              33P    491
-1.275254388362,14.905792113928,0.0,-1.13999514796,                   33P    492
14.917704087877,0.0,-1.269172231585,14.897766701697,0.0,              33P    493
-1.140796123705,14.909057796816,0.0,-1.26270567629,                   33P    494
14.89016930842,0.0,-1.141562276768,14.900795282224,0.0,               33P    495
-1.255774030927,14.882571915142,0.0,-1.142328429831,                  33P    496
14.892532767632,0.0,-1.248842385564,14.875411678224,0.0,              33P    497
-1.143059809804,14.884661446971,0.0,-1.24143859381,                   33P    498
14.86889863601,0.0,-1.143737845908,14.877377797132,0.0,               33P    499
-1.233484969828,14.862385593796,0.0,-1.144415882012,                  33P    500
14.870094147293,0.0,-1.225531345846,14.856518518553,0.0,              33P    501
-1.145039998937,14.863403198257,0.0,-1.217020339797,                  33P    502
14.851612013041,0.0,-1.145579871078,14.857607757399,0.0,              33P    503
-1.207926959128,14.846705507529,0.0,-1.146119743218,                  33P    504
14.85181231654,0.0,-1.198833578459,14.842760703998,0.0,               33P    505
-1.146576356762,14.846915639949,0.0,-1.189150045079,                  33P    506
14.840096518666,0.0,-1.146912128074,14.843244720413,0.0,              33P    507
-1.179010411521,14.838764425999,0.0,-1.147080013729,                  33P    508
14.841409260645,0.0,-1.173940594742,14.837749087844,0.0,              33P    509
-1.14721851118,14.839877425912,0.0,-1.168757243342,                   33P    510
14.83707365825,0.0,-1.147324282942,14.838676207247,0.0,               33P    511
-1.163501772881,14.836398228655,0.0,-1.147430054705,                  33P    512
14.837474988581,0.0,-1.15824630242,14.83606557377,0.0,                33P    513
-1.147540983607,14.83660043861,0.0,-1.152936259881,                   33P    514
14.83606557377,0.0,-1.147540983607,14.83606557377,0.0,                33P    515
-1.147540983607,0.0,1.0,0.0,41.0,,1,35;                               33P    516
406,1,34HSurf_ABTTPPFWAX, Wing, 0, 1, lower;                          35P    517
128,1,123,1,3,0,0,1,0,0,0.0,0.0,1.0,1.0,0.0,0.0,0.0,0.0,1.0,1.0,      37P    518
1.0,2.0,2.0,2.0,3.0,3.0,3.0,4.0,4.0,4.0,5.0,5.0,5.0,6.0,6.0,6.0,      37P    519
7.0,7.0,7.0,8.0,8.0,8.0,9.0,9.0,9.0,10.0,10.0,10.0,11.0,11.0,         37P    520
11.0,12.0,12.0,12.0,13.0,13.0,13.0,14.0,14.0,14.0,15.0,15.0,          37P    521
15.0,16.0,16.0,16.0,17.0,17.0,17.0,18.0,18.0,18.0,19.0,19.0,          37P    522
19.0,20.0,20.0,20.0,21.0,21.0,21.0,22.0,22.0,22.0,23.0,23.0,          37P    523
23.0,24.0,24.0,24.0,25.0,25.0,25.0,26.0,26.0,26.0,27.0,27.0,          37P    524
27.0,28.0,28.0,28.0,29.0,29.0,29.0,30.0,30.0,30.0,31.0,31.0,          37P    525
31.0,32.0,32.0,32.0,33.0,33.0,33.0,34.0,34.0,34.0,35.0,35.0,          37P    526
35.0,36.0,36.0,36.0,37.0,37.0,37.0,38.0,38.0,38.0,39.0,39.0,          37P    527
39.0,40.0,40.0,40.0,41.0,41.0,41.0,41.0,1.0,1.0,1.0,1.0,1.0,1.0,      37P    528
1.0,1.0,1.0,1.0,1.0,1.0,1.0,1.0,1.0,1.0,1.0,1.0,1.0,1.0,1.0,1.0,      37P    529
1.0,1.0,1.0,1.0,1.0,1.0,1.0,1.0,1.0,1.0,1.0,1.0,1.0,1.0,1.0,1.0,      37P    530
1.0,1.0,1.0,1.0,1.0,1.0,1.0,1.0,1.0,1.0,1.0,1.0,1.0,1.0,1.0,1.0,      37P    531
1.0,1.0,1.0,1.0,1.0,1.0,1.0,1.0,1.0,1.0,1.0,1.0,1.0,1.0,1.0,1.0,      37P    532
1.0,1.0,1.0,1.0,1.0,1.0,1.0,1.0,1.0,1.0,1.0,1.0,1.0,1.0,1.0,1.0,      37P    533
1.0,1.0,1.0,1.0,1.0,1.0,1.0,1.0,1.0,1.0,1.0,1.0,1.0,1.0,1.0,1.0,      37P    534
1.0,1.0,1.0,1.0,1.0,1.0,1.0,1.0,1.0,1.0,1.0,1.0,1.0,1.0,1.0,1.0,      37P    535
1.0,1.0,1.0,1.0,1.0,1.0,1.0,1.0,1.0,1.0,1.0,1.0,1.0,1.0,1.0,1.0,      37P    536
1.0,1.0,1.0,1.0,1.0,1.0,1.0,1.0,1.0,1.0,1.0,1.0,1.0,1.0,1.0,1.0,      37P    537
1.0,1.0,1.0,1.0,1.0,1.0,1.0,1.0,1.0,1.0,1.0,1.0,1.0,1.0,1.0,1.0,      37P    538
1.0,1.0,1.0,1.0,1.0,1.0,1.0,1.0,1.0,1.0,1.0,1.0,1.0,1.0,1.0,1.0,      37P    539
1.0,1.0,1.0,1.0,1.0,1.0,1.0,1.0,1.0,1.0,1.0,1.0,1.0,1.0,1.0,1.0,      37P    540
1.0,1.0,1.0,1.0,1.0,1.0,1.0,1.0,1.0,1.0,1.0,1.0,1.0,1.0,1.0,1.0,      37P    541
1.0,1.0,1.0,1.0,1.0,1.0,1.0,1.0,1.0,1.0,1.0,1.0,1.0,1.0,1.0,1.0,      37P    542
1.0,1.0,1.0,1.0,1.0,1.0,1.0,1.0,1.0,1.0,1.0,1.0,1.0,1.0,1.0,1.0,      37P    543
1.0,1.0,14.83606557377,0.0,-1.147540983607,14.83606557377,0.0,        37P    544
-1.147540983607,14.83606557377,0.0,-1.147540983607,                   37P    545
14.835530708931,0.0,-1.142145707333,14.836398228655,0.0,              37P    546
-1.147430054705,14.83532146873,0.0,-1.136613806991,                   37P    547
14.83707365825,0.0,-1.147324282942,14.835471109253,0.0,               37P    548
-1.131146793004,14.837749087844,0.0,-1.14721851118,                   37P    549
14.835620749777,0.0,-1.125679779017,14.838764425999,0.0,              37P    550
-1.147080013729,14.836119591353,0.0,-1.120219432717,                  37P    551
14.840096518666,0.0,-1.146912128074,14.836948316918,0.0,              37P    552
-1.114813844626,14.842760703998,0.0,-1.146576356762,                  37P    553
14.838605768048,0.0,-1.104002668445,14.846705507529,0.0,              37P    554
-1.146119743218,14.841598698517,0.0,-1.093405907978,                  37P    555
14.851612013041,0.0,-1.145579871078,14.845616268683,0.0,              37P    556
-1.083232783027,14.856518518553,0.0,-1.145039998937,                  37P    557
14.849633838849,0.0,-1.073059658076,14.862385593796,0.0,              37P    558
-1.144415882012,14.854677040298,0.0,-1.063300418177,                  37P    559
14.86889863601,0.0,-1.143737845908,14.860419474887,0.0,               37P    560
-1.053990721987,14.875411678224,0.0,-1.143059809804,                  37P    561
14.866161909477,0.0,-1.044681025797,14.882571915142,0.0,              37P    562
-1.142328429831,14.872611062652,0.0,-1.035814474099,                  37P    563
14.89016930842,0.0,-1.141562276768,14.879543334615,0.0,               37P    564
-1.027350522609,14.897766701697,0.0,-1.140796123705,                  37P    565
14.886475606578,0.0,-1.01888657112,14.905792113928,0.0,               37P    566
-1.13999514796,14.89388013998,0.0,-1.010818064335,                    37P    567
14.914117663752,0.0,-1.139173582808,14.90162625389,0.0,               37P    568
-1.003092777253,14.922443213576,0.0,-1.138352017656,                  37P    569
14.9093723678,0.0,-0.995367490171,14.931062716022,0.0,                37P    570
-1.137507350412,14.917447850949,0.0,-0.987977820673,                  37P    571
14.939896990664,0.0,-1.136648488557,14.925770711139,0.0,              37P    572
-0.980877231372,14.957565539949,0.0,-1.134930764847,                  37P    573
14.94241643152,0.0,-0.966676052772,14.976052620242,0.0,               37P    574
-1.133158316156,14.960004019897,0.0,-0.953604721913,                  37P    575
14.994978502406,0.0,-1.131364488489,14.978114420936,0.0,              37P    576
-0.941334423963,15.004441443487,0.0,-1.130467574656,                  37P    577
14.987169621455,0.0,-0.935199274989,15.01402336807,0.0,               37P    578
-1.129567235584,14.996368511212,0.0,-0.929273695063,                  37P    579
15.023697164879,0.0,-1.128662471602,15.005676779885,0.0,              37P    580
-0.923526065642,15.033370961687,0.0,-1.127757707619,                  37P    581
15.014985048558,0.0,-0.917778436221,15.04313377224,0.0,               37P    582
-1.126845216824,15.024396979187,0.0,-0.912202153504,                  37P    583
15.052970157926,0.0,-1.125933934668,15.033901606777,0.0,              37P    584
-0.906785469195,15.072642929297,0.0,-1.124111370354,                  37P    585
15.052910861959,0.0,-0.895952100577,15.092588914217,0.0,              37P    586
-1.122285132913,15.072256860311,0.0,-0.885721213955,                  37P    587
15.112731358571,0.0,-1.120458952743,15.091849179802,0.0,              37P    588
-0.875982911375,15.153016247279,0.0,-1.116806592402,                  37P    589
15.131033818783,0.0,-0.856506306216,15.194026053263,0.0,              37P    590
-1.11317280379,15.171140385187,0.0,-0.838926243825,                   37P    591
15.235415734789,0.0,-1.109579137576,15.211753471791,0.0,              37P    592
-0.822643507602,15.276805416314,0.0,-1.105985471362,                  37P    593
15.252366558395,0.0,-0.806360771379,15.318583235074,0.0,              37P    594
-1.102440806311,15.293500076735,0.0,-0.791390862901,                  37P    595
15.360593488011,0.0,-1.098957483966,15.334960647243,0.0,              37P    596
-0.77740602131,15.402603740947,0.0,-1.095474161621,                   37P    597
15.376421217751,0.0,-0.763421179719,15.444853225114,0.0,              37P    598
-1.092046743424,15.418215194151,0.0,-0.75042878758,                   37P    599
15.487252488075,0.0,-1.088691839024,15.460231623944,0.0,              37P    600
-0.738218121605,15.529651751036,0.0,-1.085336934624,                  37P    601
15.502248053736,0.0,-0.72600745563,15.572212296664,0.0,               37P    602
-1.082048396454,15.544499707221,0.0,-0.714601770922,                  37P    603
15.614878315265,0.0,-1.078833245805,15.586913571294,0.0,              37P    604
-0.703848233827,15.657544333867,0.0,-1.075618095156,                  37P    605
15.629327435367,0.0,-0.693094696732,15.700317167193,0.0,              37P    606
-1.072476840167,15.671905333271,0.0,-0.682996637002,                  37P    607
15.743171002188,0.0,-1.069411214485,15.71461175429,0.0,               37P    608
-0.673473498099,15.764597919685,0.0,-1.067878401644,                  37P    609
15.735964964799,0.0,-0.668711928648,15.786047554671,0.0,              37P    610
-1.066364335022,15.757353725507,0.0,-0.664101948735,                  37P    611
15.80751158664,0.0,-1.064869885258,15.778766419623,0.0,               37P    612
-0.659616127788,15.828975618608,0.0,-1.063375435493,                  37P    613
15.800179113739,0.0,-0.655130306841,15.850455607579,0.0,              37P    614
-1.061900077381,15.821617896083,0.0,-0.650773975524,                  37P    615
15.871953308429,0.0,-1.060444219769,15.84308528969,0.0,               37P    616
-0.646552856069,15.914948710129,0.0,-1.057532504545,                  37P    617
15.886020076902,0.0,-0.63811061716,15.957999218177,0.0,               37P    618
-1.054699081763,15.929046716259,0.0,-0.630154500861,                  37P    619
16.001099885735,0.0,-1.051945302944,15.972158081635,0.0,              37P    620
-0.622666381554,16.087301220849,0.0,-1.046437745305,                  37P    621
16.058380812386,0.0,-0.607690142941,16.17367418495,0.0,               37P    622
-1.041248104381,16.144899553762,0.0,-0.594477315308,                  37P    623
16.260164145363,0.0,-1.036386147866,16.231631018542,0.0,              37P    624
-0.582803830962,16.433144066189,0.0,-1.026662234835,                  37P    625
16.405093948101,0.0,-0.55945686227,16.606539900024,0.0,               37P    626
-1.018238037663,16.579327435894,0.0,-0.542054190047,                  37P    627
16.780082077459,0.0,-1.011170794621,16.7538789033,0.0,                37P    628
-0.5292583886,16.823467621818,0.0,-1.00940398386,                     37P    629
16.797516770152,0.0,-0.526059438239,16.866863259748,0.0,              37P    630
-1.007716465956,16.841175696553,0.0,-0.523151472443,                  37P    631
16.910266745119,0.0,-1.006112996611,16.88485162705,0.0,               37P    632
-0.520521574221,16.95367023049,0.0,-1.004509527266,                   37P    633
16.928527557546,0.0,-0.517891676,16.997081299176,0.0,                 37P    634
-1.002998868701,16.972220492138,0.0,-0.515539845353,                  37P    635
17.040498104809,0.0,-1.001565551972,17.01592637537,0.0,               37P    636
-0.51345316529,17.127331716077,0.0,-0.998698918515,                   37P    637
17.103338141834,0.0,-0.509279805164,17.214185611258,0.0,              37P    638
-0.996172586603,17.190797557656,0.0,-0.506152525142,                  37P    639
17.301049362173,0.0,-0.993986426157,17.278284152433,0.0,              37P    640
-0.504003494642,17.34448123763,0.0,-0.992893345934,                   37P    641
17.322027449822,0.0,-0.502928979392,17.38791347803,0.0,               37P    642
-0.991886349751,17.365773272667,0.0,-0.502084039086,                  37P    643
17.431347300627,0.0,-0.990961380618,17.409524172004,0.0,              37P    644
-0.501477867858,17.474781123225,0.0,-0.990036411485,                  37P    645
17.453275071342,0.0,-0.500871696629,17.518216931021,0.0,              37P    646
-0.989197966002,17.497031769653,0.0,-0.500506660386,                  37P    647
17.561651231184,0.0,-0.988446816141,17.540786951375,0.0,              37P    648
-0.50035674289,17.605085531346,0.0,-0.987695666281,                   37P    649
17.584542133097,0.0,-0.500206825393,17.648517988629,0.0,              37P    650
-0.987022425727,17.628295449652,0.0,-0.500270896483,                  37P    651
17.691950653707,0.0,-0.986440925671,17.672050649603,0.0,              37P    652
-0.500562327239,17.735383318784,0.0,-0.985859425614,                  37P    653
17.715805849554,0.0,-0.500853757995,17.778814990214,0.0,              37P    654
-0.985365284872,17.759560530013,0.0,-0.501363786053,                  37P    655
17.822242802793,0.0,-0.984954427887,17.803308607786,0.0,              37P    656
-0.502069968997,17.865670615372,0.0,-0.984543570901,                  37P    657
17.84705668556,0.0,-0.502776151941,17.909096654029,0.0,               37P    658
-0.984223156694,17.89080273215,0.0,-0.503705793897,                   37P    659
17.952519902432,0.0,-0.983985178946,17.934544424686,0.0,              37P    660
-0.504834140446,17.995943150835,0.0,-0.983747201198,                  37P    661
17.978286117221,0.0,-0.505962486996,18.03936285119,0.0,               37P    662
-0.98358195925,18.022021940115,0.0,-0.50727013682,                    37P    663
18.082778367647,0.0,-0.983501381685,18.065750331458,0.0,              37P    664
-0.508772205309,18.126193884104,0.0,-0.983420804119,                  37P    665
18.1094787228,0.0,-0.510274273797,18.169606009922,0.0,                37P    666
-0.98343434698,18.153201385168,0.0,-0.51199406744,                    37P    667
18.213013396669,0.0,-0.983486235236,18.196917505891,0.0,              37P    668
-0.513858804588,18.256420783416,0.0,-0.983538123491,                  37P    669
18.240633626615,0.0,-0.515723541736,18.299823026885,0.0,              37P    670
-0.983612502144,18.284342786883,0.0,-0.51771038644,                   37P    671
18.343221095035,0.0,-0.983728038227,18.328045948403,0.0,              37P    672
-0.51983870677,18.386619163185,0.0,-0.98384357431,                    37P    673
18.371749109922,0.0,-0.521967027099,18.430012856283,0.0,              37P    674
-0.984004052706,18.415446097775,0.0,-0.52424225993,                   37P    675
18.473401434227,0.0,-0.984201775996,18.459135354139,0.0,              37P    676
-0.526645355933,18.516790012171,0.0,-0.984399499285,                  37P    677
18.502824610502,0.0,-0.529048451936,18.560173251326,0.0,              37P    678
-0.984631761555,18.546505688104,0.0,-0.531573999285,                  37P    679
18.603551813031,0.0,-0.984907306106,18.590179832006,0.0,              37P    680
-0.534235830089,18.690308936442,0.0,-0.985458395208,                  37P    681
18.677528119808,0.0,-0.539559491698,18.777045352416,0.0,              37P    682
-0.986162745757,18.764844677527,0.0,-0.545388551773,                  37P    683
18.863760220261,0.0,-0.98702441096,18.85212720281,0.0,                37P    684
-0.551701880799,19.03718995595,0.0,-0.988747741365,                   37P    685
19.026692253375,0.0,-0.564328538849,19.210532072743,0.0,              37P    686
-0.991099903235,19.201116871907,0.0,-0.578843388185,                  37P    687
19.383782535634,0.0,-0.994078146573,19.375384782008,0.0,              37P    688
-0.59506357861,19.557032998524,0.0,-0.99705638991,                    37P    689
19.549652692108,0.0,-0.611283769035,19.730190568365,0.0,              37P    690
-1.000644591605,19.723761415482,0.0,-0.62917705433,                   37P    691
19.903253698501,0.0,-1.004864827817,19.897699652439,0.0,              37P    692
-0.648610236609,20.076316828637,0.0,-1.009085064029,                  37P    693
20.071637889396,0.0,-0.668043418888,20.249285140781,0.0,              37P    694
-1.013925432024,20.245404862,0.0,-0.689002881512,                     37P    695
20.422155700789,0.0,-1.019383169603,20.41898798914,0.0,               37P    696
-0.711371235501,20.595026260797,0.0,-1.024840907181,                  37P    697
20.59257111628,0.0,-0.73373958949,20.767799941843,0.0,                37P    698
-1.03092048811,20.765972518376,0.0,-0.757532321616,                   37P    699
20.940472340164,0.0,-1.037616942066,20.93917863806,0.0,               37P    700
-0.782665000093,21.285817136805,0.0,-1.051009849979,                  37P    701
21.285590877429,0.0,-0.832930357047,21.630759890153,0.0,              37P    702
-1.066872317171,21.631226015126,0.0,-0.888529412158,                  37P    703
21.975236813809,0.0,-1.085195415004,21.975947827339,0.0,              37P    704
-0.949310358917,22.319713737464,0.0,-1.103518512836,                  37P    705
22.320669639552,0.0,-1.010091305676,22.663725502283,0.0,              37P    706
-1.124301865658,22.664479473755,0.0,-1.076057297815,                  37P    707
23.007141411513,0.0,-1.147540983607,23.007141411513,0.0,              37P    708
-1.147540983607,0.0,1.0,0.0,41.0,,1,39;                               37P    709
406,1,34HSurf_ABTTPPFWAX, Wing, 0, 4, upper;                          39P    710
128,1,123,1,3,0,0,1,0,0,0.0,0.0,1.0,1.0,0.0,0.0,0.0,0.0,1.0,1.0,      41P    711
1.0,2.0,2.0,2.0,3.0,3.0,3.0,4.0,4.0,4.0,5.0,5.0,5.0,6.0,6.0,6.0,      41P    712
7.0,7.0,7.0,8.0,8.0,8.0,9.0,9.0,9.0,10.0,10.0,10.0,11.0,11.0,         41P    713
11.0,12.0,12.0,12.0,13.0,13.0,13.0,14.0,14.0,14.0,15.0,15.0,          41P    714
15.0,16.0,16.0,16.0,17.0,17.0,17.0,18.0,18.0,18.0,19.0,19.0,          41P    715
19.0,20.0,20.0,20.0,21.0,21.0,21.0,22.0,22.0,22.0,23.0,23.0,          41P    716
23.0,24.0,24.0,24.0,25.0,25.0,25.0,26.0,26.0,26.0,27.0,27.0,          41P    717
27.0,28.0,28.0,28.0,29.0,29.0,29.0,30.0,30.0,30.0,31.0,31.0,          41P    718
31.0,32.0,32.0,32.0,33.0,33.0,33.0,34.0,34.0,34.0,35.0,35.0,          41P    719
35.0,36.0,36.0,36.0,37.0,37.0,37.0,38.0,38.0,38.0,39.0,39.0,          41P    720
39.0,40.0,40.0,40.0,41.0,41.0,41.0,41.0,1.0,1.0,1.0,1.0,1.0,1.0,      41P    721
1.0,1.0,1.0,1.0,1.0,1.0,1.0,1.0,1.0,1.0,1.0,1.0,1.0,1.0,1.0,1.0,      41P    722
1.0,1.0,1.0,1.0,1.0,1.0,1.0,1.0,1.0,1.0,1.0,1.0,1.0,1.0,1.0,1.0,      41P    723
1.0,1.0,1.0,1.0,1.0,1.0,1.0,1.0,1.0,1.0,1.0,1.0,1.0,1.0,1.0,1.0,      41P    724
1.0,1.0,1.0,1.0,1.0,1.0,1.0,1.0,1.0,1.0,1.0,1.0,1.0,1.0,1.0,1.0,      41P    725
1.0,1.0,1.0,1.0,1.0,1.0,1.0,1.0,1.0,1.0,1.0,1.0,1.0,1.0,1.0,1.0,      41P    726
1.0,1.0,1.0,1.0,1.0,1.0,1.0,1.0,1.0,1.0,1.0,1.0,1.0,1.0,1.0,1.0,      41P    727
1.0,1.0,1.0,1.0,1.0,1.0,1.0,1.0,1.0,1.0,1.0,1.0,1.0,1.0,1.0,1.0,      41P    728
1.0,1.0,1.0,1.0,1.0,1.0,1.0,1.0,1.0,1.0,1.0,1.0,1.0,1.0,1.0,1.0,      41P    729
1.0,1.0,1.0,1.0,1.0,1.0,1.0,1.0,1.0,1.0,1.0,1.0,1.0,1.0,1.0,1.0,      41P    730
1.0,1.0,1.0,1.0,1.0,1.0,1.0,1.0,1.0,1.0,1.0,1.0,1.0,1.0,1.0,1.0,      41P    731
1.0,1.0,1.0,1.0,1.0,1.0,1.0,1.0,1.0,1.0,1.0,1.0,1.0,1.0,1.0,1.0,      41P    732
1.0,1.0,1.0,1.0,1.0,1.0,1.0,1.0,1.0,1.0,1.0,1.0,1.0,1.0,1.0,1.0,      41P    733
1.0,1.0,1.0,1.0,1.0,1.0,1.0,1.0,1.0,1.0,1.0,1.0,1.0,1.0,1.0,1.0,      41P    734
1.0,1.0,1.0,1.0,1.0,1.0,1.0,1.0,1.0,1.0,1.0,1.0,1.0,1.0,1.0,1.0,      41P    735
1.0,1.0,1.0,1.0,1.0,1.0,1.0,1.0,1.0,1.0,1.0,1.0,1.0,1.0,1.0,1.0,      41P    736
1.0,1.0,23.007141411513,0.0,-1.147540983607,23.007141411513,          41P    737
5.8750306533,-0.883693052733,22.662971530811,0.0,                     41P    738
-1.172546433502,22.830053167409,5.8750306533,-0.896559289621,         41P    739
22.318757835377,0.0,-1.196945719996,22.65294237899,5.8750306533,      41P    740
-0.909113632825,21.974525800278,0.0,-1.221080471091,                  41P    741
22.47582215413,5.8750306533,-0.921531862696,21.63029376518,0.0,       41P    742
-1.245215222185,22.29870192927,5.8750306533,-0.933950092566,          41P    743
21.28604339618,0.0,-1.269089342911,22.121572270934,5.8750306533,      41P    744
-0.946234218389,20.941766042267,0.0,-1.292568884039,                  41P    745
21.944428727853,5.8750306533,-0.958315318287,20.769627365311,         41P    746
0.0,-1.304308654604,21.855856956313,5.8750306533,                     41P    747
-0.964355868237,20.597481405314,0.0,-1.315942224871,                  41P    748
21.767281437376,5.8750306533,-0.970341774171,20.425323412438,         41P    749
0.0,-1.327395103704,21.678699727075,5.8750306533,                     41P    750
-0.976234707621,20.253165419563,0.0,-1.338847982537,                  41P    751
21.590118016774,5.8750306533,-0.982127641071,20.080995767878,         41P    752
0.0,-1.350126709169,21.50153030758,5.8750306533,-0.987930966717,      41P    753
19.908807744562,0.0,-1.361119419025,21.412933145497,                  41P    754
5.8750306533,-0.993587126059,19.736619721247,0.0,-1.37211212888,      41P    755
21.324335983414,5.8750306533,-0.999243285402,19.56441330494,0.0,      41P    756
-1.382829010785,21.23572935745,5.8750306533,-1.004757520973,          41P    757
19.39218028926,0.0,-1.393092714535,21.147109045117,5.8750306533,      41P    758
-1.010038579477,19.219947273579,0.0,-1.403356418285,                  41P    759
21.058488732783,5.8750306533,-1.015319637981,19.047687658524,         41P    760
0.0,-1.413166943882,20.969854734079,5.8750306533,                     41P    761
-1.020367519416,18.875393237711,0.0,-1.422346941121,                  41P    762
20.881202826514,5.8750306533,-1.025090970489,18.789246027305,         41P    763
0.0,-1.426936939741,20.836876872731,5.8750306533,                     41P    764
-1.027452696025,18.703089753075,0.0,-1.431357298719,                  41P    765
20.792546255274,5.8750306533,-1.029727135636,18.616923794057,         41P    766
0.0,-1.435578782124,20.74821065463,5.8750306533,-1.031899246345,      41P    767
18.573840814547,0.0,-1.437689523826,20.726042854309,                  41P    768
5.8750306533,-1.0329853017,18.530755413841,0.0,-1.439750546635,       41P    769
20.703873808191,5.8750306533,-1.034045774829,18.487667514316,         41P    770
0.0,-1.441758196059,20.681703476338,5.8750306533,-1.03507878536,      41P    771
18.444579614791,0.0,-1.443765845483,20.659533144485,                  41P    772
5.8750306533,-1.036111795891,18.401489216448,0.0,                     41P    773
-1.445720121522,20.637361526897,5.8750306533,-1.037117343825,         41P    774
18.358396241667,0.0,-1.447617369685,20.615188583635,                  41P    775
5.8750306533,-1.038093548788,18.315303266886,0.0,                     41P    776
-1.449514617848,20.593015640373,5.8750306533,-1.039069753751,         41P    777
18.272207940216,0.0,-1.451352705246,20.570841486977,                  41P    778
5.8750306533,-1.040015518294,18.229109287446,0.0,                     41P    779
-1.453113665883,20.548665622178,5.8750306533,-1.040921598241,         41P    780
18.186010634676,0.0,-1.454874626521,20.526489757379,                  41P    781
5.8750306533,-1.041827678188,18.142909045408,0.0,                     41P    782
-1.456567334441,20.504312381643,5.8750306533,-1.042698639566,         41P    783
18.099806403837,0.0,-1.45823055806,20.482134464457,5.8750306533,      41P    784
-1.04355443017,18.056703762266,0.0,-1.459893781679,                   41P    785
20.459956547271,5.8750306533,-1.044410220774,18.013600184449,         41P    786
0.0,-1.461531915401,20.437778148352,5.8750306533,                     41P    787
-1.045253101691,17.970495380179,0.0,-1.463136217446,                  41P    788
20.415599118376,5.8750306533,-1.046078574947,17.927390575908,         41P    789
0.0,-1.464740519492,20.393420088401,5.8750306533,                     41P    790
-1.046904048204,17.884284545185,0.0,-1.466310989861,                  41P    791
20.37124042737,5.8750306533,-1.047712113801,17.8411769978,0.0,        41P    792
-1.467838886776,20.34905998596,5.8750306533,-1.048498273767,          41P    793
17.798069450415,0.0,-1.469366783691,20.32687954455,5.8750306533,      41P    794
-1.049284433733,17.754960788015,0.0,-1.470865093233,                  41P    795
20.304698529423,5.8750306533,-1.050055369892,17.71185065781,0.0,      41P    796
-1.472319524102,20.282516759056,5.8750306533,-1.050803728837,         41P    797
17.668740527605,0.0,-1.473773954971,20.260334988688,                  41P    798
5.8750306533,-1.051552087782,17.625628929596,0.0,                     41P    799
-1.475184507168,20.238152463081,5.8750306533,-1.052277869513,         41P    800
17.582515510992,0.0,-1.476536889393,20.21596900071,5.8750306533,      41P    801
-1.052973720624,17.539402092389,0.0,-1.477889271618,                  41P    802
20.193785538338,5.8750306533,-1.053669571734,17.496287175109,         41P    803
0.0,-1.479201126342,20.171601304842,5.8750306533,                     41P    804
-1.054344569933,17.453170429251,0.0,-1.480444893379,                  41P    805
20.149416130475,5.8750306533,-1.054984534476,17.410053683393,         41P    806
0.0,-1.481688660416,20.127230956107,5.8750306533,-1.05562449902,      41P    807
17.366935025438,0.0,-1.482857712476,20.105044797894,                  41P    808
5.8750306533,-1.056226019921,17.323814571912,0.0,                     41P    809
-1.483969357672,20.082857715793,5.8750306533,-1.056798002848,         41P    810
17.23757366486,0.0,-1.486192648063,20.038483551591,5.8750306533,      41P    811
-1.057941968702,17.15132529032,0.0,-1.488118031867,                   41P    812
19.994105545087,5.8750306533,-1.058932650502,17.065069834249,         41P    813
0.0,-1.489677938654,19.949723894872,5.8750306533,                     41P    814
-1.059735280742,17.021942106214,0.0,-1.490457892048,                  41P    815
19.927533069764,5.8750306533,-1.060136595862,16.978812903433,         41P    816
0.0,-1.491127378532,19.905341485845,5.8750306533,                     41P    817
-1.060481071636,16.935681863188,0.0,-1.491704419001,                  41P    818
19.883148956482,5.8750306533,-1.060777980486,16.892550822944,         41P    819
0.0,-1.49228145947,19.860956427119,5.8750306533,-1.061074889335,      41P    820
16.849418473485,0.0,-1.492748529482,19.838763224116,                  41P    821
5.8750306533,-1.061315214282,16.806285251618,0.0,                     41P    822
-1.493083200642,19.816569572228,5.8750306533,-1.06148741508,          41P    823
16.633752364154,0.0,-1.494421885279,19.727794964673,                  41P    824
5.8750306533,-1.06217621827,16.461194184277,0.0,-1.493867607401,      41P    825
19.639007343229,5.8750306533,-1.061891021623,16.288697272185,         41P    826
0.0,-1.489968464769,19.550251246346,5.8750306533,                     41P    827
-1.059884767267,16.202448816138,0.0,-1.488018893454,                  41P    828
19.505873197905,5.8750306533,-1.05888164009,16.116221629312,0.0,      41P    829
-1.485185347669,19.461506093271,5.8750306533,-1.057423675068,         41P    830
16.030041689834,0.0,-1.481224224333,19.41716329916,5.8750306533,      41P    831
-1.055385529328,15.986951720095,0.0,-1.479243662666,                  41P    832
19.394991902104,5.8750306533,-1.054366456458,15.943877343357,         41P    833
0.0,-1.47695439193,19.372828528229,5.8750306533,-1.053188541255,      41P    834
15.900821327169,0.0,-1.474335583469,19.350674601543,                  41P    835
5.8750306533,-1.051841066598,15.879293319075,0.0,                     41P    836
-1.473026179239,19.339597638199,5.8750306533,-1.05116732927,          41P    837
15.857772123477,0.0,-1.471620564144,19.328524180139,                  41P    838
5.8750306533,-1.050444087862,15.836256753656,0.0,                     41P    839
-1.470123642727,19.317453719659,5.8750306533,-1.049673865945,         41P    840
15.814741383836,0.0,-1.46862672131,19.306383259179,5.8750306533,      41P    841
-1.048903644028,15.793230874571,0.0,-1.467044874641,                  41P    842
19.295315299636,5.8750306533,-1.0480897249,15.771730250085,0.0,       41P    843
-1.465348930872,19.284252426181,5.8750306533,-1.047217098558,         41P    844
15.728729001115,0.0,-1.461957043332,19.262126679271,                  41P    845
5.8750306533,-1.045471845872,15.685761232366,0.0,-1.45814149358,      41P    846
19.240018159184,5.8750306533,-1.043508603172,15.642843059236,         41P    847
0.0,-1.453818257784,19.217935157893,5.8750306533,                     41P    848
-1.041284137061,15.599924886106,0.0,-1.449495021987,                  41P    849
19.195852156603,5.8750306533,-1.03905967095,15.557055448336,0.0,      41P    850
-1.444666413618,19.173794231473,5.8750306533,-1.036575171796,         41P    851
15.514273352206,0.0,-1.439165556443,19.151781246876,                  41P    852
5.8750306533,-1.03374477555,15.471491256076,0.0,-1.433664699267,      41P    853
19.129768262278,5.8750306533,-1.030914379304,15.428786264144,         41P    854
0.0,-1.427527143524,19.107794950667,5.8750306533,                     41P    855
-1.027756377891,15.386226328779,0.0,-1.420508946623,                  41P    856
19.085896276072,5.8750306533,-1.024145253746,15.343666393414,         41P    857
0.0,-1.413490749721,19.063997601477,5.8750306533,                     41P    858
-1.020534129602,15.301244274233,0.0,-1.405610171345,                  41P    859
19.04216983845,5.8750306533,-1.016479278014,15.259077997787,0.0,      41P    860
-1.39651476755,19.020473716055,5.8750306533,-1.011799353425,          41P    861
15.21691172134,0.0,-1.387419363755,18.99877759366,5.8750306533,       41P    862
-1.007119428836,15.174998675776,0.0,-1.377106878589,                  41P    863
18.977211768002,5.8750306533,-1.001813270474,15.133613537341,         41P    864
0.0,-1.36493499411,18.955917570257,5.8750306533,-0.995550381794,      41P    865
15.112920968123,0.0,-1.358849051871,18.945270471385,                  41P    866
5.8750306533,-0.992418937454,15.092374996636,0.0,                     41P    867
-1.352270640132,18.934698802514,5.8750306533,-0.989034099184,         41P    868
15.072038709074,0.0,-1.345082400141,18.924235023846,                  41P    869
5.8750306533,-0.985335481525,15.061870565294,0.0,                     41P    870
-1.341488280145,18.919003134512,5.8750306533,-0.983486172696,         41P    871
15.051756874816,0.0,-1.337736979017,18.913799263434,                  41P    872
5.8750306533,-0.98155598831,15.041717549872,0.0,-1.333798877562,      41P    873
18.908633656198,5.8750306533,-0.979529688187,15.031678224929,         41P    874
0.0,-1.329860776106,18.903468048962,5.8750306533,                     41P    875
-0.977503388063,15.021713265519,0.0,-1.325735874323,                  41P    876
18.898340705567,5.8750306533,-0.975380972201,15.011842583875,         41P    877
0.0,-1.321394553015,18.8932618716,5.8750306533,-0.97314720042,        41P    878
14.992101220587,0.0,-1.312711910399,18.883104203667,                  41P    879
5.8750306533,-0.968679656857,14.972714648378,0.0,                     41P    880
-1.303185476922,18.87312908898,5.8750306533,-0.963777951415,          41P    881
14.954023270189,0.0,-1.292419745741,18.863511677554,                  41P    882
5.8750306533,-0.958238581069,14.944677581095,0.0,                     41P    883
-1.287036880151,18.85870297184,5.8750306533,-0.955468895896,          41P    884
14.935514059352,0.0,-1.28133654514,18.853987998026,5.8750306533,      41P    885
-0.952535860861,14.926609073614,0.0,-1.275254388362,                  41P    886
18.849406050632,5.8750306533,-0.949406364283,14.917704087877,         41P    887
0.0,-1.269172231585,18.844824103237,5.8750306533,                     41P    888
-0.946276867704,14.909057796816,0.0,-1.26270567629,                   41P    889
18.840375263906,5.8750306533,-0.942949583747,14.900795282224,         41P    890
0.0,-1.255774030927,18.836123891886,5.8750306533,                     41P    891
-0.939382993598,14.892532767632,0.0,-1.248842385564,                  41P    892
18.831872519866,5.8750306533,-0.935816403449,14.884661446971,         41P    893
0.0,-1.24143859381,18.827822431718,5.8750306533,-0.932006876367,      41P    894
14.877377797132,0.0,-1.233484969828,18.824074722133,                  41P    895
5.8750306533,-0.92791444009,14.870094147293,0.0,-1.225531345846,      41P    896
18.820327012549,5.8750306533,-0.923822003813,14.863403198257,         41P    897
0.0,-1.217020339797,18.81688426964,5.8750306533,-0.919442773667,      41P    898
14.857607757399,0.0,-1.207926959128,18.813902299099,                  41P    899
5.8750306533,-0.914763890052,14.85181231654,0.0,-1.198833578459,      41P    900
18.810920328558,5.8750306533,-0.910085006437,14.846915639949,         41P    901
0.0,-1.189150045079,18.808400805763,5.8750306533,                     41P    902
-0.905102467234,14.843244720413,0.0,-1.179010411521,                  41P    903
18.806511980705,5.8750306533,-0.899885247474,14.841409260645,         41P    904
0.0,-1.173940594742,18.805567568176,5.8750306533,                     41P    905
-0.897276637593,14.839877425912,0.0,-1.168757243342,                  41P    906
18.804779382056,5.8750306533,-0.894609609914,14.838676207247,         41P    907
0.0,-1.163501772881,18.804161310237,5.8750306533,                     41P    908
-0.891905474288,14.837474988581,0.0,-1.15824630242,                   41P    909
18.803543238418,5.8750306533,-0.889201338662,14.83660043861,0.0,      41P    910
-1.152936259881,18.803093249829,5.8750306533,-0.886469123666,         41P    911
14.83606557377,0.0,-1.147540983607,18.802818041914,5.8750306533,      41P    912
-0.883693052733,0.0,1.0,0.0,41.0,,1,43;                               41P    913
406,1,34HSurf_ABTTPPFWAX, Wing, 0, 7, lower;                          43P    914
128,1,123,1,3,0,0,1,0,0,0.0,0.0,1.0,1.0,0.0,0.0,0.0,0.0,1.0,1.0,      45P    915
1.0,2.0,2.0,2.0,3.0,3.0,3.0,4.0,4.0,4.0,5.0,5.0,5.0,6.0,6.0,6.0,      45P    916
7.0,7.0,7.0,8.0,8.0,8.0,9.0,9.0,9.0,10.0,10.0,10.0,11.0,11.0,         45P    917
11.0,12.0,12.0,12.0,13.0,13.0,13.0,14.0,14.0,14.0,15.0,15.0,          45P    918
15.0,16.0,16.0,16.0,17.0,17.0,17.0,18.0,18.0,18.0,19.0,19.0,          45P    919
19.0,20.0,20.0,20.0,21.0,21.0,21.0,22.0,22.0,22.0,23.0,23.0,          45P    920
23.0,24.0,24.0,24.0,25.0,25.0,25.0,26.0,26.0,26.0,27.0,27.0,          45P    921
27.0,28.0,28.0,28.0,29.0,29.0,29.0,30.0,30.0,30.0,31.0,31.0,          45P    922
31.0,32.0,32.0,32.0,33.0,33.0,33.0,34.0,34.0,34.0,35.0,35.0,          45P    923
35.0,36.0,36.0,36.0,37.0,37.0,37.0,38.0,38.0,38.0,39.0,39.0,          45P    924
39.0,40.0,40.0,40.0,41.0,41.0,41.0,41.0,1.0,1.0,1.0,1.0,1.0,1.0,      45P    925
1.0,1.0,1.0,1.0,1.0,1.0,1.0,1.0,1.0,1.0,1.0,1.0,1.0,1.0,1.0,1.0,      45P    926
1.0,1.0,1.0,1.0,1.0,1.0,1.0,1.0,1.0,1.0,1.0,1.0,1.0,1.0,1.0,1.0,      45P    927
1.0,1.0,1.0,1.0,1.0,1.0,1.0,1.0,1.0,1.0,1.0,1.0,1.0,1.0,1.0,1.0,      45P    928
1.0,1.0,1.0,1.0,1.0,1.0,1.0,1.0,1.0,1.0,1.0,1.0,1.0,1.0,1.0,1.0,      45P    929
1.0,1.0,1.0,1.0,1.0,1.0,1.0,1.0,1.0,1.0,1.0,1.0,1.0,1.0,1.0,1.0,      45P    930
1.0,1.0,1.0,1.0,1.0,1.0,1.0,1.0,1.0,1.0,1.0,1.0,1.0,1.0,1.0,1.0,      45P    931
1.0,1.0,1.0,1.0,1.0,1.0,1.0,1.0,1.0,1.0,1.0,1.0,1.0,1.0,1.0,1.0,      45P    932
1.0,1.0,1.0,1.0,1.0,1.0,1.0,1.0,1.0,1.0,1.0,1.0,1.0,1.0,1.0,1.0,      45P    933
1.0,1.0,1.0,1.0,1.0,1.0,1.0,1.0,1.0,1.0,1.0,1.0,1.0,1.0,1.0,1.0,      45P    934
1.0,1.0,1.0,1.0,1.0,1.0,1.0,1.0,1.0,1.0,1.0,1.0,1.0,1.0,1.0,1.0,      45P    935
1.0,1.0,1.0,1.0,1.0,1.0,1.0,1.0,1.0,1.0,1.0,1.0,1.0,1.0,1.0,1.0,      45P    936
1.0,1.0,1.0,1.0,1.0,1.0,1.0,1.0,1.0,1.0,1.0,1.0,1.0,1.0,1.0,1.0,      45P    937
1.0,1.0,1.0,1.0,1.0,1.0,1.0,1.0,1.0,1.0,1.0,1.0,1.0,1.0,1.0,1.0,      45P    938
1.0,1.0,1.0,1.0,1.0,1.0,1.0,1.0,1.0,1.0,1.0,1.0,1.0,1.0,1.0,1.0,      45P    939
1.0,1.0,1.0,1.0,1.0,1.0,1.0,1.0,1.0,1.0,1.0,1.0,1.0,1.0,1.0,1.0,      45P    940
1.0,1.0,14.83606557377,0.0,-1.147540983607,18.802818041914,           45P    941
5.8750306533,-0.883693052733,14.835530708931,0.0,                     45P    942
-1.142145707333,18.802542833999,5.8750306533,-0.8809169818,           45P    943
14.83532146873,0.0,-1.136613806991,18.802435172109,5.8750306533,      45P    944
-0.878070612687,14.835471109253,0.0,-1.131146793004,                  45P    945
18.802512167741,5.8750306533,-0.875257630024,14.835620749777,         45P    946
0.0,-1.125679779017,18.802589163374,5.8750306533,                     45P    947
-0.872444647361,14.836119591353,0.0,-1.120219432717,                  45P    948
18.802845835976,5.8750306533,-0.869635095472,14.836948316918,         45P    949
0.0,-1.114813844626,18.803272246198,5.8750306533,                     45P    950
-0.866853718725,14.838605768048,0.0,-1.104002668445,                  45P    951
18.804125066641,5.8750306533,-0.86129096523,14.841598698517,0.0,      45P    952
-1.093405907978,18.805665041029,5.8750306533,-0.85583853662,          45P    953
14.845616268683,0.0,-1.083232783027,18.807732230769,                  45P    954
5.8750306533,-0.850604084288,14.849633838849,0.0,                     45P    955
-1.073059658076,18.80979942051,5.8750306533,-0.845369631956,          45P    956
14.854677040298,0.0,-1.063300418177,18.81239433581,5.8750306533,      45P    957
-0.840348138925,14.860419474887,0.0,-1.053990721987,                  45P    958
18.815349032648,5.8750306533,-0.835557952904,14.866161909477,         45P    959
0.0,-1.044681025797,18.818303729486,5.8750306533,                     45P    960
-0.830767766883,14.872611062652,0.0,-1.035814474099,                  45P    961
18.821622059403,5.8750306533,-0.826205595235,14.879543334615,         45P    962
0.0,-1.027350522609,18.825188971961,5.8750306533,                     45P    963
-0.821850576416,14.886475606578,0.0,-1.01888657112,                   45P    964
18.828755884519,5.8750306533,-0.817495557597,14.89388013998,0.0,      45P    965
-1.010818064335,18.832565793207,5.8750306533,-0.813344009832,         45P    966
14.90162625389,0.0,-1.003092777253,18.83655145781,5.8750306533,       45P    967
-0.809369061409,14.9093723678,0.0,-0.995367490171,                    45P    968
18.840537122413,5.8750306533,-0.805394112986,14.917447850949,         45P    969
0.0,-0.987977820673,18.844692259778,5.8750306533,                     45P    970
-0.801591852331,14.925770711139,0.0,-0.980877231372,                  45P    971
18.84897468186,5.8750306533,-0.797938334223,14.94241643152,0.0,       45P    972
-0.966676052772,18.857539526024,5.8750306533,-0.790631298008,         45P    973
14.960004019897,0.0,-0.953604721913,18.866588996411,                  45P    974
5.8750306533,-0.783905610608,14.978114420936,0.0,                     45P    975
-0.941334423963,18.875907473419,5.8750306533,-0.777592084526,         45P    976
14.987169621455,0.0,-0.935199274989,18.880566711923,                  45P    977
5.8750306533,-0.774435321485,14.996368511212,0.0,                     45P    978
-0.929273695063,18.8852998839,5.8750306533,-0.771386389538,           45P    979
15.005676779885,0.0,-0.923526065642,18.89008933541,5.8750306533,      45P    980
-0.768429019765,15.014985048558,0.0,-0.917778436221,                  45P    981
18.894878786921,5.8750306533,-0.765471649993,15.024396979187,         45P    982
0.0,-0.912202153504,18.899721576375,5.8750306533,                     45P    983
-0.762602444492,15.033901606777,0.0,-0.906785469195,                  45P    984
18.904612061874,5.8750306533,-0.759815358326,15.052910861959,         45P    985
0.0,-0.895952100577,18.914393032873,5.8750306533,                     45P    986
-0.754241185995,15.072256860311,0.0,-0.885721213955,                  45P    987
18.924347270796,5.8750306533,-0.748977013128,15.091849179802,         45P    988
0.0,-0.875982911375,18.934428250136,5.8750306533,                     45P    989
-0.743966293129,15.131033818783,0.0,-0.856506306216,                  45P    990
18.954590208814,5.8750306533,-0.73394485313,15.171140385187,0.0,      45P    991
-0.838926243825,18.975226533547,5.8750306533,-0.724899255143,         45P    992
15.211753471791,0.0,-0.822643507602,18.996123481821,                  45P    993
5.8750306533,-0.716521179871,15.252366558395,0.0,                     45P    994
-0.806360771379,19.017020430094,5.8750306533,-0.708143104599,         45P    995
15.293500076735,0.0,-0.791390862901,19.038185159912,                  45P    996
5.8750306533,-0.700440528181,15.334960647243,0.0,-0.77740602131,      45P    997
19.059518170273,5.8750306533,-0.693244805428,15.376421217751,         45P    998
0.0,-0.763421179719,19.080851180634,5.8750306533,                     45P    999
-0.686049082675,15.418215194151,0.0,-0.75042878758,                   45P   1000
19.102355740765,5.8750306533,-0.679364012192,15.460231623944,         45P   1001
0.0,-0.738218121605,19.123974761465,5.8750306533,                     45P   1002
-0.673081168986,15.502248053736,0.0,-0.72600745563,                   45P   1003
19.145593782166,5.8750306533,-0.66679832578,15.544499707221,0.0,      45P   1004
-0.714601770922,19.167333834233,5.8750306533,-0.660929675467,         45P   1005
15.586913571294,0.0,-0.703848233827,19.189157349698,                  45P   1006
5.8750306533,-0.655396579433,15.629327435367,0.0,                     45P   1007
-0.693094696732,19.210980865164,5.8750306533,-0.649863483398,         45P   1008
15.671905333271,0.0,-0.682996637002,19.232888782156,                  45P   1009
5.8750306533,-0.644667654924,15.71461175429,0.0,-0.673473498099,      45P   1010
19.254862829085,5.8750306533,-0.639767644663,15.735964964799,         45P   1011
0.0,-0.668711928648,19.26584985255,5.8750306533,-0.637317639533,      45P   1012
15.757353725507,0.0,-0.664101948735,19.276855167918,                  45P   1013
5.8750306533,-0.634945632877,15.778766419623,0.0,                     45P   1014
-0.659616127788,19.287872797917,5.8750306533,-0.63263751064,          45P   1015
15.800179113739,0.0,-0.655130306841,19.298890427917,                  45P   1016
5.8750306533,-0.630329388403,15.821617896083,0.0,                     45P   1017
-0.650773975524,19.309921481283,5.8750306533,-0.628087893412,         45P   1018
15.84308528969,0.0,-0.646552856069,19.320967256211,5.8750306533,      45P   1019
-0.625915969969,15.886020076902,0.0,-0.63811061716,                   45P   1020
19.343058806067,5.8750306533,-0.621572123082,15.929046716259,         45P   1021
0.0,-0.630154500861,19.365197617278,5.8750306533,                     45P   1022
-0.617478404415,15.972158081635,0.0,-0.622666381554,                  45P   1023
19.387380023187,5.8750306533,-0.613625487661,16.058380812386,         45P   1024
0.0,-0.607690142941,19.431744835005,5.8750306533,                     45P   1025
-0.605919654152,16.144899553762,0.0,-0.594477315308,                  45P   1026
19.476261955332,5.8750306533,-0.599121161383,16.231631018542,         45P   1027
0.0,-0.582803830962,19.520888529787,5.8750306533,                     45P   1028
-0.593114718167,16.405093948101,0.0,-0.55945686227,                   45P   1029
19.610141678698,5.8750306533,-0.581101831733,16.579327435894,         45P   1030
0.0,-0.542054190047,19.699791308568,5.8750306533,                     45P   1031
-0.572147507605,16.7538789033,0.0,-0.5292583886,19.789604550813,      45P   1032
5.8750306533,-0.565563590368,16.797516770152,0.0,                     45P   1033
-0.526059438239,19.812057861374,5.8750306533,-0.563917611059,         45P   1034
16.841175696553,0.0,-0.523151472443,19.834522007859,                  45P   1035
5.8750306533,-0.562421354165,16.88485162705,0.0,-0.520521574221,      45P   1036
19.856994903586,5.8750306533,-0.561068173412,16.928527557546,         45P   1037
0.0,-0.517891676,19.879467799312,5.8750306533,-0.55971499266,         45P   1038
16.972220492138,0.0,-0.515539845353,19.90194944428,5.8750306533,      45P   1039
-0.558504888048,17.01592637537,0.0,-0.51345316529,                    45P   1040
19.924437751806,5.8750306533,-0.557431213305,17.103338141834,         45P   1041
0.0,-0.509279805164,19.96941436686,5.8750306533,-0.555283863818,      45P   1042
17.190797557656,0.0,-0.506152525142,20.014415499285,                  45P   1043
5.8750306533,-0.553674761572,17.278284152433,0.0,                     45P   1044
-0.504003494642,20.059430616297,5.8750306533,-0.552569005203,         45P   1045
17.322027449822,0.0,-0.502928979392,20.081938174802,                  45P   1046
5.8750306533,-0.552016127018,17.365773272667,0.0,                     45P   1047
-0.502084039086,20.10444703275,5.8750306533,-0.551581373707,          45P   1048
17.409524172004,0.0,-0.501477867858,20.126958502742,                  45P   1049
5.8750306533,-0.551269475995,17.453275071342,0.0,                     45P   1050
-0.500871696629,20.149469972734,5.8750306533,-0.550957578282,         45P   1051
17.497031769653,0.0,-0.500506660386,20.171984426515,                  45P   1052
5.8750306533,-0.550769753516,17.540786951375,0.0,-0.50035674289,      45P   1053
20.194498099954,5.8750306533,-0.550692615371,17.584542133097,         45P   1054
0.0,-0.500206825393,20.217011773393,5.8750306533,                     45P   1055
-0.550615477226,17.628295449652,0.0,-0.500270896483,                  45P   1056
20.239524487134,5.8750306533,-0.550648444192,17.672050649603,         45P   1057
0.0,-0.500562327239,20.262038169952,5.8750306533,                     45P   1058
-0.550798396189,17.715805849554,0.0,-0.500853757995,                  45P   1059
20.28455185277,5.8750306533,-0.550948348186,17.759560530013,0.0,      45P   1060
-0.501363786053,20.30706526829,5.8750306533,-0.55121077665,           45P   1061
17.803308607786,0.0,-0.502069968997,20.329575286483,                  45P   1062
5.8750306533,-0.551574134121,17.84705668556,0.0,-0.502776151941,      45P   1063
20.352085304675,5.8750306533,-0.551937491593,17.89080273215,0.0,      45P   1064
-0.503705793897,20.374594277748,5.8750306533,-0.552415827063,         45P   1065
17.934544424686,0.0,-0.504834140446,20.397101010497,                  45P   1066
5.8750306533,-0.552996403459,17.978286117221,0.0,                     45P   1067
-0.505962486996,20.419607743246,5.8750306533,-0.553576979856,         45P   1068
18.022021940115,0.0,-0.50727013682,20.442111455845,5.8750306533,      45P   1069
-0.554249814477,18.065750331458,0.0,-0.508772205309,                  45P   1070
20.464611344635,5.8750306533,-0.555022684755,18.1094787228,0.0,       45P   1071
-0.510274273797,20.487111233424,5.8750306533,-0.555795555032,         45P   1072
18.153201385168,0.0,-0.51199406744,20.509608174441,5.8750306533,      45P   1073
-0.556680453024,18.196917505891,0.0,-0.513858804588,                  45P   1074
20.532101749539,5.8750306533,-0.557639929857,18.240633626615,         45P   1075
0.0,-0.515723541736,20.554595324637,5.8750306533,                     45P   1076
-0.558599406691,18.284342786883,0.0,-0.51771038644,                   45P   1077
20.577085318321,5.8750306533,-0.559621712417,18.328045948403,         45P   1078
0.0,-0.51983870677,20.599572225425,5.8750306533,-0.560716812631,      45P   1079
18.371749109922,0.0,-0.521967027099,20.622059132529,                  45P   1080
5.8750306533,-0.561811912845,18.415446097775,0.0,-0.52424225993,      45P   1081
20.644542863051,5.8750306533,-0.562982605023,18.459135354139,         45P   1082
0.0,-0.526645355933,20.667022615433,5.8750306533,                     45P   1083
-0.564219087572,18.502824610502,0.0,-0.529048451936,                  45P   1084
20.689502367815,5.8750306533,-0.565455570122,18.546505688104,         45P   1085
0.0,-0.531573999285,20.71197791192,5.8750306533,-0.566755058457,      45P   1086
18.590179832006,0.0,-0.534235830089,20.734449888376,                  45P   1087
5.8750306533,-0.568124669715,18.677528119808,0.0,                     45P   1088
-0.539559491698,20.77939384129,5.8750306533,-0.570863892231,          45P   1089
18.764844677527,0.0,-0.545388551773,20.824321467892,                  45P   1090
5.8750306533,-0.573863161114,18.85212720281,0.0,-0.551701880799,      45P   1091
20.869231583535,5.8750306533,-0.577111604438,19.026692253375,         45P   1092
0.0,-0.564328538849,20.959051814821,5.8750306533,                     45P   1093
-0.583608491088,19.201116871907,0.0,-0.578843388185,                  45P   1094
21.048799788588,5.8750306533,-0.591076922599,19.375384782008,         45P   1095
0.0,-0.59506357861,21.138467130019,5.8750306533,-0.599422815725,      45P   1096
19.549652692108,0.0,-0.611283769035,21.228134471451,                  45P   1097
5.8750306533,-0.607768708851,19.723761415482,0.0,-0.62917705433,      45P   1098
21.317719905373,5.8750306533,-0.616975471707,19.897699652439,         45P   1099
0.0,-0.648610236609,21.407217617672,5.8750306533,                     45P   1100
-0.626974569014,20.071637889396,0.0,-0.668043418888,                  45P   1101
21.496715329972,5.8750306533,-0.636973666321,20.245404862,0.0,        45P   1102
-0.689002881512,21.586124920372,5.8750306533,-0.647758091808,         45P   1103
20.41898798914,0.0,-0.711371235501,21.675439915422,5.8750306533,      45P   1104
-0.659267444467,20.59257111628,0.0,-0.73373958949,                    45P   1105
21.764754910473,5.8750306533,-0.670776797125,20.765972518376,         45P   1106
0.0,-0.757532321616,21.853976401208,5.8750306533,                     45P   1107
-0.683019045476,20.93917863806,0.0,-0.782665000093,                   45P   1108
21.943097411856,5.8750306533,-0.695950746217,21.285590877429,         45P   1109
0.0,-0.832930357047,22.121339433154,5.8750306533,                     45P   1110
-0.721814147698,21.631226015126,0.0,-0.888529412158,                  45P   1111
22.299181606649,5.8750306533,-0.750421935873,21.975947827339,         45P   1112
0.0,-0.949310358917,22.476553840107,5.8750306533,-0.78169600063,      45P   1113
22.320669639552,0.0,-1.010091305676,22.653926073565,                  45P   1114
5.8750306533,-0.812970065388,22.664479473755,0.0,                     45P   1115
-1.076057297815,22.830829060312,5.8750306533,-0.846912029439,         45P   1116
23.007141411513,0.0,-1.147540983607,23.007141411513,                  45P   1117
5.8750306533,-0.883693052733,0.0,1.0,0.0,41.0,,1,47;                  45P   1118
406,1,35HSurf_ABTTPPFWAX, Wing, 0, 10, upper;                         47P   1119
128,1,123,1,3,0,0,1,0,0,0.0,0.0,1.0,1.0,0.0,0.0,0.0,0.0,1.0,1.0,      49P   1120
1.0,2.0,2.0,2.0,3.0,3.0,3.0,4.0,4.0,4.0,5.0,5.0,5.0,6.0,6.0,6.0,      49P   1121
7.0,7.0,7.0,8.0,8.0,8.0,9.0,9.0,9.0,10.0,10.0,10.0,11.0,11.0,         49P   1122
11.0,12.0,12.0,12.0,13.0,13.0,13.0,14.0,14.0,14.0,15.0,15.0,          49P   1123
15.0,16.0,16.0,16.0,17.0,17.0,17.0,18.0,18.0,18.0,19.0,19.0,          49P   1124
19.0,20.0,20.0,20.0,21.0,21.0,21.0,22.0,22.0,22.0,23.0,23.0,          49P   1125
23.0,24.0,24.0,24.0,25.0,25.0,25.0,26.0,26.0,26.0,27.0,27.0,          49P   1126
27.0,28.0,28.0,28.0,29.0,29.0,29.0,30.0,30.0,30.0,31.0,31.0,          49P   1127
31.0,32.0,32.0,32.0,33.0,33.0,33.0,34.0,34.0,34.0,35.0,35.0,          49P   1128
35.0,36.0,36.0,36.0,37.0,37.0,37.0,38.0,38.0,38.0,39.0,39.0,          49P   1129
39.0,40.0,40.0,40.0,41.0,41.0,41.0,41.0,1.0,1.0,1.0,1.0,1.0,1.0,      49P   1130
1.0,1.0,1.0,1.0,1.0,1.0,1.0,1.0,1.0,1.0,1.0,1.0,1.0,1.0,1.0,1.0,      49P   1131
1.0,1.0,1.0,1.0,1.0,1.0,1.0,1.0,1.0,1.0,1.0,1.0,1.0,1.0,1.0,1.0,      49P   1132
1.0,1.0,1.0,1.0,1.0,1.0,1.0,1.0,1.0,1.0,1.0,1.0,1.0,1.0,1.0,1.0,      49P   1133
1.0,1.0,1.0,1.0,1.0,1.0,1.0,1.0,1.0,1.0,1.0,1.0,1.0,1.0,1.0,1.0,      49P   1134
1.0,1.0,1.0,1.0,1.0,1.0,1.0,1.0,1.0,1.0,1.0,1.0,1.0,1.0,1.0,1.0,      49P   1135
1.0,1.0,1.0,1.0,1.0,1.0,1.0,1.0,1.0,1.0,1.0,1.0,1.0,1.0,1.0,1.0,      49P   1136
1.0,1.0,1.0,1.0,1.0,1.0,1.0,1.0,1.0,1.0,1.0,1.0,1.0,1.0,1.0,1.0,      49P   1137
1.0,1.0,1.0,1.0,1.0,1.0,1.0,1.0,1.0,1.0,1.0,1.0,1.0,1.0,1.0,1.0,      49P   1138
1.0,1.0,1.0,1.0,1.0,1.0,1.0,1.0,1.0,1.0,1.0,1.0,1.0,1.0,1.0,1.0,      49P   1139
1.0,1.0,1.0,1.0,1.0,1.0,1.0,1.0,1.0,1.0,1.0,1.0,1.0,1.0,1.0,1.0,      49P   1140
1.0,1.0,1.0,1.0,1.0,1.0,1.0,1.0,1.0,1.0,1.0,1.0,1.0,1.0,1.0,1.0,      49P   1141
1.0,1.0,1.0,1.0,1.0,1.0,1.0,1.0,1.0,1.0,1.0,1.0,1.0,1.0,1.0,1.0,      49P   1142
1.0,1.0,1.0,1.0,1.0,1.0,1.0,1.0,1.0,1.0,1.0,1.0,1.0,1.0,1.0,1.0,      49P   1143
1.0,1.0,1.0,1.0,1.0,1.0,1.0,1.0,1.0,1.0,1.0,1.0,1.0,1.0,1.0,1.0,      49P   1144
1.0,1.0,1.0,1.0,1.0,1.0,1.0,1.0,1.0,1.0,1.0,1.0,1.0,1.0,1.0,1.0,      49P   1145
1.0,1.0,23.007141411513,5.8750306533,-0.883693052733,                 49P   1146
26.786926046309,18.412029084383,0.386610752108,22.830053167409,       49P   1147
5.8750306533,-0.896559289621,26.724413860984,18.412029084383,         49P   1148
0.382068967932,22.65294237899,5.8750306533,-0.909113632825,           49P   1149
26.661893717511,18.412029084383,0.377637282289,22.47582215413,        49P   1150
5.8750306533,-0.921531862696,26.599370242973,18.412029084383,         49P   1151
0.373253644679,22.29870192927,5.8750306533,-0.933950092566,           49P   1152
26.536846768435,18.412029084383,0.36887000707,22.121572270934,        49P   1153
5.8750306533,-0.946234218389,26.474319963878,18.412029084383,         49P   1154
0.364533708216,21.944428727853,5.8750306533,-0.958315318287,          49P   1155
26.411788258003,18.412029084383,0.360269077553,21.855856956313,       49P   1156
5.8750306533,-0.964355868237,26.380522405066,18.412029084383,         49P   1157
0.358136762222,21.767281437376,5.8750306533,-0.970341774171,          49P   1158
26.349255229297,18.412029084383,0.356023736238,21.678699727075,       49P   1159
5.8750306533,-0.976234707621,26.317985867975,18.412029084383,         49P   1160
0.353943529561,21.590118016774,5.8750306533,-0.982127641071,          49P   1161
26.286716506653,18.412029084383,0.351863322883,21.50153030758,        49P   1162
5.8750306533,-0.987930966717,26.255445027721,18.412029084383,         49P   1163
0.349814747778,21.412933145497,5.8750306533,-0.993587126059,          49P   1164
26.224170211917,18.412029084383,0.347818122407,21.324335983414,       49P   1165
5.8750306533,-0.999243285402,26.192895396113,18.412029084383,         49P   1166
0.345821497036,21.23572935745,5.8750306533,-1.004757520973,           49P   1167
26.161617239557,18.412029084383,0.343874970785,21.147109045117,       49P   1168
5.8750306533,-1.010038579477,26.13033425171,18.412029084383,          49P   1169
0.342010756085,21.058488732783,5.8750306533,-1.015319637981,          49P   1170
26.099051263863,18.412029084383,0.340146541385,20.969854734079,       49P   1171
5.8750306533,-1.020367519416,26.067763444725,18.412029084383,         49P   1172
0.338364638236,20.881202826514,5.8750306533,-1.025090970489,          49P   1173
26.036469303755,18.412029084383,0.336697259069,20.836876872731,       49P   1174
5.8750306533,-1.027452696025,26.02082223327,18.412029084383,          49P   1175
0.335863569486,20.792546255274,5.8750306533,-1.029727135636,          49P   1176
26.005173516506,18.412029084383,0.335060691852,20.74821065463,        49P   1177
5.8750306533,-1.031899246345,25.989523040678,18.412029084383,         49P   1178
0.33429393634,20.726042854309,5.8750306533,-1.0329853017,             49P   1179
25.981697802763,18.412029084383,0.333910558585,20.703873808191,       49P   1180
5.8750306533,-1.034045774829,25.973872125083,18.412029084383,         49P   1181
0.33353621136,20.681703476338,5.8750306533,-1.03507878536,            49P   1182
25.966045993537,18.412029084383,0.333171558437,20.659533144485,       49P   1183
5.8750306533,-1.036111795891,25.958219861992,18.412029084383,         49P   1184
0.332806905514,20.637361526897,5.8750306533,-1.037117343825,          49P   1185
25.950393276582,18.412029084383,0.332451946894,20.615188583635,       49P   1186
5.8750306533,-1.038093548788,25.942566223208,18.412029084383,         49P   1187
0.332107346348,20.593015640373,5.8750306533,-1.039069753751,          49P   1188
25.934739169835,18.412029084383,0.331762745803,20.570841486977,       49P   1189
5.8750306533,-1.040015518294,25.926911689284,18.412029084383,         49P   1190
0.331428890731,20.548665622178,5.8750306533,-1.040921598241,          49P   1191
25.919083604608,18.412029084383,0.33110904433,20.526489757379,        49P   1192
5.8750306533,-1.041827678188,25.911255519931,18.412029084383,         49P   1193
0.330789197929,20.504312381643,5.8750306533,-1.042698639566,          49P   1194
25.903426901893,18.412029084383,0.33048174839,20.482134464457,        49P   1195
5.8750306533,-1.04355443017,25.895598092724,18.412029084383,          49P   1196
0.330179654136,20.459956547271,5.8750306533,-1.044410220774,          49P   1197
25.887769283554,18.412029084383,0.329877559883,20.437778148352,       49P   1198
5.8750306533,-1.045253101691,25.879940304333,18.412029084383,         49P   1199
0.329580022753,20.415599118376,5.8750306533,-1.046078574947,          49P   1200
25.872111102349,18.412029084383,0.329288630529,20.393420088401,       49P   1201
5.8750306533,-1.046904048204,25.864281900364,18.412029084383,         49P   1202
0.328997238306,20.37124042737,5.8750306533,-1.047712113801,           49P   1203
25.856452475617,18.412029084383,0.328711990989,20.34905998596,        49P   1204
5.8750306533,-1.048498273767,25.848622775396,18.412029084383,         49P   1205
0.328434476365,20.32687954455,5.8750306533,-1.049284433733,           49P   1206
25.840793075175,18.412029084383,0.328156961741,20.304698529423,       49P   1207
5.8750306533,-1.050055369892,25.832963172432,18.412029084383,         49P   1208
0.327884821124,20.282516759056,5.8750306533,-1.050803728837,          49P   1209
25.825133003088,18.412029084383,0.327620650268,20.260334988688,       49P   1210
5.8750306533,-1.051552087782,25.817302833745,18.412029084383,         49P   1211
0.327356479412,20.238152463081,5.8750306533,-1.052277869513,          49P   1212
25.809472397802,18.412029084383,0.327100278317,20.21596900071,        49P   1213
5.8750306533,-1.052973720624,25.801641631181,18.412029084383,         49P   1214
0.326854642736,20.193785538338,5.8750306533,-1.053669571734,          49P   1215
25.79381086456,18.412029084383,0.326609007156,20.171601304842,        49P   1216
5.8750306533,-1.054344569933,25.785979825732,18.412029084383,         49P   1217
0.326370732658,20.149416130475,5.8750306533,-1.054984534476,          49P   1218
25.778148454776,18.412029084383,0.326144825047,20.127230956107,       49P   1219
5.8750306533,-1.05562449902,25.77031708382,18.412029084383,           49P   1220
0.325918917436,20.105044797894,5.8750306533,-1.056226019921,          49P   1221
25.762485365566,18.412029084383,0.325706580439,20.082857715793,       49P   1222
5.8750306533,-1.056798002848,25.75465332118,18.412029084383,          49P   1223
0.325504670352,20.038483551591,5.8750306533,-1.057941968702,          49P   1224
25.738989232407,18.412029084383,0.325100850178,19.994105545087,       49P   1225
5.8750306533,-1.058932650502,25.723323787301,18.412029084383,         49P   1226
0.324751139306,19.949723894872,5.8750306533,-1.059735280742,          49P   1227
25.707657055964,18.412029084383,0.324467810672,19.927533069764,       49P   1228
5.8750306533,-1.060136595862,25.699823690296,18.412029084383,         49P   1229
0.324326146355,19.905341485845,5.8750306533,-1.060481071636,          49P   1230
25.691990056767,18.412029084383,0.324204546339,19.883148956482,       49P   1231
5.8750306533,-1.060777980486,25.684156089496,18.412029084383,         49P   1232
0.324099737456,19.860956427119,5.8750306533,-1.061074889335,          49P   1233
25.676322122225,18.412029084383,0.323994928573,19.838763224116,       49P   1234
5.8750306533,-1.061315214282,25.668487917159,18.412029084383,         49P   1235
0.323910093819,19.816569572228,5.8750306533,-1.06148741508,           49P   1236
25.660653553637,18.412029084383,0.323849306903,19.727794964673,       49P   1237
5.8750306533,-1.06217621827,25.629316099546,18.412029084383,          49P   1238
0.32360615924,19.639007343229,5.8750306533,-1.061891021623,           49P   1239
25.59797405155,18.412029084383,0.323706833713,19.550251246346,        49P   1240
5.8750306533,-1.059884767267,25.56664313173,18.412029084383,          49P   1241
0.324415041899,19.505873197905,5.8750306533,-1.05888164009,           49P   1242
25.55097767182,18.412029084383,0.324769145992,19.461506093271,        49P   1243
5.8750306533,-1.057423675068,25.535316075076,18.412029084383,         49P   1244
0.325283807934,19.41716329916,5.8750306533,-1.055385529328,           49P   1245
25.519663059952,18.412029084383,0.326003273785,19.394991902104,       49P   1246
5.8750306533,-1.054366456458,25.51183655239,18.412029084383,          49P   1247
0.32636300671,19.372828528229,5.8750306533,-1.053188541255,           49P   1248
25.504012877012,18.412029084383,0.326778811011,19.350674601543,       49P   1249
5.8750306533,-1.051841066598,25.496192536493,18.412029084383,         49P   1250
0.327254469832,19.339597638199,5.8750306533,-1.05116732927,           49P   1251
25.492282366234,18.412029084383,0.327492299243,19.328524180139,       49P   1252
5.8750306533,-1.050444087862,25.488373433341,18.412029084383,         49P   1253
0.327747603603,19.317453719659,5.8750306533,-1.049673865945,          49P   1254
25.484465558593,18.412029084383,0.328019492093,19.306383259179,       49P   1255
5.8750306533,-1.048903644028,25.480557683846,18.412029084383,         49P   1256
0.328291380583,19.295315299636,5.8750306533,-1.0480897249,            49P   1257
25.47665069193,18.412029084383,0.328578694196,19.284252426181,        49P   1258
5.8750306533,-1.047217098558,25.472745495404,18.412029084383,         49P   1259
0.328886731469,19.262126679271,5.8750306533,-1.045471845872,          49P   1260
25.464935102353,18.412029084383,0.329502806013,19.240018159184,       49P   1261
5.8750306533,-1.043508603172,25.457130790373,18.412029084383,         49P   1262
0.330195831076,19.217935157893,5.8750306533,-1.041284137061,          49P   1263
25.449335486533,18.412029084383,0.330981068055,19.195852156603,       49P   1264
5.8750306533,-1.03905967095,25.441540182694,18.412029084383,          49P   1265
0.331766305033,19.173794231473,5.8750306533,-1.036575171796,          49P   1266
25.433753730744,18.412029084383,0.332643333728,19.151781246876,       49P   1267
5.8750306533,-1.03374477555,25.425983142811,18.412029084383,          49P   1268
0.333642464165,19.129768262278,5.8750306533,-1.030914379304,          49P   1269
25.418212554878,18.412029084383,0.334641594601,19.107794950667,       49P   1270
5.8750306533,-1.027756377891,25.410455971517,18.412029084383,         49P   1271
0.335756369727,19.085896276072,5.8750306533,-1.024145253746,          49P   1272
25.402725735037,18.412029084383,0.337031097267,19.063997601477,       49P   1273
5.8750306533,-1.020534129602,25.394995498558,18.412029084383,         49P   1274
0.338305824807,19.04216983845,5.8750306533,-1.016479278014,           49P   1275
25.387290293876,18.412029084383,0.339737188223,19.020473716055,       49P   1276
5.8750306533,-1.011799353425,25.379631558364,18.412029084383,         49P   1277
0.341389202532,18.99877759366,5.8750306533,-1.007119428836,           49P   1278
25.371972822851,18.412029084383,0.343041216841,18.977211768002,       49P   1279
5.8750306533,-1.001813270474,25.364360082112,18.412029084383,         49P   1280
0.344914291796,18.955917570257,5.8750306533,-0.995550381794,          49P   1281
25.356843226081,18.412029084383,0.347125092743,18.945270471385,       49P   1282
5.8750306533,-0.992418937454,25.353084798065,18.412029084383,         49P   1283
0.348230493217,18.934698802514,5.8750306533,-0.989034099184,          49P   1284
25.349352996855,18.412029084383,0.349425341798,18.924235023846,       49P   1285
5.8750306533,-0.985335481525,25.345659280908,18.412029084383,         49P   1286
0.350730954566,18.919003134512,5.8750306533,-0.983486172696,          49P   1287
25.343812422935,18.412029084383,0.35138376095,18.913799263434,        49P   1288
5.8750306533,-0.98155598831,25.341975455411,18.412029084383,          49P   1289
0.352065116421,18.908633656198,5.8750306533,-0.979529688187,          49P   1290
25.340151995031,18.412029084383,0.352780400767,18.903468048962,       49P   1291
5.8750306533,-0.977503388063,25.338328534651,18.412029084383,         49P   1292
0.353495685113,18.898340705567,5.8750306533,-0.975380972201,          49P   1293
25.336518581415,18.412029084383,0.354244898334,18.8932618716,         49P   1294
5.8750306533,-0.97314720042,25.334725752016,18.412029084383,          49P   1295
0.355033420216,18.883104203667,5.8750306533,-0.968679656857,          49P   1296
25.331140093219,18.412029084383,0.356610463981,18.87312908898,        49P   1297
5.8750306533,-0.963777951415,25.327618875755,18.412029084383,         49P   1298
0.358340766974,18.863511677554,5.8750306533,-0.958238581069,          49P   1299
25.324223927612,18.412029084383,0.360296165806,18.85870297184,        49P   1300
5.8750306533,-0.955468895896,25.32252645354,18.412029084383,          49P   1301
0.361273865222,18.853987998026,5.8750306533,-0.952535860861,          49P   1302
25.320862066848,18.412029084383,0.362309227172,18.849406050632,       49P   1303
5.8750306533,-0.949406364283,25.319244638508,18.412029084383,         49P   1304
0.363413940085,18.844824103237,5.8750306533,-0.946276867704,          49P   1305
25.317627210168,18.412029084383,0.364518652999,18.840375263906,       49P   1306
5.8750306533,-0.942949583747,25.316056769001,18.412029084383,         49P   1307
0.365693184896,18.836123891886,5.8750306533,-0.939382993598,          49P   1308
25.314556033834,18.412029084383,0.366952191927,18.831872519866,       49P   1309
5.8750306533,-0.935816403449,25.313055298667,18.412029084383,         49P   1310
0.368211198958,18.827822431718,5.8750306533,-0.932006876367,          49P   1311
25.311625616747,18.412029084383,0.369555962774,18.824074722133,       49P   1312
5.8750306533,-0.92791444009,25.310302674519,18.412029084383,          49P   1313
0.371000593592,18.820327012549,5.8750306533,-0.923822003813,          49P   1314
25.308979732292,18.412029084383,0.37244522441,18.81688426964,         49P   1315
5.8750306533,-0.919442773667,25.307764443362,18.412029084383,         49P   1316
0.373991093521,18.813902299099,5.8750306533,-0.914763890052,          49P   1317
25.306711807169,18.412029084383,0.375642740366,18.810920328558,       49P   1318
5.8750306533,-0.910085006437,25.305659170976,18.412029084383,         49P   1319
0.377294387211,18.808400805763,5.8750306533,-0.905102467234,          49P   1320
25.304769778929,18.412029084383,0.379053224539,18.806511980705,       49P   1321
5.8750306533,-0.899885247474,25.304103023309,18.412029084383,         49P   1322
0.38089490415,18.805567568176,5.8750306533,-0.897276637593,           49P   1323
25.303769645498,18.412029084383,0.381815743956,18.804779382056,       49P   1324
5.8750306533,-0.894609609914,25.303491415641,18.412029084383,         49P   1325
0.382757205256,18.804161310237,5.8750306533,-0.891905474288,          49P   1326
25.303273236166,18.412029084383,0.383711765669,18.803543238418,       49P   1327
5.8750306533,-0.889201338662,25.303055056692,18.412029084383,         49P   1328
0.384666326082,18.803093249829,5.8750306533,-0.886469123666,          49P   1329
25.302896210631,18.412029084383,0.385630798518,18.802818041914,       49P   1330
5.8750306533,-0.883693052733,25.302799062182,18.412029084383,         49P   1331
0.386610752108,0.0,1.0,0.0,41.0,,1,51;                                49P   1332
406,1,35HSurf_ABTTPPFWAX, Wing, 0, 13, lower;                         51P   1333
128,1,123,1,3,0,0,1,0,0,0.0,0.0,1.0,1.0,0.0,0.0,0.0,0.0,1.0,1.0,      53P   1334
1.0,2.0,2.0,2.0,3.0,3.0,3.0,4.0,4.0,4.0,5.0,5.0,5.0,6.0,6.0,6.0,      53P   1335
7.0,7.0,7.0,8.0,8.0,8.0,9.0,9.0,9.0,10.0,10.0,10.0,11.0,11.0,         53P   1336
11.0,12.0,12.0,12.0,13.0,13.0,13.0,14.0,14.0,14.0,15.0,15.0,          53P   1337
15.0,16.0,16.0,16.0,17.0,17.0,17.0,18.0,18.0,18.0,19.0,19.0,          53P   1338
19.0,20.0,20.0,20.0,21.0,21.0,21.0,22.0,22.0,22.0,23.0,23.0,          53P   1339
23.0,24.0,24.0,24.0,25.0,25.0,25.0,26.0,26.0,26.0,27.0,27.0,          53P   1340
27.0,28.0,28.0,28.0,29.0,29.0,29.0,30.0,30.0,30.0,31.0,31.0,          53P   1341
31.0,32.0,32.0,32.0,33.0,33.0,33.0,34.0,34.0,34.0,35.0,35.0,          53P   1342
35.0,36.0,36.0,36.0,37.0,37.0,37.0,38.0,38.0,38.0,39.0,39.0,          53P   1343
39.0,40.0,40.0,40.0,41.0,41.0,41.0,41.0,1.0,1.0,1.0,1.0,1.0,1.0,      53P   1344
1.0,1.0,1.0,1.0,1.0,1.0,1.0,1.0,1.0,1.0,1.0,1.0,1.0,1.0,1.0,1.0,      53P   1345
1.0,1.0,1.0,1.0,1.0,1.0,1.0,1.0,1.0,1.0,1.0,1.0,1.0,1.0,1.0,1.0,      53P   1346
1.0,1.0,1.0,1.0,1.0,1.0,1.0,1.0,1.0,1.0,1.0,1.0,1.0,1.0,1.0,1.0,      53P   1347
1.0,1.0,1.0,1.0,1.0,1.0,1.0,1.0,1.0,1.0,1.0,1.0,1.0,1.0,1.0,1.0,      53P   1348
1.0,1.0,1.0,1.0,1.0,1.0,1.0,1.0,1.0,1.0,1.0,1.0,1.0,1.0,1.0,1.0,      53P   1349
1.0,1.0,1.0,1.0,1.0,1.0,1.0,1.0,1.0,1.0,1.0,1.0,1.0,1.0,1.0,1.0,      53P   1350
1.0,1.0,1.0,1.0,1.0,1.0,1.0,1.0,1.0,1.0,1.0,1.0,1.0,1.0,1.0,1.0,      53P   1351
1.0,1.0,1.0,1.0,1.0,1.0,1.0,1.0,1.0,1.0,1.0,1.0,1.0,1.0,1.0,1.0,      53P   1352
1.0,1.0,1.0,1.0,1.0,1.0,1.0,1.0,1.0,1.0,1.0,1.0,1.0,1.0,1.0,1.0,      53P   1353
1.0,1.0,1.0,1.0,1.0,1.0,1.0,1.0,1.0,1.0,1.0,1.0,1.0,1.0,1.0,1.0,      53P   1354
1.0,1.0,1.0,1.0,1.0,1.0,1.0,1.0,1.0,1.0,1.0,1.0,1.0,1.0,1.0,1.0,      53P   1355
1.0,1.0,1.0,1.0,1.0,1.0,1.0,1.0,1.0,1.0,1.0,1.0,1.0,1.0,1.0,1.0,      53P   1356
1.0,1.0,1.0,1.0,1.0,1.0,1.0,1.0,1.0,1.0,1.0,1.0,1.0,1.0,1.0,1.0,      53P   1357
1.0,1.0,1.0,1.0,1.0,1.0,1.0,1.0,1.0,1.0,1.0,1.0,1.0,1.0,1.0,1.0,      53P   1358
1.0,1.0,1.0,1.0,1.0,1.0,1.0,1.0,1.0,1.0,1.0,1.0,1.0,1.0,1.0,1.0,      53P   1359
1.0,1.0,18.802818041914,5.8750306533,-0.883693052733,                 53P   1360
25.302799062182,18.412029084383,0.386610752108,18.802542833999,       53P   1361
5.8750306533,-0.8809169818,25.302701913733,18.412029084383,           53P   1362
0.387590705699,18.802435172109,5.8750306533,-0.878070612687,          53P   1363
25.302663909065,18.412029084383,0.388595474561,18.802512167741,       53P   1364
5.8750306533,-0.875257630024,25.302691088538,18.412029084383,         53P   1365
0.389588457999,18.802589163374,5.8750306533,-0.872444647361,          53P   1366
25.302718268012,18.412029084383,0.390581441437,18.802845835976,       53P   1367
5.8750306533,-0.869635095472,25.302808873491,18.412029084383,         53P   1368
0.391573213812,18.803272246198,5.8750306533,-0.866853718725,          53P   1369
25.302959396384,18.412029084383,0.392555040356,18.804125066641,       53P   1370
5.8750306533,-0.86129096523,25.30326044217,18.412029084383,           53P   1371
0.394518693444,18.805665041029,5.8750306533,-0.85583853662,           53P   1372
25.303804053435,18.412029084383,0.396443401826,18.807732230769,       53P   1373
5.8750306533,-0.850604084288,25.304533771823,18.412029084383,         53P   1374
0.398291164538,18.80979942051,5.8750306533,-0.845369631956,           53P   1375
25.305263490212,18.412029084383,0.40013892725,18.81239433581,         53P   1376
5.8750306533,-0.840348138925,25.306179495828,18.412029084383,         53P   1377
0.401911515287,18.815349032648,5.8750306533,-0.835557952904,          53P   1378
25.307222504399,18.412029084383,0.403602451904,18.818303729486,       53P   1379
5.8750306533,-0.830767766883,25.308265512969,18.412029084383,         53P   1380
0.40529338852,18.821622059403,5.8750306533,-0.826205595235,           53P   1381
25.309436884089,18.412029084383,0.406903836017,18.825188971961,       53P   1382
5.8750306533,-0.821850576416,25.31069600493,18.412029084383,          53P   1383
0.408441158525,18.828755884519,5.8750306533,-0.817495557597,          53P   1384
25.311955125771,18.412029084383,0.409978481033,18.832565793207,       53P   1385
5.8750306533,-0.813344009832,25.313300024294,18.412029084383,         53P   1386
0.411443978218,18.83655145781,5.8750306533,-0.809369061409,           53P   1387
25.31470696469,18.412029084383,0.4128471358,18.840537122413,          53P   1388
5.8750306533,-0.805394112986,25.316113905086,18.412029084383,         53P   1389
0.414250293383,18.844692259778,5.8750306533,-0.801591852331,          53P   1390
25.317580669401,18.412029084383,0.415592492149,18.84897468186,        53P   1391
5.8750306533,-0.797938334223,25.319092365246,18.412029084383,         53P   1392
0.416882184766,18.857539526024,5.8750306533,-0.790631298008,          53P   1393
25.322115756936,18.412029084383,0.419461570001,18.866588996411,       53P   1394
5.8750306533,-0.783905610608,25.325310221779,18.412029084383,         53P   1395
0.421835738988,18.875907473419,5.8750306533,-0.777592084526,          53P   1396
25.328599646013,18.412029084383,0.424064414949,18.880566711923,       53P   1397
5.8750306533,-0.774435321485,25.33024435813,18.412029084383,          53P   1398
0.425178752929,18.8852998839,5.8750306533,-0.771386389538,            53P   1399
25.331915168778,18.412029084383,0.426255026511,18.89008933541,        53P   1400
5.8750306533,-0.768429019765,25.333605846111,18.412029084383,         53P   1401
0.427298978628,18.894878786921,5.8750306533,-0.765471649993,          53P   1402
25.335296523445,18.412029084383,0.428342930745,18.899721576375,       53P   1403
5.8750306533,-0.762602444492,25.337006029084,18.412029084383,         53P   1404
0.429355760857,18.904612061874,5.8750306533,-0.759815358326,          53P   1405
25.338732371436,18.412029084383,0.430339602826,18.914393032873,       53P   1406
5.8750306533,-0.754241185995,25.342185056141,18.412029084383,         53P   1407
0.432307286766,18.924347270796,5.8750306533,-0.748977013128,          53P   1408
25.345698904104,18.412029084383,0.434165540833,18.934428250136,       53P   1409
5.8750306533,-0.743966293129,25.349257491812,18.412029084383,         53P   1410
0.435934325987,18.954590208814,5.8750306533,-0.73394485313,           53P   1411
25.356374667228,18.412029084383,0.439471896296,18.975226533547,       53P   1412
5.8750306533,-0.724899255143,25.363659293956,18.412029084383,         53P   1413
0.442664994182,18.996123481821,5.8750306533,-0.716521179871,          53P   1414
25.371035920845,18.412029084383,0.445622456416,19.017020430094,       53P   1415
5.8750306533,-0.708143104599,25.378412547734,18.412029084383,         53P   1416
0.44857991865,19.038185159912,5.8750306533,-0.700440528181,           53P   1417
25.385883701561,18.412029084383,0.451298929655,19.059518170273,       53P   1418
5.8750306533,-0.693244805428,25.393414258454,18.412029084383,         53P   1419
0.453839021215,19.080851180634,5.8750306533,-0.686049082675,          53P   1420
25.400944815346,18.412029084383,0.456379112776,19.102355740765,       53P   1421
5.8750306533,-0.679364012192,25.408535929341,18.412029084383,         53P   1422
0.458738943983,19.123974761465,5.8750306533,-0.673081168986,          53P   1423
25.416167447941,18.412029084383,0.460956788882,19.145593782166,       53P   1424
5.8750306533,-0.66679832578,25.42379896654,18.412029084383,           53P   1425
0.463174633781,19.167333834233,5.8750306533,-0.660929675467,          53P   1426
25.431473209235,18.412029084383,0.465246268507,19.189157349698,       53P   1427
5.8750306533,-0.655396579433,25.439176914527,18.412029084383,         53P   1428
0.467199452505,19.210980865164,5.8750306533,-0.649863483398,          53P   1429
25.446880619819,18.412029084383,0.469152636504,19.232888782156,       53P   1430
5.8750306533,-0.644667654924,25.454614118866,18.412029084383,         53P   1431
0.470986764987,19.254862829085,5.8750306533,-0.639767644663,          53P   1432
25.462370961795,18.412029084383,0.472716469582,19.26584985255,        53P   1433
5.8750306533,-0.637317639533,25.466249383259,18.412029084383,         53P   1434
0.473581321879,19.276855167918,5.8750306533,-0.634945632877,          53P   1435
25.470134261769,18.412029084383,0.4744186407,19.287872797917,         53P   1436
5.8750306533,-0.63263751064,25.474023487346,18.412029084383,          53P   1437
0.475233408307,19.298890427917,5.8750306533,-0.630329388403,          53P   1438
25.477912712923,18.412029084383,0.476048175915,19.309921481283,       53P   1439
5.8750306533,-0.628087893412,25.481806676951,18.412029084383,         53P   1440
0.476839424092,19.320967256211,5.8750306533,-0.625915969969,          53P   1441
25.485705837694,18.412029084383,0.477606113499,19.343058806067,       53P   1442
5.8750306533,-0.621572123082,25.493504159179,18.412029084383,         53P   1443
0.479139492312,19.365197617278,5.8750306533,-0.617478404415,          53P   1444
25.501319163931,18.412029084383,0.480584575814,19.387380023187,       53P   1445
5.8750306533,-0.613625487661,25.509149557621,18.412029084383,         53P   1446
0.481944656193,19.431744835005,5.8750306533,-0.605919654152,          53P   1447
25.524810345,18.412029084383,0.484664816952,19.476261955332,          53P   1448
5.8750306533,-0.599121161383,25.540524897313,18.412029084383,         53P   1449
0.487064686249,19.520888529787,5.8750306533,-0.593114718167,          53P   1450
25.556278086955,18.412029084383,0.489184961897,19.610141678698,       53P   1451
5.8750306533,-0.581101831733,25.58778446624,18.412029084383,          53P   1452
0.493425513193,19.699791308568,5.8750306533,-0.572147507605,          53P   1453
25.619430803381,18.412029084383,0.496586391387,19.789604550813,       53P   1454
5.8750306533,-0.565563590368,25.651134895724,18.412029084383,         53P   1455
0.498910515479,19.812057861374,5.8750306533,-0.563917611059,          53P   1456
25.659060918809,18.412029084383,0.499491546502,19.834522007859,       53P   1457
5.8750306533,-0.562421354165,25.666990766978,18.412029084383,         53P   1458
0.500019725483,19.856994903586,5.8750306533,-0.561068173412,          53P   1459
25.674923703631,18.412029084383,0.500497398557,19.879467799312,       53P   1460
5.8750306533,-0.55971499266,25.682856640284,18.412029084383,          53P   1461
0.500975071631,19.90194944428,5.8750306533,-0.558504888048,           53P   1462
25.690792665421,18.412029084383,0.501402238799,19.924437751806,       53P   1463
5.8750306533,-0.557431213305,25.698731042442,18.412029084383,         53P   1464
0.501781246197,19.96941436686,5.8750306533,-0.555283863818,           53P   1465
25.714607796485,18.412029084383,0.502539260992,20.014415499285,       53P   1466
5.8750306533,-0.553674761572,25.730493205165,18.412029084383,         53P   1467
0.503107274404,20.059430616297,5.8750306533,-0.552569005203,          53P   1468
25.746383550406,18.412029084383,0.503497606622,20.081938174802,       53P   1469
5.8750306533,-0.552016127018,25.754328723027,18.412029084383,         53P   1470
0.503692772731,20.10444703275,5.8750306533,-0.551581373707,           53P   1471
25.762274354351,18.412029084383,0.503846240736,20.126958502742,       53P   1472
5.8750306533,-0.551269475995,25.770220907728,18.412029084383,         53P   1473
0.503956340691,20.149469972734,5.8750306533,-0.550957578282,          53P   1474
25.778167461104,18.412029084383,0.504066440645,20.171984426515,       53P   1475
5.8750306533,-0.550769753516,25.786115067758,18.412029084383,         53P   1476
0.504132742825,20.194498099954,5.8750306533,-0.550692615371,          53P   1477
25.794062398952,18.412029084383,0.504159972605,20.217011773393,       53P   1478
5.8750306533,-0.550615477226,25.802009730145,18.412029084383,         53P   1479
0.504187202386,20.239524487134,5.8750306533,-0.550648444192,          53P   1480
25.809956722565,18.412029084383,0.50417556504,20.262038169952,        53P   1481
5.8750306533,-0.550798396189,25.817904057069,18.412029084383,         53P   1482
0.504122631956,20.28455185277,5.8750306533,-0.550948348186,           53P   1483
25.825851391574,18.412029084383,0.504069698871,20.30706526829,        53P   1484
5.8750306533,-0.55121077665,25.833798631722,18.412029084383,          53P   1485
0.503977061571,20.329575286483,5.8750306533,-0.551574134121,          53P   1486
25.841744672612,18.412029084383,0.503848796311,20.352085304675,       53P   1487
5.8750306533,-0.551937491593,25.849690713503,18.412029084383,         53P   1488
0.503720531052,20.374594277748,5.8750306533,-0.552415827063,          53P   1489
25.857636385466,18.412029084383,0.503551678536,20.397101010497,       53P   1490
5.8750306533,-0.552996403459,25.865581266595,18.412029084383,         53P   1491
0.503346734953,20.419607743246,5.8750306533,-0.553576979856,          53P   1492
25.873526147723,18.412029084383,0.50314179137,20.442111455845,        53P   1493
5.8750306533,-0.554249814477,25.881469962739,18.412029084383,         53P   1494
0.502904280615,20.464611344635,5.8750306533,-0.555022684755,          53P   1495
25.889412427948,18.412029084383,0.502631457253,20.487111233424,       53P   1496
5.8750306533,-0.555795555032,25.897354893157,18.412029084383,         53P   1497
0.502358633892,20.509608174441,5.8750306533,-0.556680453024,          53P   1498
25.905296317803,18.412029084383,0.502046264725,20.532101749539,       53P   1499
5.8750306533,-0.557639929857,25.913236554278,18.412029084383,         53P   1500
0.501707569212,20.554595324637,5.8750306533,-0.558599406691,          53P   1501
25.921176790753,18.412029084383,0.5013688737,20.577085318321,         53P   1502
5.8750306533,-0.559621712417,25.929115762988,18.412029084383,         53P   1503
0.501007999575,20.599572225425,5.8750306533,-0.560716812631,          53P   1504
25.93705364566,18.412029084383,0.500621428982,20.622059132529,        53P   1505
5.8750306533,-0.561811912845,25.944991528332,18.412029084383,         53P   1506
0.500234858389,20.644542863051,5.8750306533,-0.562982605023,          53P   1507
25.95292828967,18.412029084383,0.499821603818,20.667022615433,        53P   1508
5.8750306533,-0.564219087572,25.960863646723,18.412029084383,         53P   1509
0.499385125233,20.689502367815,5.8750306533,-0.565455570122,          53P   1510
25.968799003777,18.412029084383,0.498948646648,20.71197791192,        53P   1511
5.8750306533,-0.566755058457,25.976732875308,18.412029084383,         53P   1512
0.498489927007,20.734449888376,5.8750306533,-0.568124669715,          53P   1513
25.984665487458,18.412029084383,0.498006453961,20.77939384129,        53P   1514
5.8750306533,-0.570863892231,26.000530711759,18.412029084383,         53P   1515
0.497039507869,20.824321467892,5.8750306533,-0.573863161114,          53P   1516
26.016390172869,18.412029084383,0.495980765358,20.869231583535,       53P   1517
5.8750306533,-0.577111604438,26.032243452606,18.412029084383,         53P   1518
0.49483406422,20.959051814821,5.8750306533,-0.583608491088,           53P   1519
26.063950012082,18.412029084383,0.492540661943,21.048799788588,       53P   1520
5.8750306533,-0.591076922599,26.095631064639,18.412029084383,         53P   1521
0.489904304136,21.138467130019,5.8750306533,-0.599422815725,          53P   1522
26.127283653965,18.412029084383,0.486958202206,21.228134471451,       53P   1523
5.8750306533,-0.607768708851,26.158936243292,18.412029084383,         53P   1524
0.484012100276,21.317719905373,5.8750306533,-0.616975471707,          53P   1525
26.190559919251,18.412029084383,0.48076211116,21.407217617672,        53P   1526
5.8750306533,-0.626974569014,26.22215262946,18.412029084383,          53P   1527
0.477232427826,21.496715329972,5.8750306533,-0.636973666321,          53P   1528
26.253745339669,18.412029084383,0.473702744491,21.586124920372,       53P   1529
5.8750306533,-0.647758091808,26.28530694283,18.412029084383,          53P   1530
0.469895840153,21.675439915422,5.8750306533,-0.659267444467,          53P   1531
26.316835153814,18.412029084383,0.46583303638,21.764754910473,        53P   1532
5.8750306533,-0.670776797125,26.348363364798,18.412029084383,         53P   1533
0.461770232607,21.853976401208,5.8750306533,-0.683019045476,          53P   1534
26.37985856874,18.412029084383,0.457448716508,21.943097411856,        53P   1535
5.8750306533,-0.695950746217,26.411318303192,18.412029084383,         53P   1536
0.45288382358,22.121339433154,5.8750306533,-0.721814147698,           53P   1537
26.474237772095,18.412029084383,0.443754037722,22.299181606649,       53P   1538
5.8750306533,-0.750421935873,26.537016094645,18.412029084383,         53P   1539
0.433655482817,22.476553840107,5.8750306533,-0.78169600063,           53P   1540
26.599628528268,18.412029084383,0.422615731749,22.653926073565,       53P   1541
5.8750306533,-0.812970065388,26.662240961892,18.412029084383,         53P   1542
0.411575980681,22.830829060312,5.8750306533,-0.846912029439,          53P   1543
26.724687751333,18.412029084383,0.399594460633,23.007141411513,       53P   1544
5.8750306533,-0.883693052733,26.786926046309,18.412029084383,         53P   1545
0.386610752108,0.0,1.0,0.0,41.0,,1,55;                                53P   1546
406,1,35HSurf_ABTTPPFWAX, Wing, 0, 16, upper;                         55P   1547
128,1,123,1,3,0,0,1,0,0,0.0,0.0,1.0,1.0,0.0,0.0,0.0,0.0,1.0,1.0,      57P   1548
1.0,2.0,2.0,2.0,3.0,3.0,3.0,4.0,4.0,4.0,5.0,5.0,5.0,6.0,6.0,6.0,      57P   1549
7.0,7.0,7.0,8.0,8.0,8.0,9.0,9.0,9.0,10.0,10.0,10.0,11.0,11.0,         57P   1550
11.0,12.0,12.0,12.0,13.0,13.0,13.0,14.0,14.0,14.0,15.0,15.0,          57P   1551
15.0,16.0,16.0,16.0,17.0,17.0,17.0,18.0,18.0,18.0,19.0,19.0,          57P   1552
19.0,20.0,20.0,20.0,21.0,21.0,21.0,22.0,22.0,22.0,23.0,23.0,          57P   1553
23.0,24.0,24.0,24.0,25.0,25.0,25.0,26.0,26.0,26.0,27.0,27.0,          57P   1554
27.0,28.0,28.0,28.0,29.0,29.0,29.0,30.0,30.0,30.0,31.0,31.0,          57P   1555
31.0,32.0,32.0,32.0,33.0,33.0,33.0,34.0,34.0,34.0,35.0,35.0,          57P   1556
35.0,36.0,36.0,36.0,37.0,37.0,37.0,38.0,38.0,38.0,39.0,39.0,          57P   1557
39.0,40.0,40.0,40.0,41.0,41.0,41.0,41.0,1.0,1.0,1.0,1.0,1.0,1.0,      57P   1558
1.0,1.0,1.0,1.0,1.0,1.0,1.0,1.0,1.0,1.0,1.0,1.0,1.0,1.0,1.0,1.0,      57P   1559
1.0,1.0,1.0,1.0,1.0,1.0,1.0,1.0,1.0,1.0,1.0,1.0,1.0,1.0,1.0,1.0,      57P   1560
1.0,1.0,1.0,1.0,1.0,1.0,1.0,1.0,1.0,1.0,1.0,1.0,1.0,1.0,1.0,1.0,      57P   1561
1.0,1.0,1.0,1.0,1.0,1.0,1.0,1.0,1.0,1.0,1.0,1.0,1.0,1.0,1.0,1.0,      57P   1562
1.0,1.0,1.0,1.0,1.0,1.0,1.0,1.0,1.0,1.0,1.0,1.0,1.0,1.0,1.0,1.0,      57P   1563
1.0,1.0,1.0,1.0,1.0,1.0,1.0,1.0,1.0,1.0,1.0,1.0,1.0,1.0,1.0,1.0,      57P   1564
1.0,1.0,1.0,1.0,1.0,1.0,1.0,1.0,1.0,1.0,1.0,1.0,1.0,1.0,1.0,1.0,      57P   1565
1.0,1.0,1.0,1.0,1.0,1.0,1.0,1.0,1.0,1.0,1.0,1.0,1.0,1.0,1.0,1.0,      57P   1566
1.0,1.0,1.0,1.0,1.0,1.0,1.0,1.0,1.0,1.0,1.0,1.0,1.0,1.0,1.0,1.0,      57P   1567
1.0,1.0,1.0,1.0,1.0,1.0,1.0,1.0,1.0,1.0,1.0,1.0,1.0,1.0,1.0,1.0,      57P   1568
1.0,1.0,1.0,1.0,1.0,1.0,1.0,1.0,1.0,1.0,1.0,1.0,1.0,1.0,1.0,1.0,      57P   1569
1.0,1.0,1.0,1.0,1.0,1.0,1.0,1.0,1.0,1.0,1.0,1.0,1.0,1.0,1.0,1.0,      57P   1570
1.0,1.0,1.0,1.0,1.0,1.0,1.0,1.0,1.0,1.0,1.0,1.0,1.0,1.0,1.0,1.0,      57P   1571
1.0,1.0,1.0,1.0,1.0,1.0,1.0,1.0,1.0,1.0,1.0,1.0,1.0,1.0,1.0,1.0,      57P   1572
1.0,1.0,1.0,1.0,1.0,1.0,1.0,1.0,1.0,1.0,1.0,1.0,1.0,1.0,1.0,1.0,      57P   1573
1.0,1.0,26.786926046309,18.412029084383,0.386610752108,               57P   1574
26.786926046309,18.412029084383,0.386610752108,26.724413860984,       57P   1575
18.412029084383,0.382068967932,26.724550806158,18.412029084383,       57P   1576
0.390831714282,26.661893717511,18.412029084383,0.377637282289,        57P   1577
26.662067339702,18.412029084383,0.394606631485,26.599370242973,       57P   1578
18.412029084383,0.373253644679,26.599499385621,18.412029084383,       57P   1579
0.397934688214,26.536846768435,18.412029084383,0.36887000707,         57P   1580
26.53693143154,18.412029084383,0.401262744943,26.474319963878,        57P   1581
18.412029084383,0.364533708216,26.474278867987,18.412029084383,       57P   1582
0.404143872969,26.411788258003,18.412029084383,0.360269077553,        57P   1583
26.411553280598,18.412029084383,0.406576450566,26.380522405066,       57P   1584
18.412029084383,0.358136762222,26.380190486903,18.412029084383,       57P   1585
0.407792739365,26.349255229297,18.412029084383,0.356023736238,        57P   1586
26.348809297048,18.412029084383,0.408896984423,26.317985867975,       57P   1587
18.412029084383,0.353943529561,26.317410510895,18.412029084383,       57P   1588
0.40988828297,26.286716506653,18.412029084383,0.351863322883,         57P   1589
26.286011724742,18.412029084383,0.410879581518,26.255445027721,       57P   1590
18.412029084383,0.349814747778,26.254595183695,18.412029084383,       57P   1591
0.411758746135,26.224170211917,18.412029084383,0.347818122407,        57P   1592
26.223161420688,18.412029084383,0.412525275116,26.192895396113,       57P   1593
18.412029084383,0.345821497036,26.191727657682,18.412029084383,       57P   1594
0.413291804098,26.161617239557,18.412029084383,0.343874970785,        57P   1595
26.160276741424,18.412029084383,0.413943535531,26.13033425171,        57P   1596
18.412029084383,0.342010756085,26.128808952838,18.412029084383,       57P   1597
0.414484479146,26.099051263863,18.412029084383,0.340146541385,        57P   1598
26.097341164251,18.412029084383,0.415025422761,26.067763444725,       57P   1599
18.412029084383,0.338364638236,26.065856728403,18.412029084383,       57P   1600
0.415452650089,26.036469303755,18.412029084383,0.336697259069,        57P   1601
26.034356378181,18.412029084383,0.415765661645,26.02082223327,        57P   1602
18.412029084383,0.335863569486,26.018606203069,18.412029084383,       57P   1603
0.415922167422,26.005173516506,18.412029084383,0.335060691852,        57P   1604
26.002852114133,18.412029084383,0.416050099861,25.989523040678,       57P   1605
18.412029084383,0.33429393634,25.987094264068,18.412029084383,        57P   1606
0.416150195151,25.981697802763,18.412029084383,0.333910558585,        57P   1607
25.979215339036,18.412029084383,0.416200242796,25.973872125083,       57P   1608
18.412029084383,0.33353621136,25.97133556443,18.412029084383,         57P   1609
0.416242429004,25.966045993537,18.412029084383,0.333171558437,        57P   1610
25.96345482013,18.412029084383,0.416278341835,25.958219861992,        57P   1611
18.412029084383,0.332806905514,25.955574075831,18.412029084383,       57P   1612
0.416314254666,25.950393276582,18.412029084383,0.332451946894,        57P   1613
25.947692402457,18.412029084383,0.416343402642,25.942566223208,       57P   1614
18.412029084383,0.332107346348,25.939809934434,18.412029084383,       57P   1615
0.416364387665,25.934739169835,18.412029084383,0.331762745803,        57P   1616
25.931927466411,18.412029084383,0.416385372689,25.926911689284,       57P   1617
18.412029084383,0.331428890731,25.924044240018,18.412029084383,       57P   1618
0.416398882216,25.919083604608,18.412029084383,0.33110904433,         57P   1619
25.916160079443,18.412029084383,0.416408306771,25.911255519931,       57P   1620
18.412029084383,0.330789197929,25.908275918867,18.412029084383,       57P   1621
0.416417731327,25.903426901893,18.412029084383,0.33048174839,         57P   1622
25.900390897525,18.412029084383,0.416420191141,25.895598092724,       57P   1623
18.412029084383,0.330179654136,25.892505260336,18.412029084383,       57P   1624
0.416405555695,25.887769283554,18.412029084383,0.329877559883,        57P   1625
25.884619623146,18.412029084383,0.416390920249,25.879940304333,       57P   1626
18.412029084383,0.329580022753,25.876733226028,18.412029084383,       57P   1627
0.416360907061,25.872111102349,18.412029084383,0.329288630529,        57P   1628
25.868846184472,18.412029084383,0.416317682741,25.864281900364,       57P   1629
18.412029084383,0.328997238306,25.860959142915,18.412029084383,       57P   1630
0.416274458421,25.856452475617,18.412029084383,0.328711990989,        57P   1631
25.85307159456,18.412029084383,0.416216261021,25.848622775396,        57P   1632
18.412029084383,0.328434476365,25.845183724004,18.412029084383,       57P   1633
0.416141636338,25.840793075175,18.412029084383,0.328156961741,        57P   1634
25.837295853448,18.412029084383,0.416067011656,25.832963172432,       57P   1635
18.412029084383,0.327884821124,25.829407282003,18.412029084383,       57P   1636
0.415977259997,25.825133003088,18.412029084383,0.327620650268,        57P   1637
25.821518530079,18.412029084383,0.415871641112,25.817302833745,       57P   1638
18.412029084383,0.327356479412,25.813629778155,18.412029084383,       57P   1639
0.415766022226,25.809472397802,18.412029084383,0.327100278317,        57P   1640
25.805741063973,18.412029084383,0.415643740351,25.801641631181,       57P   1641
18.412029084383,0.326854642736,25.797852015066,18.412029084383,       57P   1642
0.415507307671,25.79381086456,18.412029084383,0.326609007156,         57P   1643
25.789962966159,18.412029084383,0.415370874991,25.785979825732,       57P   1644
18.412029084383,0.326370732658,25.782073643418,18.412029084383,       57P   1645
0.415218586652,25.778148454776,18.412029084383,0.326144825047,        57P   1646
25.774184681252,18.412029084383,0.415050582869,25.77031708382,        57P   1647
18.412029084383,0.325918917436,25.766295719085,18.412029084383,       57P   1648
0.414882579086,25.762485365566,18.412029084383,0.325706580439,        57P   1649
25.758407044297,18.412029084383,0.414699676585,25.75465332118,        57P   1650
18.412029084383,0.325504670352,25.750518435793,18.412029084383,       57P   1651
0.414501138487,25.738989232407,18.412029084383,0.325100850178,        57P   1652
25.734741218786,18.412029084383,0.414104062291,25.723323787301,       57P   1653
18.412029084383,0.324751139306,25.718965791893,18.412029084383,       57P   1654
0.413645200149,25.707657055964,18.412029084383,0.324467810672,        57P   1655
25.703194049203,18.412029084383,0.413124528435,25.699823690296,       57P   1656
18.412029084383,0.324326146355,25.695308177858,18.412029084383,       57P   1657
0.412864192577,25.691990056767,18.412029084383,0.324204546339,        57P   1658
25.687423348525,18.412029084383,0.412589808985,25.684156089496,       57P   1659
18.412029084383,0.324099737456,25.679539896564,18.412029084383,       57P   1660
0.412298568006,25.676322122225,18.412029084383,0.323994928573,        57P   1661
25.671656444602,18.412029084383,0.412007327028,25.668487917159,       57P   1662
18.412029084383,0.323910093819,25.663774417984,18.412029084383,       57P   1663
0.411700820161,25.660653553637,18.412029084383,0.323849306903,        57P   1664
25.65589422468,18.412029084383,0.411379911191,25.629316099546,        57P   1665
18.412029084383,0.32360615924,25.624373451464,18.412029084383,        57P   1666
0.410096275314,25.59797405155,18.412029084383,0.323706833713,         57P   1667
25.592879258895,18.412029084383,0.408566173453,25.56664313173,        57P   1668
18.412029084383,0.324415041899,25.561460609343,18.412029084383,       57P   1669
0.406800001898,25.55097767182,18.412029084383,0.324769145992,         57P   1670
25.545751284567,18.412029084383,0.40591691612,25.535316075076,        57P   1671
18.412029084383,0.325283807934,25.530063210038,18.412029084383,       57P   1672
0.404974312443,25.519663059952,18.412029084383,0.326003273785,        57P   1673
25.514406308786,18.412029084383,0.403973964989,25.51183655239,        57P   1674
18.412029084383,0.32636300671,25.50657785816,18.412029084383,         57P   1675
0.403473791262,25.504012877012,18.412029084383,0.326778811011,        57P   1676
25.498758518095,18.412029084383,0.402959151661,25.496192536493,       57P   1677
18.412029084383,0.327254469832,25.490949187094,18.412029084383,       57P   1678
0.402430291666,25.492282366234,18.412029084383,0.327492299243,        57P   1679
25.487044521593,18.412029084383,0.402165861668,25.488373433341,       57P   1680
18.412029084383,0.327747603603,25.483143073132,18.412029084383,       57P   1681
0.401897889759,25.484465558593,18.412029084383,0.328019492093,        57P   1682
25.47924452297,18.412029084383,0.4016264502,25.480557683846,          57P   1683
18.412029084383,0.328291380583,25.475345972807,18.412029084383,       57P   1684
0.401355010641,25.47665069193,18.412029084383,0.328578694196,         57P   1685
25.471450037595,18.412029084383,0.401080008038,25.472745495404,       57P   1686
18.412029084383,0.328886731469,25.4675582286,18.412029084383,         57P   1687
0.400801600525,25.464935102353,18.412029084383,0.329502806013,        57P   1688
25.459774610609,18.412029084383,0.4002447855,25.457130790373,         57P   1689
18.412029084383,0.330195831076,25.452005705096,18.412029084383,       57P   1690
0.39967423379,25.449335486533,18.412029084383,0.330981068055,         57P   1691
25.44425620053,18.412029084383,0.39909026028,25.441540182694,         57P   1692
18.412029084383,0.331766305033,25.436506695965,18.412029084383,       57P   1693
0.39850628677,25.433753730744,18.412029084383,0.332643333728,         57P   1694
25.428776348642,18.412029084383,0.397908983755,25.425983142811,       57P   1695
18.412029084383,0.333642464165,25.421075295376,18.412029084383,       57P   1696
0.397299626524,25.418212554878,18.412029084383,0.334641594601,        57P   1697
25.41337424211,18.412029084383,0.396690269292,25.410455971517,        57P   1698
18.412029084383,0.335756369727,25.405700393432,18.412029084383,       57P   1699
0.396067741251,25.402725735037,18.412029084383,0.337031097267,        57P   1700
25.398069996746,18.412029084383,0.395435059241,25.394995498558,       57P   1701
18.412029084383,0.338305824807,25.39043960006,18.412029084383,        57P   1702
0.394802377231,25.387290293876,18.412029084383,0.339737188223,        57P   1703
25.382851420805,18.412029084383,0.394158553436,25.379631558364,       57P   1704
18.412029084383,0.341389202532,25.375333739604,18.412029084383,       57P   1705
0.393505829474,25.371972822851,18.412029084383,0.343041216841,        57P   1706
25.367816058403,18.412029084383,0.392853105511,25.364360082112,       57P   1707
18.412029084383,0.344914291796,25.36036737467,18.412029084383,        57P   1708
0.392193094046,25.356843226081,18.412029084383,0.347125092743,        57P   1709
25.353050358946,18.412029084383,0.391529709365,25.353084798065,       57P   1710
18.412029084383,0.348230493217,25.349391851085,18.412029084383,       57P   1711
0.391198017025,25.349352996855,18.412029084383,0.349425341798,        57P   1712
25.345769026498,18.412029084383,0.390866314282,25.345659280908,       57P   1713
18.412029084383,0.350730954566,25.342195826172,18.412029084383,       57P   1714
0.390535278696,25.343812422935,18.412029084383,0.35138376095,         57P   1715
25.340409226009,18.412029084383,0.390369760903,25.341975455411,       57P   1716
18.412029084383,0.352065116421,25.338635989428,18.412029084383,       57P   1717
0.390204023583,25.340151995031,18.412029084383,0.352780400767,        57P   1718
25.336878920571,18.412029084383,0.390039689698,25.338328534651,       57P   1719
18.412029084383,0.353495685113,25.335121851714,18.412029084383,       57P   1720
0.389875355812,25.336518581415,18.412029084383,0.354244898334,        57P   1721
25.333381469772,18.412029084383,0.389711825631,25.334725752016,       57P   1722
18.412029084383,0.355033420216,25.331662699015,18.412029084383,       57P   1723
0.389548917582,25.331140093219,18.412029084383,0.356610463981,        57P   1724
25.328225157499,18.412029084383,0.389223101484,25.327618875755,       57P   1725
18.412029084383,0.358340766974,25.324867316345,18.412029084383,       57P   1726
0.388901168488,25.324223927612,18.412029084383,0.360296165806,        57P   1727
25.321658146429,18.412029084383,0.388589175286,25.32252645354,        57P   1728
18.412029084383,0.361273865222,25.320053561471,18.412029084383,       57P   1729
0.388433178686,25.320862066848,18.412029084383,0.362309227172,        57P   1730
25.318487985967,18.412029084383,0.388279760277,25.319244638508,       57P   1731
18.412029084383,0.363413940085,25.316975801599,18.412029084383,       57P   1732
0.388130537943,25.317627210168,18.412029084383,0.364518652999,        57P   1733
25.315463617231,18.412029084383,0.387981315608,25.316056769001,       57P   1734
18.412029084383,0.365693184896,25.314005947386,18.412029084383,       57P   1735
0.387835832964,25.314556033834,18.412029084383,0.366952191927,        57P   1736
25.312626019382,18.412029084383,0.387696675226,25.313055298667,       57P   1737
18.412029084383,0.368211198958,25.311246091378,18.412029084383,       57P   1738
0.387557517487,25.311625616747,18.412029084383,0.369555962774,        57P   1739
25.309945564858,18.412029084383,0.387424675647,25.310302674519,       57P   1740
18.412029084383,0.371000593592,25.308762589459,18.412029084383,       57P   1741
0.387301522748,25.308979732292,18.412029084383,0.37244522441,         57P   1742
25.30757961406,18.412029084383,0.387178369849,25.307764443362,        57P   1743
18.412029084383,0.373991093521,25.306513966787,18.412029084383,       57P   1744
0.387065010386,25.306711807169,18.412029084383,0.375642740366,        57P   1745
25.305622789496,18.412029084383,0.386966952452,25.305659170976,       57P   1746
18.412029084383,0.377294387211,25.304731612205,18.412029084383,       57P   1747
0.386868894518,25.304769778929,18.412029084383,0.379053224539,        57P   1748
25.304015110549,18.412029084383,0.386785958991,25.304103023309,       57P   1749
18.412029084383,0.38089490415,25.303531209846,18.412029084383,        57P   1750
0.386724972253,25.303769645498,18.412029084383,0.381815743956,        57P   1751
25.303289259495,18.412029084383,0.386694478884,25.303491415641,       57P   1752
18.412029084383,0.382757205256,25.303104841826,18.412029084383,       57P   1753
0.386669323347,25.303273236166,18.412029084383,0.383711765669,        57P   1754
25.302982162352,18.412029084383,0.386650111834,25.303055056692,       57P   1755
18.412029084383,0.384666326082,25.302859482878,18.412029084383,       57P   1756
0.386630900321,25.302896210631,18.412029084383,0.385630798518,        57P   1757
25.302799062182,18.412029084383,0.386610752108,25.302799062182,       57P   1758
18.412029084383,0.386610752108,25.302799062182,18.412029084383,       57P   1759
0.386610752108,0.0,1.0,0.0,41.0,,1,59;                                57P   1760
406,1,35HSurf_ABTTPPFWAX, Wing, 0, 19, lower;                         59P   1761
128,1,123,1,3,0,0,1,0,0,0.0,0.0,1.0,1.0,0.0,0.0,0.0,0.0,1.0,1.0,      61P   1762
1.0,2.0,2.0,2.0,3.0,3.0,3.0,4.0,4.0,4.0,5.0,5.0,5.0,6.0,6.0,6.0,      61P   1763
7.0,7.0,7.0,8.0,8.0,8.0,9.0,9.0,9.0,10.0,10.0,10.0,11.0,11.0,         61P   1764
11.0,12.0,12.0,12.0,13.0,13.0,13.0,14.0,14.0,14.0,15.0,15.0,          61P   1765
15.0,16.0,16.0,16.0,17.0,17.0,17.0,18.0,18.0,18.0,19.0,19.0,          61P   1766
19.0,20.0,20.0,20.0,21.0,21.0,21.0,22.0,22.0,22.0,23.0,23.0,          61P   1767
23.0,24.0,24.0,24.0,25.0,25.0,25.0,26.0,26.0,26.0,27.0,27.0,          61P   1768
27.0,28.0,28.0,28.0,29.0,29.0,29.0,30.0,30.0,30.0,31.0,31.0,          61P   1769
31.0,32.0,32.0,32.0,33.0,33.0,33.0,34.0,34.0,34.0,35.0,35.0,          61P   1770
35.0,36.0,36.0,36.0,37.0,37.0,37.0,38.0,38.0,38.0,39.0,39.0,          61P   1771
39.0,40.0,40.0,40.0,41.0,41.0,41.0,41.0,1.0,1.0,1.0,1.0,1.0,1.0,      61P   1772
1.0,1.0,1.0,1.0,1.0,1.0,1.0,1.0,1.0,1.0,1.0,1.0,1.0,1.0,1.0,1.0,      61P   1773
1.0,1.0,1.0,1.0,1.0,1.0,1.0,1.0,1.0,1.0,1.0,1.0,1.0,1.0,1.0,1.0,      61P   1774
1.0,1.0,1.0,1.0,1.0,1.0,1.0,1.0,1.0,1.0,1.0,1.0,1.0,1.0,1.0,1.0,      61P   1775
1.0,1.0,1.0,1.0,1.0,1.0,1.0,1.0,1.0,1.0,1.0,1.0,1.0,1.0,1.0,1.0,      61P   1776
1.0,1.0,1.0,1.0,1.0,1.0,1.0,1.0,1.0,1.0,1.0,1.0,1.0,1.0,1.0,1.0,      61P   1777
1.0,1.0,1.0,1.0,1.0,1.0,1.0,1.0,1.0,1.0,1.0,1.0,1.0,1.0,1.0,1.0,      61P   1778
1.0,1.0,1.0,1.0,1.0,1.0,1.0,1.0,1.0,1.0,1.0,1.0,1.0,1.0,1.0,1.0,      61P   1779
1.0,1.0,1.0,1.0,1.0,1.0,1.0,1.0,1.0,1.0,1.0,1.0,1.0,1.0,1.0,1.0,      61P   1780
1.0,1.0,1.0,1.0,1.0,1.0,1.0,1.0,1.0,1.0,1.0,1.0,1.0,1.0,1.0,1.0,      61P   1781
1.0,1.0,1.0,1.0,1.0,1.0,1.0,1.0,1.0,1.0,1.0,1.0,1.0,1.0,1.0,1.0,      61P   1782
1.0,1.0,1.0,1.0,1.0,1.0,1.0,1.0,1.0,1.0,1.0,1.0,1.0,1.0,1.0,1.0,      61P   1783
1.0,1.0,1.0,1.0,1.0,1.0,1.0,1.0,1.0,1.0,1.0,1.0,1.0,1.0,1.0,1.0,      61P   1784
1.0,1.0,1.0,1.0,1.0,1.0,1.0,1.0,1.0,1.0,1.0,1.0,1.0,1.0,1.0,1.0,      61P   1785
1.0,1.0,1.0,1.0,1.0,1.0,1.0,1.0,1.0,1.0,1.0,1.0,1.0,1.0,1.0,1.0,      61P   1786
1.0,1.0,1.0,1.0,1.0,1.0,1.0,1.0,1.0,1.0,1.0,1.0,1.0,1.0,1.0,1.0,      61P   1787
1.0,1.0,25.302799062182,18.412029084383,0.386610752108,               61P   1788
25.302799062182,18.412029084383,0.386610752108,25.302701913733,       61P   1789
18.412029084383,0.387590705699,25.302799062182,18.412029084383,       61P   1790
0.386610752108,25.302663909065,18.412029084383,0.388595474561,        61P   1791
25.302859482878,18.412029084383,0.386630900321,25.302691088538,       61P   1792
18.412029084383,0.389588457999,25.302982162352,18.412029084383,       61P   1793
0.386650111834,25.302718268012,18.412029084383,0.390581441437,        61P   1794
25.303104841826,18.412029084383,0.386669323347,25.302808873491,       61P   1795
18.412029084383,0.391573213812,25.303289259495,18.412029084383,       61P   1796
0.386694478884,25.302959396384,18.412029084383,0.392555040356,        61P   1797
25.303531209846,18.412029084383,0.386724972253,25.30326044217,        61P   1798
18.412029084383,0.394518693444,25.304015110549,18.412029084383,       61P   1799
0.386785958991,25.303804053435,18.412029084383,0.396443401826,        61P   1800
25.304731612205,18.412029084383,0.386868894518,25.304533771823,       61P   1801
18.412029084383,0.398291164538,25.305622789496,18.412029084383,       61P   1802
0.386966952452,25.305263490212,18.412029084383,0.40013892725,         61P   1803
25.306513966787,18.412029084383,0.387065010386,25.306179495828,       61P   1804
18.412029084383,0.401911515287,25.30757961406,18.412029084383,        61P   1805
0.387178369849,25.307222504399,18.412029084383,0.403602451904,        61P   1806
25.308762589459,18.412029084383,0.387301522748,25.308265512969,       61P   1807
18.412029084383,0.40529338852,25.309945564858,18.412029084383,        61P   1808
0.387424675647,25.309436884089,18.412029084383,0.406903836017,        61P   1809
25.311246091378,18.412029084383,0.387557517487,25.31069600493,        61P   1810
18.412029084383,0.408441158525,25.312626019382,18.412029084383,       61P   1811
0.387696675226,25.311955125771,18.412029084383,0.409978481033,        61P   1812
25.314005947386,18.412029084383,0.387835832964,25.313300024294,       61P   1813
18.412029084383,0.411443978218,25.315463617231,18.412029084383,       61P   1814
0.387981315608,25.31470696469,18.412029084383,0.4128471358,           61P   1815
25.316975801599,18.412029084383,0.388130537943,25.316113905086,       61P   1816
18.412029084383,0.414250293383,25.318487985967,18.412029084383,       61P   1817
0.388279760277,25.317580669401,18.412029084383,0.415592492149,        61P   1818
25.320053561471,18.412029084383,0.388433178686,25.319092365246,       61P   1819
18.412029084383,0.416882184766,25.321658146429,18.412029084383,       61P   1820
0.388589175286,25.322115756936,18.412029084383,0.419461570001,        61P   1821
25.324867316345,18.412029084383,0.388901168488,25.325310221779,       61P   1822
18.412029084383,0.421835738988,25.328225157499,18.412029084383,       61P   1823
0.389223101484,25.328599646013,18.412029084383,0.424064414949,        61P   1824
25.331662699015,18.412029084383,0.389548917582,25.33024435813,        61P   1825
18.412029084383,0.425178752929,25.333381469772,18.412029084383,       61P   1826
0.389711825631,25.331915168778,18.412029084383,0.426255026511,        61P   1827
25.335121851714,18.412029084383,0.389875355812,25.333605846111,       61P   1828
18.412029084383,0.427298978628,25.336878920571,18.412029084383,       61P   1829
0.390039689698,25.335296523445,18.412029084383,0.428342930745,        61P   1830
25.338635989428,18.412029084383,0.390204023583,25.337006029084,       61P   1831
18.412029084383,0.429355760857,25.340409226009,18.412029084383,       61P   1832
0.390369760903,25.338732371436,18.412029084383,0.430339602826,        61P   1833
25.342195826172,18.412029084383,0.390535278696,25.342185056141,       61P   1834
18.412029084383,0.432307286766,25.345769026498,18.412029084383,       61P   1835
0.390866314282,25.345698904104,18.412029084383,0.434165540833,        61P   1836
25.349391851085,18.412029084383,0.391198017025,25.349257491812,       61P   1837
18.412029084383,0.435934325987,25.353050358946,18.412029084383,       61P   1838
0.391529709365,25.356374667228,18.412029084383,0.439471896296,        61P   1839
25.36036737467,18.412029084383,0.392193094046,25.363659293956,        61P   1840
18.412029084383,0.442664994182,25.367816058403,18.412029084383,       61P   1841
0.392853105511,25.371035920845,18.412029084383,0.445622456416,        61P   1842
25.375333739604,18.412029084383,0.393505829474,25.378412547734,       61P   1843
18.412029084383,0.44857991865,25.382851420805,18.412029084383,        61P   1844
0.394158553436,25.385883701561,18.412029084383,0.451298929655,        61P   1845
25.39043960006,18.412029084383,0.394802377231,25.393414258454,        61P   1846
18.412029084383,0.453839021215,25.398069996746,18.412029084383,       61P   1847
0.395435059241,25.400944815346,18.412029084383,0.456379112776,        61P   1848
25.405700393432,18.412029084383,0.396067741251,25.408535929341,       61P   1849
18.412029084383,0.458738943983,25.41337424211,18.412029084383,        61P   1850
0.396690269292,25.416167447941,18.412029084383,0.460956788882,        61P   1851
25.421075295376,18.412029084383,0.397299626524,25.42379896654,        61P   1852
18.412029084383,0.463174633781,25.428776348642,18.412029084383,       61P   1853
0.397908983755,25.431473209235,18.412029084383,0.465246268507,        61P   1854
25.436506695965,18.412029084383,0.39850628677,25.439176914527,        61P   1855
18.412029084383,0.467199452505,25.44425620053,18.412029084383,        61P   1856
0.39909026028,25.446880619819,18.412029084383,0.469152636504,         61P   1857
25.452005705096,18.412029084383,0.39967423379,25.454614118866,        61P   1858
18.412029084383,0.470986764987,25.459774610609,18.412029084383,       61P   1859
0.4002447855,25.462370961795,18.412029084383,0.472716469582,          61P   1860
25.4675582286,18.412029084383,0.400801600525,25.466249383259,         61P   1861
18.412029084383,0.473581321879,25.471450037595,18.412029084383,       61P   1862
0.401080008038,25.470134261769,18.412029084383,0.4744186407,          61P   1863
25.475345972807,18.412029084383,0.401355010641,25.474023487346,       61P   1864
18.412029084383,0.475233408307,25.47924452297,18.412029084383,        61P   1865
0.4016264502,25.477912712923,18.412029084383,0.476048175915,          61P   1866
25.483143073132,18.412029084383,0.401897889759,25.481806676951,       61P   1867
18.412029084383,0.476839424092,25.487044521593,18.412029084383,       61P   1868
0.402165861668,25.485705837694,18.412029084383,0.477606113499,        61P   1869
25.490949187094,18.412029084383,0.402430291666,25.493504159179,       61P   1870
18.412029084383,0.479139492312,25.498758518095,18.412029084383,       61P   1871
0.402959151661,25.501319163931,18.412029084383,0.480584575814,        61P   1872
25.50657785816,18.412029084383,0.403473791262,25.509149557621,        61P   1873
18.412029084383,0.481944656193,25.514406308786,18.412029084383,       61P   1874
0.403973964989,25.524810345,18.412029084383,0.484664816952,           61P   1875
25.530063210038,18.412029084383,0.404974312443,25.540524897313,       61P   1876
18.412029084383,0.487064686249,25.545751284567,18.412029084383,       61P   1877
0.40591691612,25.556278086955,18.412029084383,0.489184961897,         61P   1878
25.561460609343,18.412029084383,0.406800001898,25.58778446624,        61P   1879
18.412029084383,0.493425513193,25.592879258895,18.412029084383,       61P   1880
0.408566173453,25.619430803381,18.412029084383,0.496586391387,        61P   1881
25.624373451464,18.412029084383,0.410096275314,25.651134895724,       61P   1882
18.412029084383,0.498910515479,25.65589422468,18.412029084383,        61P   1883
0.411379911191,25.659060918809,18.412029084383,0.499491546502,        61P   1884
25.663774417984,18.412029084383,0.411700820161,25.666990766978,       61P   1885
18.412029084383,0.500019725483,25.671656444602,18.412029084383,       61P   1886
0.412007327028,25.674923703631,18.412029084383,0.500497398557,        61P   1887
25.679539896564,18.412029084383,0.412298568006,25.682856640284,       61P   1888
18.412029084383,0.500975071631,25.687423348525,18.412029084383,       61P   1889
0.412589808985,25.690792665421,18.412029084383,0.501402238799,        61P   1890
25.695308177858,18.412029084383,0.412864192577,25.698731042442,       61P   1891
18.412029084383,0.501781246197,25.703194049203,18.412029084383,       61P   1892
0.413124528435,25.714607796485,18.412029084383,0.502539260992,        61P   1893
25.718965791893,18.412029084383,0.413645200149,25.730493205165,       61P   1894
18.412029084383,0.503107274404,25.734741218786,18.412029084383,       61P   1895
0.414104062291,25.746383550406,18.412029084383,0.503497606622,        61P   1896
25.750518435793,18.412029084383,0.414501138487,25.754328723027,       61P   1897
18.412029084383,0.503692772731,25.758407044297,18.412029084383,       61P   1898
0.414699676585,25.762274354351,18.412029084383,0.503846240736,        61P   1899
25.766295719085,18.412029084383,0.414882579086,25.770220907728,       61P   1900
18.412029084383,0.503956340691,25.774184681252,18.412029084383,       61P   1901
0.415050582869,25.778167461104,18.412029084383,0.504066440645,        61P   1902
25.782073643418,18.412029084383,0.415218586652,25.786115067758,       61P   1903
18.412029084383,0.504132742825,25.789962966159,18.412029084383,       61P   1904
0.415370874991,25.794062398952,18.412029084383,0.504159972605,        61P   1905
25.797852015066,18.412029084383,0.415507307671,25.802009730145,       61P   1906
18.412029084383,0.504187202386,25.805741063973,18.412029084383,       61P   1907
0.415643740351,25.809956722565,18.412029084383,0.50417556504,         61P   1908
25.813629778155,18.412029084383,0.415766022226,25.817904057069,       61P   1909
18.412029084383,0.504122631956,25.821518530079,18.412029084383,       61P   1910
0.415871641112,25.825851391574,18.412029084383,0.504069698871,        61P   1911
25.829407282003,18.412029084383,0.415977259997,25.833798631722,       61P   1912
18.412029084383,0.503977061571,25.837295853448,18.412029084383,       61P   1913
0.416067011656,25.841744672612,18.412029084383,0.503848796311,        61P   1914
25.845183724004,18.412029084383,0.416141636338,25.849690713503,       61P   1915
18.412029084383,0.503720531052,25.85307159456,18.412029084383,        61P   1916
0.416216261021,25.857636385466,18.412029084383,0.503551678536,        61P   1917
25.860959142915,18.412029084383,0.416274458421,25.865581266595,       61P   1918
18.412029084383,0.503346734953,25.868846184472,18.412029084383,       61P   1919
0.416317682741,25.873526147723,18.412029084383,0.50314179137,         61P   1920
25.876733226028,18.412029084383,0.416360907061,25.881469962739,       61P   1921
18.412029084383,0.502904280615,25.884619623146,18.412029084383,       61P   1922
0.416390920249,25.889412427948,18.412029084383,0.502631457253,        61P   1923
25.892505260336,18.412029084383,0.416405555695,25.897354893157,       61P   1924
18.412029084383,0.502358633892,25.900390897525,18.412029084383,       61P   1925
0.416420191141,25.905296317803,18.412029084383,0.502046264725,        61P   1926
25.908275918867,18.412029084383,0.416417731327,25.913236554278,       61P   1927
18.412029084383,0.501707569212,25.916160079443,18.412029084383,       61P   1928
0.416408306771,25.921176790753,18.412029084383,0.5013688737,          61P   1929
25.924044240018,18.412029084383,0.416398882216,25.929115762988,       61P   1930
18.412029084383,0.501007999575,25.931927466411,18.412029084383,       61P   1931
0.416385372689,25.93705364566,18.412029084383,0.500621428982,         61P   1932
25.939809934434,18.412029084383,0.416364387665,25.944991528332,       61P   1933
18.412029084383,0.500234858389,25.947692402457,18.412029084383,       61P   1934
0.416343402642,25.95292828967,18.412029084383,0.499821603818,         61P   1935
25.955574075831,18.412029084383,0.416314254666,25.960863646723,       61P   1936
18.412029084383,0.499385125233,25.96345482013,18.412029084383,        61P   1937
0.416278341835,25.968799003777,18.412029084383,0.498948646648,        61P   1938
25.97133556443,18.412029084383,0.416242429004,25.976732875308,        61P   1939
18.412029084383,0.498489927007,25.979215339036,18.412029084383,       61P   1940
0.416200242796,25.984665487458,18.412029084383,0.498006453961,        61P   1941
25.987094264068,18.412029084383,0.416150195151,26.000530711759,       61P   1942
18.412029084383,0.497039507869,26.002852114133,18.412029084383,       61P   1943
0.416050099861,26.016390172869,18.412029084383,0.495980765358,        61P   1944
26.018606203069,18.412029084383,0.415922167422,26.032243452606,       61P   1945
18.412029084383,0.49483406422,26.034356378181,18.412029084383,        61P   1946
0.415765661645,26.063950012082,18.412029084383,0.492540661943,        61P   1947
26.065856728403,18.412029084383,0.415452650089,26.095631064639,       61P   1948
18.412029084383,0.489904304136,26.097341164251,18.412029084383,       61P   1949
0.415025422761,26.127283653965,18.412029084383,0.486958202206,        61P   1950
26.128808952838,18.412029084383,0.414484479146,26.158936243292,       61P   1951
18.412029084383,0.484012100276,26.160276741424,18.412029084383,       61P   1952
0.413943535531,26.190559919251,18.412029084383,0.48076211116,         61P   1953
26.191727657682,18.412029084383,0.413291804098,26.22215262946,        61P   1954
18.412029084383,0.477232427826,26.223161420688,18.412029084383,       61P   1955
0.412525275116,26.253745339669,18.412029084383,0.473702744491,        61P   1956
26.254595183695,18.412029084383,0.411758746135,26.28530694283,        61P   1957
18.412029084383,0.469895840153,26.286011724742,18.412029084383,       61P   1958
0.410879581518,26.316835153814,18.412029084383,0.46583303638,         61P   1959
26.317410510895,18.412029084383,0.40988828297,26.348363364798,        61P   1960
18.412029084383,0.461770232607,26.348809297048,18.412029084383,       61P   1961
0.408896984423,26.37985856874,18.412029084383,0.457448716508,         61P   1962
26.380190486903,18.412029084383,0.407792739365,26.411318303192,       61P   1963
18.412029084383,0.45288382358,26.411553280598,18.412029084383,        61P   1964
0.406576450566,26.474237772095,18.412029084383,0.443754037722,        61P   1965
26.474278867987,18.412029084383,0.404143872969,26.537016094645,       61P   1966
18.412029084383,0.433655482817,26.53693143154,18.412029084383,        61P   1967
0.401262744943,26.599628528268,18.412029084383,0.422615731749,        61P   1968
26.599499385621,18.412029084383,0.397934688214,26.662240961892,       61P   1969
18.412029084383,0.411575980681,26.662067339702,18.412029084383,       61P   1970
0.394606631485,26.724687751333,18.412029084383,0.399594460633,        61P   1971
26.724550806158,18.412029084383,0.390831714282,26.786926046309,       61P   1972
18.412029084383,0.386610752108,26.786926046309,18.412029084383,       61P   1973
0.386610752108,0.0,1.0,0.0,41.0,,1,63;                                61P   1974
406,1,35HSurf_ABTTPPFWAX, Wing, 0, 22, upper;                         63P   1975
128,1,123,1,3,0,0,1,0,0,0.0,0.0,1.0,1.0,0.0,0.0,0.0,0.0,1.0,1.0,      65P   1976
1.0,2.0,2.0,2.0,3.0,3.0,3.0,4.0,4.0,4.0,5.0,5.0,5.0,6.0,6.0,6.0,      65P   1977
7.0,7.0,7.0,8.0,8.0,8.0,9.0,9.0,9.0,10.0,10.0,10.0,11.0,11.0,         65P   1978
11.0,12.0,12.0,12.0,13.0,13.0,13.0,14.0,14.0,14.0,15.0,15.0,          65P   1979
15.0,16.0,16.0,16.0,17.0,17.0,17.0,18.0,18.0,18.0,19.0,19.0,          65P   1980
19.0,20.0,20.0,20.0,21.0,21.0,21.0,22.0,22.0,22.0,23.0,23.0,          65P   1981
23.0,24.0,24.0,24.0,25.0,25.0,25.0,26.0,26.0,26.0,27.0,27.0,          65P   1982
27.0,28.0,28.0,28.0,29.0,29.0,29.0,30.0,30.0,30.0,31.0,31.0,          65P   1983
31.0,32.0,32.0,32.0,33.0,33.0,33.0,34.0,34.0,34.0,35.0,35.0,          65P   1984
35.0,36.0,36.0,36.0,37.0,37.0,37.0,38.0,38.0,38.0,39.0,39.0,          65P   1985
39.0,40.0,40.0,40.0,41.0,41.0,41.0,41.0,1.0,1.0,1.0,1.0,1.0,1.0,      65P   1986
1.0,1.0,1.0,1.0,1.0,1.0,1.0,1.0,1.0,1.0,1.0,1.0,1.0,1.0,1.0,1.0,      65P   1987
1.0,1.0,1.0,1.0,1.0,1.0,1.0,1.0,1.0,1.0,1.0,1.0,1.0,1.0,1.0,1.0,      65P   1988
1.0,1.0,1.0,1.0,1.0,1.0,1.0,1.0,1.0,1.0,1.0,1.0,1.0,1.0,1.0,1.0,      65P   1989
1.0,1.0,1.0,1.0,1.0,1.0,1.0,1.0,1.0,1.0,1.0,1.0,1.0,1.0,1.0,1.0,      65P   1990
1.0,1.0,1.0,1.0,1.0,1.0,1.0,1.0,1.0,1.0,1.0,1.0,1.0,1.0,1.0,1.0,      65P   1991
1.0,1.0,1.0,1.0,1.0,1.0,1.0,1.0,1.0,1.0,1.0,1.0,1.0,1.0,1.0,1.0,      65P   1992
1.0,1.0,1.0,1.0,1.0,1.0,1.0,1.0,1.0,1.0,1.0,1.0,1.0,1.0,1.0,1.0,      65P   1993
1.0,1.0,1.0,1.0,1.0,1.0,1.0,1.0,1.0,1.0,1.0,1.0,1.0,1.0,1.0,1.0,      65P   1994
1.0,1.0,1.0,1.0,1.0,1.0,1.0,1.0,1.0,1.0,1.0,1.0,1.0,1.0,1.0,1.0,      65P   1995
1.0,1.0,1.0,1.0,1.0,1.0,1.0,1.0,1.0,1.0,1.0,1.0,1.0,1.0,1.0,1.0,      65P   1996
1.0,1.0,1.0,1.0,1.0,1.0,1.0,1.0,1.0,1.0,1.0,1.0,1.0,1.0,1.0,1.0,      65P   1997
1.0,1.0,1.0,1.0,1.0,1.0,1.0,1.0,1.0,1.0,1.0,1.0,1.0,1.0,1.0,1.0,      65P   1998
1.0,1.0,1.0,1.0,1.0,1.0,1.0,1.0,1.0,1.0,1.0,1.0,1.0,1.0,1.0,1.0,      65P   1999
1.0,1.0,1.0,1.0,1.0,1.0,1.0,1.0,1.0,1.0,1.0,1.0,1.0,1.0,1.0,1.0,      65P   2000
1.0,1.0,1.0,1.0,1.0,1.0,1.0,1.0,1.0,1.0,1.0,1.0,1.0,1.0,1.0,1.0,      65P   2001
1.0,1.0,14.83606557377,0.0,-1.147540983607,14.83606557377,0.0,        65P   2002
-1.147540983607,14.83606557377,0.0,-1.147540983607,                   65P   2003
14.83660043861,0.0,-1.152936259881,14.836398228655,0.0,               65P   2004
-1.147430054705,14.837474988581,0.0,-1.15824630242,                   65P   2005
14.83707365825,0.0,-1.147324282942,14.838676207247,0.0,               65P   2006
-1.163501772881,14.837749087844,0.0,-1.14721851118,                   65P   2007
14.839877425912,0.0,-1.168757243342,14.838764425999,0.0,              65P   2008
-1.147080013729,14.841409260645,0.0,-1.173940594742,                  65P   2009
14.840096518666,0.0,-1.146912128074,14.843244720413,0.0,              65P   2010
-1.179010411521,14.842760703998,0.0,-1.146576356762,                  65P   2011
14.846915639949,0.0,-1.189150045079,14.846705507529,0.0,              65P   2012
-1.146119743218,14.85181231654,0.0,-1.198833578459,                   65P   2013
14.851612013041,0.0,-1.145579871078,14.857607757399,0.0,              65P   2014
-1.207926959128,14.856518518553,0.0,-1.145039998937,                  65P   2015
14.863403198257,0.0,-1.217020339797,14.862385593796,0.0,              65P   2016
-1.144415882012,14.870094147293,0.0,-1.225531345846,                  65P   2017
14.86889863601,0.0,-1.143737845908,14.877377797132,0.0,               65P   2018
-1.233484969828,14.875411678224,0.0,-1.143059809804,                  65P   2019
14.884661446971,0.0,-1.24143859381,14.882571915142,0.0,               65P   2020
-1.142328429831,14.892532767632,0.0,-1.248842385564,                  65P   2021
14.89016930842,0.0,-1.141562276768,14.900795282224,0.0,               65P   2022
-1.255774030927,14.897766701697,0.0,-1.140796123705,                  65P   2023
14.909057796816,0.0,-1.26270567629,14.905792113928,0.0,               65P   2024
-1.13999514796,14.917704087877,0.0,-1.269172231585,                   65P   2025
14.914117663752,0.0,-1.139173582808,14.926609073614,0.0,              65P   2026
-1.275254388362,14.922443213576,0.0,-1.138352017656,                  65P   2027
14.935514059352,0.0,-1.28133654514,14.931062716022,0.0,               65P   2028
-1.137507350412,14.944677581095,0.0,-1.287036880151,                  65P   2029
14.939896990664,0.0,-1.136648488557,14.954023270189,0.0,              65P   2030
-1.292419745741,14.957565539949,0.0,-1.134930764847,                  65P   2031
14.972714648378,0.0,-1.303185476922,14.976052620242,0.0,              65P   2032
-1.133158316156,14.992101220587,0.0,-1.312711910399,                  65P   2033
14.994978502406,0.0,-1.131364488489,15.011842583875,0.0,              65P   2034
-1.321394553015,15.004441443487,0.0,-1.130467574656,                  65P   2035
15.021713265519,0.0,-1.325735874323,15.01402336807,0.0,               65P   2036
-1.129567235584,15.031678224929,0.0,-1.329860776106,                  65P   2037
15.023697164879,0.0,-1.128662471602,15.041717549872,0.0,              65P   2038
-1.333798877562,15.033370961687,0.0,-1.127757707619,                  65P   2039
15.051756874816,0.0,-1.337736979017,15.04313377224,0.0,               65P   2040
-1.126845216824,15.061870565294,0.0,-1.341488280145,                  65P   2041
15.052970157926,0.0,-1.125933934668,15.072038709074,0.0,              65P   2042
-1.345082400141,15.072642929297,0.0,-1.124111370354,                  65P   2043
15.092374996636,0.0,-1.352270640132,15.092588914217,0.0,              65P   2044
-1.122285132913,15.112920968123,0.0,-1.358849051871,                  65P   2045
15.112731358571,0.0,-1.120458952743,15.133613537341,0.0,              65P   2046
-1.36493499411,15.153016247279,0.0,-1.116806592402,                   65P   2047
15.174998675776,0.0,-1.377106878589,15.194026053263,0.0,              65P   2048
-1.11317280379,15.21691172134,0.0,-1.387419363755,                    65P   2049
15.235415734789,0.0,-1.109579137576,15.259077997787,0.0,              65P   2050
-1.39651476755,15.276805416314,0.0,-1.105985471362,                   65P   2051
15.301244274233,0.0,-1.405610171345,15.318583235074,0.0,              65P   2052
-1.102440806311,15.343666393414,0.0,-1.413490749721,                  65P   2053
15.360593488011,0.0,-1.098957483966,15.386226328779,0.0,              65P   2054
-1.420508946623,15.402603740947,0.0,-1.095474161621,                  65P   2055
15.428786264144,0.0,-1.427527143524,15.444853225114,0.0,              65P   2056
-1.092046743424,15.471491256076,0.0,-1.433664699267,                  65P   2057
15.487252488075,0.0,-1.088691839024,15.514273352206,0.0,              65P   2058
-1.439165556443,15.529651751036,0.0,-1.085336934624,                  65P   2059
15.557055448336,0.0,-1.444666413618,15.572212296664,0.0,              65P   2060
-1.082048396454,15.599924886106,0.0,-1.449495021987,                  65P   2061
15.614878315265,0.0,-1.078833245805,15.642843059236,0.0,              65P   2062
-1.453818257784,15.657544333867,0.0,-1.075618095156,                  65P   2063
15.685761232366,0.0,-1.45814149358,15.700317167193,0.0,               65P   2064
-1.072476840167,15.728729001115,0.0,-1.461957043332,                  65P   2065
15.743171002188,0.0,-1.069411214485,15.771730250085,0.0,              65P   2066
-1.465348930872,15.764597919685,0.0,-1.067878401644,                  65P   2067
15.793230874571,0.0,-1.467044874641,15.786047554671,0.0,              65P   2068
-1.066364335022,15.814741383836,0.0,-1.46862672131,                   65P   2069
15.80751158664,0.0,-1.064869885258,15.836256753656,0.0,               65P   2070
-1.470123642727,15.828975618608,0.0,-1.063375435493,                  65P   2071
15.857772123477,0.0,-1.471620564144,15.850455607579,0.0,              65P   2072
-1.061900077381,15.879293319075,0.0,-1.473026179239,                  65P   2073
15.871953308429,0.0,-1.060444219769,15.900821327169,0.0,              65P   2074
-1.474335583469,15.914948710129,0.0,-1.057532504545,                  65P   2075
15.943877343357,0.0,-1.47695439193,15.957999218177,0.0,               65P   2076
-1.054699081763,15.986951720095,0.0,-1.479243662666,                  65P   2077
16.001099885735,0.0,-1.051945302944,16.030041689834,0.0,              65P   2078
-1.481224224333,16.087301220849,0.0,-1.046437745305,                  65P   2079
16.116221629312,0.0,-1.485185347669,16.17367418495,0.0,               65P   2080
-1.041248104381,16.202448816138,0.0,-1.488018893454,                  65P   2081
16.260164145363,0.0,-1.036386147866,16.288697272185,0.0,              65P   2082
-1.489968464769,16.433144066189,0.0,-1.026662234835,                  65P   2083
16.461194184277,0.0,-1.493867607401,16.606539900024,0.0,              65P   2084
-1.018238037663,16.633752364154,0.0,-1.494421885279,                  65P   2085
16.780082077459,0.0,-1.011170794621,16.806285251618,0.0,              65P   2086
-1.493083200642,16.823467621818,0.0,-1.00940398386,                   65P   2087
16.849418473485,0.0,-1.492748529482,16.866863259748,0.0,              65P   2088
-1.007716465956,16.892550822944,0.0,-1.49228145947,                   65P   2089
16.910266745119,0.0,-1.006112996611,16.935681863188,0.0,              65P   2090
-1.491704419001,16.95367023049,0.0,-1.004509527266,                   65P   2091
16.978812903433,0.0,-1.491127378532,16.997081299176,0.0,              65P   2092
-1.002998868701,17.021942106214,0.0,-1.490457892048,                  65P   2093
17.040498104809,0.0,-1.001565551972,17.065069834249,0.0,              65P   2094
-1.489677938654,17.127331716077,0.0,-0.998698918515,                  65P   2095
17.15132529032,0.0,-1.488118031867,17.214185611258,0.0,               65P   2096
-0.996172586603,17.23757366486,0.0,-1.486192648063,                   65P   2097
17.301049362173,0.0,-0.993986426157,17.323814571912,0.0,              65P   2098
-1.483969357672,17.34448123763,0.0,-0.992893345934,                   65P   2099
17.366935025438,0.0,-1.482857712476,17.38791347803,0.0,               65P   2100
-0.991886349751,17.410053683393,0.0,-1.481688660416,                  65P   2101
17.431347300627,0.0,-0.990961380618,17.453170429251,0.0,              65P   2102
-1.480444893379,17.474781123225,0.0,-0.990036411485,                  65P   2103
17.496287175109,0.0,-1.479201126342,17.518216931021,0.0,              65P   2104
-0.989197966002,17.539402092389,0.0,-1.477889271618,                  65P   2105
17.561651231184,0.0,-0.988446816141,17.582515510992,0.0,              65P   2106
-1.476536889393,17.605085531346,0.0,-0.987695666281,                  65P   2107
17.625628929596,0.0,-1.475184507168,17.648517988629,0.0,              65P   2108
-0.987022425727,17.668740527605,0.0,-1.473773954971,                  65P   2109
17.691950653707,0.0,-0.986440925671,17.71185065781,0.0,               65P   2110
-1.472319524102,17.735383318784,0.0,-0.985859425614,                  65P   2111
17.754960788015,0.0,-1.470865093233,17.778814990214,0.0,              65P   2112
-0.985365284872,17.798069450415,0.0,-1.469366783691,                  65P   2113
17.822242802793,0.0,-0.984954427887,17.8411769978,0.0,                65P   2114
-1.467838886776,17.865670615372,0.0,-0.984543570901,                  65P   2115
17.884284545185,0.0,-1.466310989861,17.909096654029,0.0,              65P   2116
-0.984223156694,17.927390575908,0.0,-1.464740519492,                  65P   2117
17.952519902432,0.0,-0.983985178946,17.970495380179,0.0,              65P   2118
-1.463136217446,17.995943150835,0.0,-0.983747201198,                  65P   2119
18.013600184449,0.0,-1.461531915401,18.03936285119,0.0,               65P   2120
-0.98358195925,18.056703762266,0.0,-1.459893781679,                   65P   2121
18.082778367647,0.0,-0.983501381685,18.099806403837,0.0,              65P   2122
-1.45823055806,18.126193884104,0.0,-0.983420804119,                   65P   2123
18.142909045408,0.0,-1.456567334441,18.169606009922,0.0,              65P   2124
-0.98343434698,18.186010634676,0.0,-1.454874626521,                   65P   2125
18.213013396669,0.0,-0.983486235236,18.229109287446,0.0,              65P   2126
-1.453113665883,18.256420783416,0.0,-0.983538123491,                  65P   2127
18.272207940216,0.0,-1.451352705246,18.299823026885,0.0,              65P   2128
-0.983612502144,18.315303266886,0.0,-1.449514617848,                  65P   2129
18.343221095035,0.0,-0.983728038227,18.358396241667,0.0,              65P   2130
-1.447617369685,18.386619163185,0.0,-0.98384357431,                   65P   2131
18.401489216448,0.0,-1.445720121522,18.430012856283,0.0,              65P   2132
-0.984004052706,18.444579614791,0.0,-1.443765845483,                  65P   2133
18.473401434227,0.0,-0.984201775996,18.487667514316,0.0,              65P   2134
-1.441758196059,18.516790012171,0.0,-0.984399499285,                  65P   2135
18.530755413841,0.0,-1.439750546635,18.560173251326,0.0,              65P   2136
-0.984631761555,18.573840814547,0.0,-1.437689523826,                  65P   2137
18.603551813031,0.0,-0.984907306106,18.616923794057,0.0,              65P   2138
-1.435578782124,18.690308936442,0.0,-0.985458395208,                  65P   2139
18.703089753075,0.0,-1.431357298719,18.777045352416,0.0,              65P   2140
-0.986162745757,18.789246027305,0.0,-1.426936939741,                  65P   2141
18.863760220261,0.0,-0.98702441096,18.875393237711,0.0,               65P   2142
-1.422346941121,19.03718995595,0.0,-0.988747741365,                   65P   2143
19.047687658524,0.0,-1.413166943882,19.210532072743,0.0,              65P   2144
-0.991099903235,19.219947273579,0.0,-1.403356418285,                  65P   2145
19.383782535634,0.0,-0.994078146573,19.39218028926,0.0,               65P   2146
-1.393092714535,19.557032998524,0.0,-0.99705638991,                   65P   2147
19.56441330494,0.0,-1.382829010785,19.730190568365,0.0,               65P   2148
-1.000644591605,19.736619721247,0.0,-1.37211212888,                   65P   2149
19.903253698501,0.0,-1.004864827817,19.908807744562,0.0,              65P   2150
-1.361119419025,20.076316828637,0.0,-1.009085064029,                  65P   2151
20.080995767878,0.0,-1.350126709169,20.249285140781,0.0,              65P   2152
-1.013925432024,20.253165419563,0.0,-1.338847982537,                  65P   2153
20.422155700789,0.0,-1.019383169603,20.425323412438,0.0,              65P   2154
-1.327395103704,20.595026260797,0.0,-1.024840907181,                  65P   2155
20.597481405314,0.0,-1.315942224871,20.767799941843,0.0,              65P   2156
-1.03092048811,20.769627365311,0.0,-1.304308654604,                   65P   2157
20.940472340164,0.0,-1.037616942066,20.941766042267,0.0,              65P   2158
-1.292568884039,21.285817136805,0.0,-1.051009849979,                  65P   2159
21.28604339618,0.0,-1.269089342911,21.630759890153,0.0,               65P   2160
-1.066872317171,21.63029376518,0.0,-1.245215222185,                   65P   2161
21.975236813809,0.0,-1.085195415004,21.974525800278,0.0,              65P   2162
-1.221080471091,22.319713737464,0.0,-1.103518512836,                  65P   2163
22.318757835377,0.0,-1.196945719996,22.663725502283,0.0,              65P   2164
-1.124301865658,22.662971530811,0.0,-1.172546433502,                  65P   2165
23.007141411513,0.0,-1.147540983607,23.007141411513,0.0,              65P   2166
-1.147540983607,0.0,1.0,0.0,41.0,,1,67;                               65P   2167
406,1,34HSurf_ABTTPPFWAX, Wing, 1, 1, lower;                          67P   2168
128,1,123,1,3,0,0,1,0,0,0.0,0.0,1.0,1.0,0.0,0.0,0.0,0.0,1.0,1.0,      69P   2169
1.0,2.0,2.0,2.0,3.0,3.0,3.0,4.0,4.0,4.0,5.0,5.0,5.0,6.0,6.0,6.0,      69P   2170
7.0,7.0,7.0,8.0,8.0,8.0,9.0,9.0,9.0,10.0,10.0,10.0,11.0,11.0,         69P   2171
11.0,12.0,12.0,12.0,13.0,13.0,13.0,14.0,14.0,14.0,15.0,15.0,          69P   2172
15.0,16.0,16.0,16.0,17.0,17.0,17.0,18.0,18.0,18.0,19.0,19.0,          69P   2173
19.0,20.0,20.0,20.0,21.0,21.0,21.0,22.0,22.0,22.0,23.0,23.0,          69P   2174
23.0,24.0,24.0,24.0,25.0,25.0,25.0,26.0,26.0,26.0,27.0,27.0,          69P   2175
27.0,28.0,28.0,28.0,29.0,29.0,29.0,30.0,30.0,30.0,31.0,31.0,          69P   2176
31.0,32.0,32.0,32.0,33.0,33.0,33.0,34.0,34.0,34.0,35.0,35.0,          69P   2177
35.0,36.0,36.0,36.0,37.0,37.0,37.0,38.0,38.0,38.0,39.0,39.0,          69P   2178
39.0,40.0,40.0,40.0,41.0,41.0,41.0,41.0,1.0,1.0,1.0,1.0,1.0,1.0,      69P   2179
1.0,1.0,1.0,1.0,1.0,1.0,1.0,1.0,1.0,1.0,1.0,1.0,1.0,1.0,1.0,1.0,      69P   2180
1.0,1.0,1.0,1.0,1.0,1.0,1.0,1.0,1.0,1.0,1.0,1.0,1.0,1.0,1.0,1.0,      69P   2181
1.0,1.0,1.0,1.0,1.0,1.0,1.0,1.0,1.0,1.0,1.0,1.0,1.0,1.0,1.0,1.0,      69P   2182
1.0,1.0,1.0,1.0,1.0,1.0,1.0,1.0,1.0,1.0,1.0,1.0,1.0,1.0,1.0,1.0,      69P   2183
1.0,1.0,1.0,1.0,1.0,1.0,1.0,1.0,1.0,1.0,1.0,1.0,1.0,1.0,1.0,1.0,      69P   2184
1.0,1.0,1.0,1.0,1.0,1.0,1.0,1.0,1.0,1.0,1.0,1.0,1.0,1.0,1.0,1.0,      69P   2185
1.0,1.0,1.0,1.0,1.0,1.0,1.0,1.0,1.0,1.0,1.0,1.0,1.0,1.0,1.0,1.0,      69P   2186
1.0,1.0,1.0,1.0,1.0,1.0,1.0,1.0,1.0,1.0,1.0,1.0,1.0,1.0,1.0,1.0,      69P   2187
1.0,1.0,1.0,1.0,1.0,1.0,1.0,1.0,1.0,1.0,1.0,1.0,1.0,1.0,1.0,1.0,      69P   2188
1.0,1.0,1.0,1.0,1.0,1.0,1.0,1.0,1.0,1.0,1.0,1.0,1.0,1.0,1.0,1.0,      69P   2189
1.0,1.0,1.0,1.0,1.0,1.0,1.0,1.0,1.0,1.0,1.0,1.0,1.0,1.0,1.0,1.0,      69P   2190
1.0,1.0,1.0,1.0,1.0,1.0,1.0,1.0,1.0,1.0,1.0,1.0,1.0,1.0,1.0,1.0,      69P   2191
1.0,1.0,1.0,1.0,1.0,1.0,1.0,1.0,1.0,1.0,1.0,1.0,1.0,1.0,1.0,1.0,      69P   2192
1.0,1.0,1.0,1.0,1.0,1.0,1.0,1.0,1.0,1.0,1.0,1.0,1.0,1.0,1.0,1.0,      69P   2193
1.0,1.0,1.0,1.0,1.0,1.0,1.0,1.0,1.0,1.0,1.0,1.0,1.0,1.0,1.0,1.0,      69P   2194
1.0,1.0,23.007141411513,0.0,-1.147540983607,23.007141411513,0.0,      69P   2195
-1.147540983607,22.663725502283,0.0,-1.124301865658,                  69P   2196
22.664479473755,0.0,-1.076057297815,22.319713737464,0.0,              69P   2197
-1.103518512836,22.320669639552,0.0,-1.010091305676,                  69P   2198
21.975236813809,0.0,-1.085195415004,21.975947827339,0.0,              69P   2199
-0.949310358917,21.630759890153,0.0,-1.066872317171,                  69P   2200
21.631226015126,0.0,-0.888529412158,21.285817136805,0.0,              69P   2201
-1.051009849979,21.285590877429,0.0,-0.832930357047,                  69P   2202
20.940472340164,0.0,-1.037616942066,20.93917863806,0.0,               69P   2203
-0.782665000093,20.767799941843,0.0,-1.03092048811,                   69P   2204
20.765972518376,0.0,-0.757532321616,20.595026260797,0.0,              69P   2205
-1.024840907181,20.59257111628,0.0,-0.73373958949,                    69P   2206
20.422155700789,0.0,-1.019383169603,20.41898798914,0.0,               69P   2207
-0.711371235501,20.249285140781,0.0,-1.013925432024,                  69P   2208
20.245404862,0.0,-0.689002881512,20.076316828637,0.0,                 69P   2209
-1.009085064029,20.071637889396,0.0,-0.668043418888,                  69P   2210
19.903253698501,0.0,-1.004864827817,19.897699652439,0.0,              69P   2211
-0.648610236609,19.730190568365,0.0,-1.000644591605,                  69P   2212
19.723761415482,0.0,-0.62917705433,19.557032998524,0.0,               69P   2213
-0.99705638991,19.549652692108,0.0,-0.611283769035,                   69P   2214
19.383782535634,0.0,-0.994078146573,19.375384782008,0.0,              69P   2215
-0.59506357861,19.210532072743,0.0,-0.991099903235,                   69P   2216
19.201116871907,0.0,-0.578843388185,19.03718995595,0.0,               69P   2217
-0.988747741365,19.026692253375,0.0,-0.564328538849,                  69P   2218
18.863760220261,0.0,-0.98702441096,18.85212720281,0.0,                69P   2219
-0.551701880799,18.777045352416,0.0,-0.986162745757,                  69P   2220
18.764844677527,0.0,-0.545388551773,18.690308936442,0.0,              69P   2221
-0.985458395208,18.677528119808,0.0,-0.539559491698,                  69P   2222
18.603551813031,0.0,-0.984907306106,18.590179832006,0.0,              69P   2223
-0.534235830089,18.560173251326,0.0,-0.984631761555,                  69P   2224
18.546505688104,0.0,-0.531573999285,18.516790012171,0.0,              69P   2225
-0.984399499285,18.502824610502,0.0,-0.529048451936,                  69P   2226
18.473401434227,0.0,-0.984201775996,18.459135354139,0.0,              69P   2227
-0.526645355933,18.430012856283,0.0,-0.984004052706,                  69P   2228
18.415446097775,0.0,-0.52424225993,18.386619163185,0.0,               69P   2229
-0.98384357431,18.371749109922,0.0,-0.521967027099,                   69P   2230
18.343221095035,0.0,-0.983728038227,18.328045948403,0.0,              69P   2231
-0.51983870677,18.299823026885,0.0,-0.983612502144,                   69P   2232
18.284342786883,0.0,-0.51771038644,18.256420783416,0.0,               69P   2233
-0.983538123491,18.240633626615,0.0,-0.515723541736,                  69P   2234
18.213013396669,0.0,-0.983486235236,18.196917505891,0.0,              69P   2235
-0.513858804588,18.169606009922,0.0,-0.98343434698,                   69P   2236
18.153201385168,0.0,-0.51199406744,18.126193884104,0.0,               69P   2237
-0.983420804119,18.1094787228,0.0,-0.510274273797,                    69P   2238
18.082778367647,0.0,-0.983501381685,18.065750331458,0.0,              69P   2239
-0.508772205309,18.03936285119,0.0,-0.98358195925,                    69P   2240
18.022021940115,0.0,-0.50727013682,17.995943150835,0.0,               69P   2241
-0.983747201198,17.978286117221,0.0,-0.505962486996,                  69P   2242
17.952519902432,0.0,-0.983985178946,17.934544424686,0.0,              69P   2243
-0.504834140446,17.909096654029,0.0,-0.984223156694,                  69P   2244
17.89080273215,0.0,-0.503705793897,17.865670615372,0.0,               69P   2245
-0.984543570901,17.84705668556,0.0,-0.502776151941,                   69P   2246
17.822242802793,0.0,-0.984954427887,17.803308607786,0.0,              69P   2247
-0.502069968997,17.778814990214,0.0,-0.985365284872,                  69P   2248
17.759560530013,0.0,-0.501363786053,17.735383318784,0.0,              69P   2249
-0.985859425614,17.715805849554,0.0,-0.500853757995,                  69P   2250
17.691950653707,0.0,-0.986440925671,17.672050649603,0.0,              69P   2251
-0.500562327239,17.648517988629,0.0,-0.987022425727,                  69P   2252
17.628295449652,0.0,-0.500270896483,17.605085531346,0.0,              69P   2253
-0.987695666281,17.584542133097,0.0,-0.500206825393,                  69P   2254
17.561651231184,0.0,-0.988446816141,17.540786951375,0.0,              69P   2255
-0.50035674289,17.518216931021,0.0,-0.989197966002,                   69P   2256
17.497031769653,0.0,-0.500506660386,17.474781123225,0.0,              69P   2257
-0.990036411485,17.453275071342,0.0,-0.500871696629,                  69P   2258
17.431347300627,0.0,-0.990961380618,17.409524172004,0.0,              69P   2259
-0.501477867858,17.38791347803,0.0,-0.991886349751,                   69P   2260
17.365773272667,0.0,-0.502084039086,17.34448123763,0.0,               69P   2261
-0.992893345934,17.322027449822,0.0,-0.502928979392,                  69P   2262
17.301049362173,0.0,-0.993986426157,17.278284152433,0.0,              69P   2263
-0.504003494642,17.214185611258,0.0,-0.996172586603,                  69P   2264
17.190797557656,0.0,-0.506152525142,17.127331716077,0.0,              69P   2265
-0.998698918515,17.103338141834,0.0,-0.509279805164,                  69P   2266
17.040498104809,0.0,-1.001565551972,17.01592637537,0.0,               69P   2267
-0.51345316529,16.997081299176,0.0,-1.002998868701,                   69P   2268
16.972220492138,0.0,-0.515539845353,16.95367023049,0.0,               69P   2269
-1.004509527266,16.928527557546,0.0,-0.517891676,                     69P   2270
16.910266745119,0.0,-1.006112996611,16.88485162705,0.0,               69P   2271
-0.520521574221,16.866863259748,0.0,-1.007716465956,                  69P   2272
16.841175696553,0.0,-0.523151472443,16.823467621818,0.0,              69P   2273
-1.00940398386,16.797516770152,0.0,-0.526059438239,                   69P   2274
16.780082077459,0.0,-1.011170794621,16.7538789033,0.0,                69P   2275
-0.5292583886,16.606539900024,0.0,-1.018238037663,                    69P   2276
16.579327435894,0.0,-0.542054190047,16.433144066189,0.0,              69P   2277
-1.026662234835,16.405093948101,0.0,-0.55945686227,                   69P   2278
16.260164145363,0.0,-1.036386147866,16.231631018542,0.0,              69P   2279
-0.582803830962,16.17367418495,0.0,-1.041248104381,                   69P   2280
16.144899553762,0.0,-0.594477315308,16.087301220849,0.0,              69P   2281
-1.046437745305,16.058380812386,0.0,-0.607690142941,                  69P   2282
16.001099885735,0.0,-1.051945302944,15.972158081635,0.0,              69P   2283
-0.622666381554,15.957999218177,0.0,-1.054699081763,                  69P   2284
15.929046716259,0.0,-0.630154500861,15.914948710129,0.0,              69P   2285
-1.057532504545,15.886020076902,0.0,-0.63811061716,                   69P   2286
15.871953308429,0.0,-1.060444219769,15.84308528969,0.0,               69P   2287
-0.646552856069,15.850455607579,0.0,-1.061900077381,                  69P   2288
15.821617896083,0.0,-0.650773975524,15.828975618608,0.0,              69P   2289
-1.063375435493,15.800179113739,0.0,-0.655130306841,                  69P   2290
15.80751158664,0.0,-1.064869885258,15.778766419623,0.0,               69P   2291
-0.659616127788,15.786047554671,0.0,-1.066364335022,                  69P   2292
15.757353725507,0.0,-0.664101948735,15.764597919685,0.0,              69P   2293
-1.067878401644,15.735964964799,0.0,-0.668711928648,                  69P   2294
15.743171002188,0.0,-1.069411214485,15.71461175429,0.0,               69P   2295
-0.673473498099,15.700317167193,0.0,-1.072476840167,                  69P   2296
15.671905333271,0.0,-0.682996637002,15.657544333867,0.0,              69P   2297
-1.075618095156,15.629327435367,0.0,-0.693094696732,                  69P   2298
15.614878315265,0.0,-1.078833245805,15.586913571294,0.0,              69P   2299
-0.703848233827,15.572212296664,0.0,-1.082048396454,                  69P   2300
15.544499707221,0.0,-0.714601770922,15.529651751036,0.0,              69P   2301
-1.085336934624,15.502248053736,0.0,-0.72600745563,                   69P   2302
15.487252488075,0.0,-1.088691839024,15.460231623944,0.0,              69P   2303
-0.738218121605,15.444853225114,0.0,-1.092046743424,                  69P   2304
15.418215194151,0.0,-0.75042878758,15.402603740947,0.0,               69P   2305
-1.095474161621,15.376421217751,0.0,-0.763421179719,                  69P   2306
15.360593488011,0.0,-1.098957483966,15.334960647243,0.0,              69P   2307
-0.77740602131,15.318583235074,0.0,-1.102440806311,                   69P   2308
15.293500076735,0.0,-0.791390862901,15.276805416314,0.0,              69P   2309
-1.105985471362,15.252366558395,0.0,-0.806360771379,                  69P   2310
15.235415734789,0.0,-1.109579137576,15.211753471791,0.0,              69P   2311
-0.822643507602,15.194026053263,0.0,-1.11317280379,                   69P   2312
15.171140385187,0.0,-0.838926243825,15.153016247279,0.0,              69P   2313
-1.116806592402,15.131033818783,0.0,-0.856506306216,                  69P   2314
15.112731358571,0.0,-1.120458952743,15.091849179802,0.0,              69P   2315
-0.875982911375,15.092588914217,0.0,-1.122285132913,                  69P   2316
15.072256860311,0.0,-0.885721213955,15.072642929297,0.0,              69P   2317
-1.124111370354,15.052910861959,0.0,-0.895952100577,                  69P   2318
15.052970157926,0.0,-1.125933934668,15.033901606777,0.0,              69P   2319
-0.906785469195,15.04313377224,0.0,-1.126845216824,                   69P   2320
15.024396979187,0.0,-0.912202153504,15.033370961687,0.0,              69P   2321
-1.127757707619,15.014985048558,0.0,-0.917778436221,                  69P   2322
15.023697164879,0.0,-1.128662471602,15.005676779885,0.0,              69P   2323
-0.923526065642,15.01402336807,0.0,-1.129567235584,                   69P   2324
14.996368511212,0.0,-0.929273695063,15.004441443487,0.0,              69P   2325
-1.130467574656,14.987169621455,0.0,-0.935199274989,                  69P   2326
14.994978502406,0.0,-1.131364488489,14.978114420936,0.0,              69P   2327
-0.941334423963,14.976052620242,0.0,-1.133158316156,                  69P   2328
14.960004019897,0.0,-0.953604721913,14.957565539949,0.0,              69P   2329
-1.134930764847,14.94241643152,0.0,-0.966676052772,                   69P   2330
14.939896990664,0.0,-1.136648488557,14.925770711139,0.0,              69P   2331
-0.980877231372,14.931062716022,0.0,-1.137507350412,                  69P   2332
14.917447850949,0.0,-0.987977820673,14.922443213576,0.0,              69P   2333
-1.138352017656,14.9093723678,0.0,-0.995367490171,                    69P   2334
14.914117663752,0.0,-1.139173582808,14.90162625389,0.0,               69P   2335
-1.003092777253,14.905792113928,0.0,-1.13999514796,                   69P   2336
14.89388013998,0.0,-1.010818064335,14.897766701697,0.0,               69P   2337
-1.140796123705,14.886475606578,0.0,-1.01888657112,                   69P   2338
14.89016930842,0.0,-1.141562276768,14.879543334615,0.0,               69P   2339
-1.027350522609,14.882571915142,0.0,-1.142328429831,                  69P   2340
14.872611062652,0.0,-1.035814474099,14.875411678224,0.0,              69P   2341
-1.143059809804,14.866161909477,0.0,-1.044681025797,                  69P   2342
14.86889863601,0.0,-1.143737845908,14.860419474887,0.0,               69P   2343
-1.053990721987,14.862385593796,0.0,-1.144415882012,                  69P   2344
14.854677040298,0.0,-1.063300418177,14.856518518553,0.0,              69P   2345
-1.145039998937,14.849633838849,0.0,-1.073059658076,                  69P   2346
14.851612013041,0.0,-1.145579871078,14.845616268683,0.0,              69P   2347
-1.083232783027,14.846705507529,0.0,-1.146119743218,                  69P   2348
14.841598698517,0.0,-1.093405907978,14.842760703998,0.0,              69P   2349
-1.146576356762,14.838605768048,0.0,-1.104002668445,                  69P   2350
14.840096518666,0.0,-1.146912128074,14.836948316918,0.0,              69P   2351
-1.114813844626,14.838764425999,0.0,-1.147080013729,                  69P   2352
14.836119591353,0.0,-1.120219432717,14.837749087844,0.0,              69P   2353
-1.14721851118,14.835620749777,0.0,-1.125679779017,                   69P   2354
14.83707365825,0.0,-1.147324282942,14.835471109253,0.0,               69P   2355
-1.131146793004,14.836398228655,0.0,-1.147430054705,                  69P   2356
14.83532146873,0.0,-1.136613806991,14.83606557377,0.0,                69P   2357
-1.147540983607,14.835530708931,0.0,-1.142145707333,                  69P   2358
14.83606557377,0.0,-1.147540983607,14.83606557377,0.0,                69P   2359
-1.147540983607,0.0,1.0,0.0,41.0,,1,71;                               69P   2360
406,1,34HSurf_ABTTPPFWAX, Wing, 1, 4, upper;                          71P   2361
128,1,123,1,3,0,0,1,0,0,0.0,0.0,1.0,1.0,0.0,0.0,0.0,0.0,1.0,1.0,      73P   2362
1.0,2.0,2.0,2.0,3.0,3.0,3.0,4.0,4.0,4.0,5.0,5.0,5.0,6.0,6.0,6.0,      73P   2363
7.0,7.0,7.0,8.0,8.0,8.0,9.0,9.0,9.0,10.0,10.0,10.0,11.0,11.0,         73P   2364
11.0,12.0,12.0,12.0,13.0,13.0,13.0,14.0,14.0,14.0,15.0,15.0,          73P   2365
15.0,16.0,16.0,16.0,17.0,17.0,17.0,18.0,18.0,18.0,19.0,19.0,          73P   2366
19.0,20.0,20.0,20.0,21.0,21.0,21.0,22.0,22.0,22.0,23.0,23.0,          73P   2367
23.0,24.0,24.0,24.0,25.0,25.0,25.0,26.0,26.0,26.0,27.0,27.0,          73P   2368
27.0,28.0,28.0,28.0,29.0,29.0,29.0,30.0,30.0,30.0,31.0,31.0,          73P   2369
31.0,32.0,32.0,32.0,33.0,33.0,33.0,34.0,34.0,34.0,35.0,35.0,          73P   2370
35.0,36.0,36.0,36.0,37.0,37.0,37.0,38.0,38.0,38.0,39.0,39.0,          73P   2371
39.0,40.0,40.0,40.0,41.0,41.0,41.0,41.0,1.0,1.0,1.0,1.0,1.0,1.0,      73P   2372
1.0,1.0,1.0,1.0,1.0,1.0,1.0,1.0,1.0,1.0,1.0,1.0,1.0,1.0,1.0,1.0,      73P   2373
1.0,1.0,1.0,1.0,1.0,1.0,1.0,1.0,1.0,1.0,1.0,1.0,1.0,1.0,1.0,1.0,      73P   2374
1.0,1.0,1.0,1.0,1.0,1.0,1.0,1.0,1.0,1.0,1.0,1.0,1.0,1.0,1.0,1.0,      73P   2375
1.0,1.0,1.0,1.0,1.0,1.0,1.0,1.0,1.0,1.0,1.0,1.0,1.0,1.0,1.0,1.0,      73P   2376
1.0,1.0,1.0,1.0,1.0,1.0,1.0,1.0,1.0,1.0,1.0,1.0,1.0,1.0,1.0,1.0,      73P   2377
1.0,1.0,1.0,1.0,1.0,1.0,1.0,1.0,1.0,1.0,1.0,1.0,1.0,1.0,1.0,1.0,      73P   2378
1.0,1.0,1.0,1.0,1.0,1.0,1.0,1.0,1.0,1.0,1.0,1.0,1.0,1.0,1.0,1.0,      73P   2379
1.0,1.0,1.0,1.0,1.0,1.0,1.0,1.0,1.0,1.0,1.0,1.0,1.0,1.0,1.0,1.0,      73P   2380
1.0,1.0,1.0,1.0,1.0,1.0,1.0,1.0,1.0,1.0,1.0,1.0,1.0,1.0,1.0,1.0,      73P   2381
1.0,1.0,1.0,1.0,1.0,1.0,1.0,1.0,1.0,1.0,1.0,1.0,1.0,1.0,1.0,1.0,      73P   2382
1.0,1.0,1.0,1.0,1.0,1.0,1.0,1.0,1.0,1.0,1.0,1.0,1.0,1.0,1.0,1.0,      73P   2383
1.0,1.0,1.0,1.0,1.0,1.0,1.0,1.0,1.0,1.0,1.0,1.0,1.0,1.0,1.0,1.0,      73P   2384
1.0,1.0,1.0,1.0,1.0,1.0,1.0,1.0,1.0,1.0,1.0,1.0,1.0,1.0,1.0,1.0,      73P   2385
1.0,1.0,1.0,1.0,1.0,1.0,1.0,1.0,1.0,1.0,1.0,1.0,1.0,1.0,1.0,1.0,      73P   2386
1.0,1.0,1.0,1.0,1.0,1.0,1.0,1.0,1.0,1.0,1.0,1.0,1.0,1.0,1.0,1.0,      73P   2387
1.0,1.0,14.83606557377,0.0,-1.147540983607,18.802818041914,           73P   2388
-5.8750306533,-0.883693052733,14.83660043861,0.0,                     73P   2389
-1.152936259881,18.803093249829,-5.8750306533,-0.886469123666,        73P   2390
14.837474988581,0.0,-1.15824630242,18.803543238418,                   73P   2391
-5.8750306533,-0.889201338662,14.838676207247,0.0,                    73P   2392
-1.163501772881,18.804161310237,-5.8750306533,-0.891905474288,        73P   2393
14.839877425912,0.0,-1.168757243342,18.804779382056,                  73P   2394
-5.8750306533,-0.894609609914,14.841409260645,0.0,                    73P   2395
-1.173940594742,18.805567568176,-5.8750306533,-0.897276637593,        73P   2396
14.843244720413,0.0,-1.179010411521,18.806511980705,                  73P   2397
-5.8750306533,-0.899885247474,14.846915639949,0.0,                    73P   2398
-1.189150045079,18.808400805763,-5.8750306533,-0.905102467234,        73P   2399
14.85181231654,0.0,-1.198833578459,18.810920328558,                   73P   2400
-5.8750306533,-0.910085006437,14.857607757399,0.0,                    73P   2401
-1.207926959128,18.813902299099,-5.8750306533,-0.914763890052,        73P   2402
14.863403198257,0.0,-1.217020339797,18.81688426964,                   73P   2403
-5.8750306533,-0.919442773667,14.870094147293,0.0,                    73P   2404
-1.225531345846,18.820327012549,-5.8750306533,-0.923822003813,        73P   2405
14.877377797132,0.0,-1.233484969828,18.824074722133,                  73P   2406
-5.8750306533,-0.92791444009,14.884661446971,0.0,-1.24143859381,      73P   2407
18.827822431718,-5.8750306533,-0.932006876367,14.892532767632,        73P   2408
0.0,-1.248842385564,18.831872519866,-5.8750306533,                    73P   2409
-0.935816403449,14.900795282224,0.0,-1.255774030927,                  73P   2410
18.836123891886,-5.8750306533,-0.939382993598,14.909057796816,        73P   2411
0.0,-1.26270567629,18.840375263906,-5.8750306533,                     73P   2412
-0.942949583747,14.917704087877,0.0,-1.269172231585,                  73P   2413
18.844824103237,-5.8750306533,-0.946276867704,14.926609073614,        73P   2414
0.0,-1.275254388362,18.849406050632,-5.8750306533,                    73P   2415
-0.949406364283,14.935514059352,0.0,-1.28133654514,                   73P   2416
18.853987998026,-5.8750306533,-0.952535860861,14.944677581095,        73P   2417
0.0,-1.287036880151,18.85870297184,-5.8750306533,                     73P   2418
-0.955468895896,14.954023270189,0.0,-1.292419745741,                  73P   2419
18.863511677554,-5.8750306533,-0.958238581069,14.972714648378,        73P   2420
0.0,-1.303185476922,18.87312908898,-5.8750306533,                     73P   2421
-0.963777951415,14.992101220587,0.0,-1.312711910399,                  73P   2422
18.883104203667,-5.8750306533,-0.968679656857,15.011842583875,        73P   2423
0.0,-1.321394553015,18.8932618716,-5.8750306533,-0.97314720042,       73P   2424
15.021713265519,0.0,-1.325735874323,18.898340705567,                  73P   2425
-5.8750306533,-0.975380972201,15.031678224929,0.0,                    73P   2426
-1.329860776106,18.903468048962,-5.8750306533,-0.977503388063,        73P   2427
15.041717549872,0.0,-1.333798877562,18.908633656198,                  73P   2428
-5.8750306533,-0.979529688187,15.051756874816,0.0,                    73P   2429
-1.337736979017,18.913799263434,-5.8750306533,-0.98155598831,         73P   2430
15.061870565294,0.0,-1.341488280145,18.919003134512,                  73P   2431
-5.8750306533,-0.983486172696,15.072038709074,0.0,                    73P   2432
-1.345082400141,18.924235023846,-5.8750306533,-0.985335481525,        73P   2433
15.092374996636,0.0,-1.352270640132,18.934698802514,                  73P   2434
-5.8750306533,-0.989034099184,15.112920968123,0.0,                    73P   2435
-1.358849051871,18.945270471385,-5.8750306533,-0.992418937454,        73P   2436
15.133613537341,0.0,-1.36493499411,18.955917570257,                   73P   2437
-5.8750306533,-0.995550381794,15.174998675776,0.0,                    73P   2438
-1.377106878589,18.977211768002,-5.8750306533,-1.001813270474,        73P   2439
15.21691172134,0.0,-1.387419363755,18.99877759366,-5.8750306533,      73P   2440
-1.007119428836,15.259077997787,0.0,-1.39651476755,                   73P   2441
19.020473716055,-5.8750306533,-1.011799353425,15.301244274233,        73P   2442
0.0,-1.405610171345,19.04216983845,-5.8750306533,                     73P   2443
-1.016479278014,15.343666393414,0.0,-1.413490749721,                  73P   2444
19.063997601477,-5.8750306533,-1.020534129602,15.386226328779,        73P   2445
0.0,-1.420508946623,19.085896276072,-5.8750306533,                    73P   2446
-1.024145253746,15.428786264144,0.0,-1.427527143524,                  73P   2447
19.107794950667,-5.8750306533,-1.027756377891,15.471491256076,        73P   2448
0.0,-1.433664699267,19.129768262278,-5.8750306533,                    73P   2449
-1.030914379304,15.514273352206,0.0,-1.439165556443,                  73P   2450
19.151781246876,-5.8750306533,-1.03374477555,15.557055448336,         73P   2451
0.0,-1.444666413618,19.173794231473,-5.8750306533,                    73P   2452
-1.036575171796,15.599924886106,0.0,-1.449495021987,                  73P   2453
19.195852156603,-5.8750306533,-1.03905967095,15.642843059236,         73P   2454
0.0,-1.453818257784,19.217935157893,-5.8750306533,                    73P   2455
-1.041284137061,15.685761232366,0.0,-1.45814149358,                   73P   2456
19.240018159184,-5.8750306533,-1.043508603172,15.728729001115,        73P   2457
0.0,-1.461957043332,19.262126679271,-5.8750306533,                    73P   2458
-1.045471845872,15.771730250085,0.0,-1.465348930872,                  73P   2459
19.284252426181,-5.8750306533,-1.047217098558,15.793230874571,        73P   2460
0.0,-1.467044874641,19.295315299636,-5.8750306533,-1.0480897249,      73P   2461
15.814741383836,0.0,-1.46862672131,19.306383259179,                   73P   2462
-5.8750306533,-1.048903644028,15.836256753656,0.0,                    73P   2463
-1.470123642727,19.317453719659,-5.8750306533,-1.049673865945,        73P   2464
15.857772123477,0.0,-1.471620564144,19.328524180139,                  73P   2465
-5.8750306533,-1.050444087862,15.879293319075,0.0,                    73P   2466
-1.473026179239,19.339597638199,-5.8750306533,-1.05116732927,         73P   2467
15.900821327169,0.0,-1.474335583469,19.350674601543,                  73P   2468
-5.8750306533,-1.051841066598,15.943877343357,0.0,                    73P   2469
-1.47695439193,19.372828528229,-5.8750306533,-1.053188541255,         73P   2470
15.986951720095,0.0,-1.479243662666,19.394991902104,                  73P   2471
-5.8750306533,-1.054366456458,16.030041689834,0.0,                    73P   2472
-1.481224224333,19.41716329916,-5.8750306533,-1.055385529328,         73P   2473
16.116221629312,0.0,-1.485185347669,19.461506093271,                  73P   2474
-5.8750306533,-1.057423675068,16.202448816138,0.0,                    73P   2475
-1.488018893454,19.505873197905,-5.8750306533,-1.05888164009,         73P   2476
16.288697272185,0.0,-1.489968464769,19.550251246346,                  73P   2477
-5.8750306533,-1.059884767267,16.461194184277,0.0,                    73P   2478
-1.493867607401,19.639007343229,-5.8750306533,-1.061891021623,        73P   2479
16.633752364154,0.0,-1.494421885279,19.727794964673,                  73P   2480
-5.8750306533,-1.06217621827,16.806285251618,0.0,                     73P   2481
-1.493083200642,19.816569572228,-5.8750306533,-1.06148741508,         73P   2482
16.849418473485,0.0,-1.492748529482,19.838763224116,                  73P   2483
-5.8750306533,-1.061315214282,16.892550822944,0.0,                    73P   2484
-1.49228145947,19.860956427119,-5.8750306533,-1.061074889335,         73P   2485
16.935681863188,0.0,-1.491704419001,19.883148956482,                  73P   2486
-5.8750306533,-1.060777980486,16.978812903433,0.0,                    73P   2487
-1.491127378532,19.905341485845,-5.8750306533,-1.060481071636,        73P   2488
17.021942106214,0.0,-1.490457892048,19.927533069764,                  73P   2489
-5.8750306533,-1.060136595862,17.065069834249,0.0,                    73P   2490
-1.489677938654,19.949723894872,-5.8750306533,-1.059735280742,        73P   2491
17.15132529032,0.0,-1.488118031867,19.994105545087,                   73P   2492
-5.8750306533,-1.058932650502,17.23757366486,0.0,                     73P   2493
-1.486192648063,20.038483551591,-5.8750306533,-1.057941968702,        73P   2494
17.323814571912,0.0,-1.483969357672,20.082857715793,                  73P   2495
-5.8750306533,-1.056798002848,17.366935025438,0.0,                    73P   2496
-1.482857712476,20.105044797894,-5.8750306533,-1.056226019921,        73P   2497
17.410053683393,0.0,-1.481688660416,20.127230956107,                  73P   2498
-5.8750306533,-1.05562449902,17.453170429251,0.0,                     73P   2499
-1.480444893379,20.149416130475,-5.8750306533,-1.054984534476,        73P   2500
17.496287175109,0.0,-1.479201126342,20.171601304842,                  73P   2501
-5.8750306533,-1.054344569933,17.539402092389,0.0,                    73P   2502
-1.477889271618,20.193785538338,-5.8750306533,-1.053669571734,        73P   2503
17.582515510992,0.0,-1.476536889393,20.21596900071,                   73P   2504
-5.8750306533,-1.052973720624,17.625628929596,0.0,                    73P   2505
-1.475184507168,20.238152463081,-5.8750306533,-1.052277869513,        73P   2506
17.668740527605,0.0,-1.473773954971,20.260334988688,                  73P   2507
-5.8750306533,-1.051552087782,17.71185065781,0.0,                     73P   2508
-1.472319524102,20.282516759056,-5.8750306533,-1.050803728837,        73P   2509
17.754960788015,0.0,-1.470865093233,20.304698529423,                  73P   2510
-5.8750306533,-1.050055369892,17.798069450415,0.0,                    73P   2511
-1.469366783691,20.32687954455,-5.8750306533,-1.049284433733,         73P   2512
17.8411769978,0.0,-1.467838886776,20.34905998596,-5.8750306533,       73P   2513
-1.048498273767,17.884284545185,0.0,-1.466310989861,                  73P   2514
20.37124042737,-5.8750306533,-1.047712113801,17.927390575908,         73P   2515
0.0,-1.464740519492,20.393420088401,-5.8750306533,                    73P   2516
-1.046904048204,17.970495380179,0.0,-1.463136217446,                  73P   2517
20.415599118376,-5.8750306533,-1.046078574947,18.013600184449,        73P   2518
0.0,-1.461531915401,20.437778148352,-5.8750306533,                    73P   2519
-1.045253101691,18.056703762266,0.0,-1.459893781679,                  73P   2520
20.459956547271,-5.8750306533,-1.044410220774,18.099806403837,        73P   2521
0.0,-1.45823055806,20.482134464457,-5.8750306533,-1.04355443017,      73P   2522
18.142909045408,0.0,-1.456567334441,20.504312381643,                  73P   2523
-5.8750306533,-1.042698639566,18.186010634676,0.0,                    73P   2524
-1.454874626521,20.526489757379,-5.8750306533,-1.041827678188,        73P   2525
18.229109287446,0.0,-1.453113665883,20.548665622178,                  73P   2526
-5.8750306533,-1.040921598241,18.272207940216,0.0,                    73P   2527
-1.451352705246,20.570841486977,-5.8750306533,-1.040015518294,        73P   2528
18.315303266886,0.0,-1.449514617848,20.593015640373,                  73P   2529
-5.8750306533,-1.039069753751,18.358396241667,0.0,                    73P   2530
-1.447617369685,20.615188583635,-5.8750306533,-1.038093548788,        73P   2531
18.401489216448,0.0,-1.445720121522,20.637361526897,                  73P   2532
-5.8750306533,-1.037117343825,18.444579614791,0.0,                    73P   2533
-1.443765845483,20.659533144485,-5.8750306533,-1.036111795891,        73P   2534
18.487667514316,0.0,-1.441758196059,20.681703476338,                  73P   2535
-5.8750306533,-1.03507878536,18.530755413841,0.0,                     73P   2536
-1.439750546635,20.703873808191,-5.8750306533,-1.034045774829,        73P   2537
18.573840814547,0.0,-1.437689523826,20.726042854309,                  73P   2538
-5.8750306533,-1.0329853017,18.616923794057,0.0,-1.435578782124,      73P   2539
20.74821065463,-5.8750306533,-1.031899246345,18.703089753075,         73P   2540
0.0,-1.431357298719,20.792546255274,-5.8750306533,                    73P   2541
-1.029727135636,18.789246027305,0.0,-1.426936939741,                  73P   2542
20.836876872731,-5.8750306533,-1.027452696025,18.875393237711,        73P   2543
0.0,-1.422346941121,20.881202826514,-5.8750306533,                    73P   2544
-1.025090970489,19.047687658524,0.0,-1.413166943882,                  73P   2545
20.969854734079,-5.8750306533,-1.020367519416,19.219947273579,        73P   2546
0.0,-1.403356418285,21.058488732783,-5.8750306533,                    73P   2547
-1.015319637981,19.39218028926,0.0,-1.393092714535,                   73P   2548
21.147109045117,-5.8750306533,-1.010038579477,19.56441330494,         73P   2549
0.0,-1.382829010785,21.23572935745,-5.8750306533,                     73P   2550
-1.004757520973,19.736619721247,0.0,-1.37211212888,                   73P   2551
21.324335983414,-5.8750306533,-0.999243285402,19.908807744562,        73P   2552
0.0,-1.361119419025,21.412933145497,-5.8750306533,                    73P   2553
-0.993587126059,20.080995767878,0.0,-1.350126709169,                  73P   2554
21.50153030758,-5.8750306533,-0.987930966717,20.253165419563,         73P   2555
0.0,-1.338847982537,21.590118016774,-5.8750306533,                    73P   2556
-0.982127641071,20.425323412438,0.0,-1.327395103704,                  73P   2557
21.678699727075,-5.8750306533,-0.976234707621,20.597481405314,        73P   2558
0.0,-1.315942224871,21.767281437376,-5.8750306533,                    73P   2559
-0.970341774171,20.769627365311,0.0,-1.304308654604,                  73P   2560
21.855856956313,-5.8750306533,-0.964355868237,20.941766042267,        73P   2561
0.0,-1.292568884039,21.944428727853,-5.8750306533,                    73P   2562
-0.958315318287,21.28604339618,0.0,-1.269089342911,                   73P   2563
22.121572270934,-5.8750306533,-0.946234218389,21.63029376518,         73P   2564
0.0,-1.245215222185,22.29870192927,-5.8750306533,                     73P   2565
-0.933950092566,21.974525800278,0.0,-1.221080471091,                  73P   2566
22.47582215413,-5.8750306533,-0.921531862696,22.318757835377,         73P   2567
0.0,-1.196945719996,22.65294237899,-5.8750306533,                     73P   2568
-0.909113632825,22.662971530811,0.0,-1.172546433502,                  73P   2569
22.830053167409,-5.8750306533,-0.896559289621,23.007141411513,        73P   2570
0.0,-1.147540983607,23.007141411513,-5.8750306533,                    73P   2571
-0.883693052733,0.0,1.0,0.0,41.0,,1,75;                               73P   2572
406,1,34HSurf_ABTTPPFWAX, Wing, 1, 7, lower;                          75P   2573
128,1,123,1,3,0,0,1,0,0,0.0,0.0,1.0,1.0,0.0,0.0,0.0,0.0,1.0,1.0,      77P   2574
1.0,2.0,2.0,2.0,3.0,3.0,3.0,4.0,4.0,4.0,5.0,5.0,5.0,6.0,6.0,6.0,      77P   2575
7.0,7.0,7.0,8.0,8.0,8.0,9.0,9.0,9.0,10.0,10.0,10.0,11.0,11.0,         77P   2576
11.0,12.0,12.0,12.0,13.0,13.0,13.0,14.0,14.0,14.0,15.0,15.0,          77P   2577
15.0,16.0,16.0,16.0,17.0,17.0,17.0,18.0,18.0,18.0,19.0,19.0,          77P   2578
19.0,20.0,20.0,20.0,21.0,21.0,21.0,22.0,22.0,22.0,23.0,23.0,          77P   2579
23.0,24.0,24.0,24.0,25.0,25.0,25.0,26.0,26.0,26.0,27.0,27.0,          77P   2580
27.0,28.0,28.0,28.0,29.0,29.0,29.0,30.0,30.0,30.0,31.0,31.0,          77P   2581
31.0,32.0,32.0,32.0,33.0,33.0,33.0,34.0,34.0,34.0,35.0,35.0,          77P   2582
35.0,36.0,36.0,36.0,37.0,37.0,37.0,38.0,38.0,38.0,39.0,39.0,          77P   2583
39.0,40.0,40.0,40.0,41.0,41.0,41.0,41.0,1.0,1.0,1.0,1.0,1.0,1.0,      77P   2584
1.0,1.0,1.0,1.0,1.0,1.0,1.0,1.0,1.0,1.0,1.0,1.0,1.0,1.0,1.0,1.0,      77P   2585
1.0,1.0,1.0,1.0,1.0,1.0,1.0,1.0,1.0,1.0,1.0,1.0,1.0,1.0,1.0,1.0,      77P   2586
1.0,1.0,1.0,1.0,1.0,1.0,1.0,1.0,1.0,1.0,1.0,1.0,1.0,1.0,1.0,1.0,      77P   2587
1.0,1.0,1.0,1.0,1.0,1.0,1.0,1.0,1.0,1.0,1.0,1.0,1.0,1.0,1.0,1.0,      77P   2588
1.0,1.0,1.0,1.0,1.0,1.0,1.0,1.0,1.0,1.0,1.0,1.0,1.0,1.0,1.0,1.0,      77P   2589
1.0,1.0,1.0,1.0,1.0,1.0,1.0,1.0,1.0,1.0,1.0,1.0,1.0,1.0,1.0,1.0,      77P   2590
1.0,1.0,1.0,1.0,1.0,1.0,1.0,1.0,1.0,1.0,1.0,1.0,1.0,1.0,1.0,1.0,      77P   2591
1.0,1.0,1.0,1.0,1.0,1.0,1.0,1.0,1.0,1.0,1.0,1.0,1.0,1.0,1.0,1.0,      77P   2592
1.0,1.0,1.0,1.0,1.0,1.0,1.0,1.0,1.0,1.0,1.0,1.0,1.0,1.0,1.0,1.0,      77P   2593
1.0,1.0,1.0,1.0,1.0,1.0,1.0,1.0,1.0,1.0,1.0,1.0,1.0,1.0,1.0,1.0,      77P   2594
1.0,1.0,1.0,1.0,1.0,1.0,1.0,1.0,1.0,1.0,1.0,1.0,1.0,1.0,1.0,1.0,      77P   2595
1.0,1.0,1.0,1.0,1.0,1.0,1.0,1.0,1.0,1.0,1.0,1.0,1.0,1.0,1.0,1.0,      77P   2596
1.0,1.0,1.0,1.0,1.0,1.0,1.0,1.0,1.0,1.0,1.0,1.0,1.0,1.0,1.0,1.0,      77P   2597
1.0,1.0,1.0,1.0,1.0,1.0,1.0,1.0,1.0,1.0,1.0,1.0,1.0,1.0,1.0,1.0,      77P   2598
1.0,1.0,1.0,1.0,1.0,1.0,1.0,1.0,1.0,1.0,1.0,1.0,1.0,1.0,1.0,1.0,      77P   2599
1.0,1.0,23.007141411513,0.0,-1.147540983607,23.007141411513,          77P   2600
-5.8750306533,-0.883693052733,22.664479473755,0.0,                    77P   2601
-1.076057297815,22.830829060312,-5.8750306533,-0.846912029439,        77P   2602
22.320669639552,0.0,-1.010091305676,22.653926073565,                  77P   2603
-5.8750306533,-0.812970065388,21.975947827339,0.0,                    77P   2604
-0.949310358917,22.476553840107,-5.8750306533,-0.78169600063,         77P   2605
21.631226015126,0.0,-0.888529412158,22.299181606649,                  77P   2606
-5.8750306533,-0.750421935873,21.285590877429,0.0,                    77P   2607
-0.832930357047,22.121339433154,-5.8750306533,-0.721814147698,        77P   2608
20.93917863806,0.0,-0.782665000093,21.943097411856,                   77P   2609
-5.8750306533,-0.695950746217,20.765972518376,0.0,                    77P   2610
-0.757532321616,21.853976401208,-5.8750306533,-0.683019045476,        77P   2611
20.59257111628,0.0,-0.73373958949,21.764754910473,-5.8750306533,      77P   2612
-0.670776797125,20.41898798914,0.0,-0.711371235501,                   77P   2613
21.675439915422,-5.8750306533,-0.659267444467,20.245404862,0.0,       77P   2614
-0.689002881512,21.586124920372,-5.8750306533,-0.647758091808,        77P   2615
20.071637889396,0.0,-0.668043418888,21.496715329972,                  77P   2616
-5.8750306533,-0.636973666321,19.897699652439,0.0,                    77P   2617
-0.648610236609,21.407217617672,-5.8750306533,-0.626974569014,        77P   2618
19.723761415482,0.0,-0.62917705433,21.317719905373,                   77P   2619
-5.8750306533,-0.616975471707,19.549652692108,0.0,                    77P   2620
-0.611283769035,21.228134471451,-5.8750306533,-0.607768708851,        77P   2621
19.375384782008,0.0,-0.59506357861,21.138467130019,                   77P   2622
-5.8750306533,-0.599422815725,19.201116871907,0.0,                    77P   2623
-0.578843388185,21.048799788588,-5.8750306533,-0.591076922599,        77P   2624
19.026692253375,0.0,-0.564328538849,20.959051814821,                  77P   2625
-5.8750306533,-0.583608491088,18.85212720281,0.0,                     77P   2626
-0.551701880799,20.869231583535,-5.8750306533,-0.577111604438,        77P   2627
18.764844677527,0.0,-0.545388551773,20.824321467892,                  77P   2628
-5.8750306533,-0.573863161114,18.677528119808,0.0,                    77P   2629
-0.539559491698,20.77939384129,-5.8750306533,-0.570863892231,         77P   2630
18.590179832006,0.0,-0.534235830089,20.734449888376,                  77P   2631
-5.8750306533,-0.568124669715,18.546505688104,0.0,                    77P   2632
-0.531573999285,20.71197791192,-5.8750306533,-0.566755058457,         77P   2633
18.502824610502,0.0,-0.529048451936,20.689502367815,                  77P   2634
-5.8750306533,-0.565455570122,18.459135354139,0.0,                    77P   2635
-0.526645355933,20.667022615433,-5.8750306533,-0.564219087572,        77P   2636
18.415446097775,0.0,-0.52424225993,20.644542863051,                   77P   2637
-5.8750306533,-0.562982605023,18.371749109922,0.0,                    77P   2638
-0.521967027099,20.622059132529,-5.8750306533,-0.561811912845,        77P   2639
18.328045948403,0.0,-0.51983870677,20.599572225425,                   77P   2640
-5.8750306533,-0.560716812631,18.284342786883,0.0,                    77P   2641
-0.51771038644,20.577085318321,-5.8750306533,-0.559621712417,         77P   2642
18.240633626615,0.0,-0.515723541736,20.554595324637,                  77P   2643
-5.8750306533,-0.558599406691,18.196917505891,0.0,                    77P   2644
-0.513858804588,20.532101749539,-5.8750306533,-0.557639929857,        77P   2645
18.153201385168,0.0,-0.51199406744,20.509608174441,                   77P   2646
-5.8750306533,-0.556680453024,18.1094787228,0.0,-0.510274273797,      77P   2647
20.487111233424,-5.8750306533,-0.555795555032,18.065750331458,        77P   2648
0.0,-0.508772205309,20.464611344635,-5.8750306533,                    77P   2649
-0.555022684755,18.022021940115,0.0,-0.50727013682,                   77P   2650
20.442111455845,-5.8750306533,-0.554249814477,17.978286117221,        77P   2651
0.0,-0.505962486996,20.419607743246,-5.8750306533,                    77P   2652
-0.553576979856,17.934544424686,0.0,-0.504834140446,                  77P   2653
20.397101010497,-5.8750306533,-0.552996403459,17.89080273215,         77P   2654
0.0,-0.503705793897,20.374594277748,-5.8750306533,                    77P   2655
-0.552415827063,17.84705668556,0.0,-0.502776151941,                   77P   2656
20.352085304675,-5.8750306533,-0.551937491593,17.803308607786,        77P   2657
0.0,-0.502069968997,20.329575286483,-5.8750306533,                    77P   2658
-0.551574134121,17.759560530013,0.0,-0.501363786053,                  77P   2659
20.30706526829,-5.8750306533,-0.55121077665,17.715805849554,0.0,      77P   2660
-0.500853757995,20.28455185277,-5.8750306533,-0.550948348186,         77P   2661
17.672050649603,0.0,-0.500562327239,20.262038169952,                  77P   2662
-5.8750306533,-0.550798396189,17.628295449652,0.0,                    77P   2663
-0.500270896483,20.239524487134,-5.8750306533,-0.550648444192,        77P   2664
17.584542133097,0.0,-0.500206825393,20.217011773393,                  77P   2665
-5.8750306533,-0.550615477226,17.540786951375,0.0,                    77P   2666
-0.50035674289,20.194498099954,-5.8750306533,-0.550692615371,         77P   2667
17.497031769653,0.0,-0.500506660386,20.171984426515,                  77P   2668
-5.8750306533,-0.550769753516,17.453275071342,0.0,                    77P   2669
-0.500871696629,20.149469972734,-5.8750306533,-0.550957578282,        77P   2670
17.409524172004,0.0,-0.501477867858,20.126958502742,                  77P   2671
-5.8750306533,-0.551269475995,17.365773272667,0.0,                    77P   2672
-0.502084039086,20.10444703275,-5.8750306533,-0.551581373707,         77P   2673
17.322027449822,0.0,-0.502928979392,20.081938174802,                  77P   2674
-5.8750306533,-0.552016127018,17.278284152433,0.0,                    77P   2675
-0.504003494642,20.059430616297,-5.8750306533,-0.552569005203,        77P   2676
17.190797557656,0.0,-0.506152525142,20.014415499285,                  77P   2677
-5.8750306533,-0.553674761572,17.103338141834,0.0,                    77P   2678
-0.509279805164,19.96941436686,-5.8750306533,-0.555283863818,         77P   2679
17.01592637537,0.0,-0.51345316529,19.924437751806,-5.8750306533,      77P   2680
-0.557431213305,16.972220492138,0.0,-0.515539845353,                  77P   2681
19.90194944428,-5.8750306533,-0.558504888048,16.928527557546,         77P   2682
0.0,-0.517891676,19.879467799312,-5.8750306533,-0.55971499266,        77P   2683
16.88485162705,0.0,-0.520521574221,19.856994903586,                   77P   2684
-5.8750306533,-0.561068173412,16.841175696553,0.0,                    77P   2685
-0.523151472443,19.834522007859,-5.8750306533,-0.562421354165,        77P   2686
16.797516770152,0.0,-0.526059438239,19.812057861374,                  77P   2687
-5.8750306533,-0.563917611059,16.7538789033,0.0,-0.5292583886,        77P   2688
19.789604550813,-5.8750306533,-0.565563590368,16.579327435894,        77P   2689
0.0,-0.542054190047,19.699791308568,-5.8750306533,                    77P   2690
-0.572147507605,16.405093948101,0.0,-0.55945686227,                   77P   2691
19.610141678698,-5.8750306533,-0.581101831733,16.231631018542,        77P   2692
0.0,-0.582803830962,19.520888529787,-5.8750306533,                    77P   2693
-0.593114718167,16.144899553762,0.0,-0.594477315308,                  77P   2694
19.476261955332,-5.8750306533,-0.599121161383,16.058380812386,        77P   2695
0.0,-0.607690142941,19.431744835005,-5.8750306533,                    77P   2696
-0.605919654152,15.972158081635,0.0,-0.622666381554,                  77P   2697
19.387380023187,-5.8750306533,-0.613625487661,15.929046716259,        77P   2698
0.0,-0.630154500861,19.365197617278,-5.8750306533,                    77P   2699
-0.617478404415,15.886020076902,0.0,-0.63811061716,                   77P   2700
19.343058806067,-5.8750306533,-0.621572123082,15.84308528969,         77P   2701
0.0,-0.646552856069,19.320967256211,-5.8750306533,                    77P   2702
-0.625915969969,15.821617896083,0.0,-0.650773975524,                  77P   2703
19.309921481283,-5.8750306533,-0.628087893412,15.800179113739,        77P   2704
0.0,-0.655130306841,19.298890427917,-5.8750306533,                    77P   2705
-0.630329388403,15.778766419623,0.0,-0.659616127788,                  77P   2706
19.287872797917,-5.8750306533,-0.63263751064,15.757353725507,         77P   2707
0.0,-0.664101948735,19.276855167918,-5.8750306533,                    77P   2708
-0.634945632877,15.735964964799,0.0,-0.668711928648,                  77P   2709
19.26584985255,-5.8750306533,-0.637317639533,15.71461175429,0.0,      77P   2710
-0.673473498099,19.254862829085,-5.8750306533,-0.639767644663,        77P   2711
15.671905333271,0.0,-0.682996637002,19.232888782156,                  77P   2712
-5.8750306533,-0.644667654924,15.629327435367,0.0,                    77P   2713
-0.693094696732,19.210980865164,-5.8750306533,-0.649863483398,        77P   2714
15.586913571294,0.0,-0.703848233827,19.189157349698,                  77P   2715
-5.8750306533,-0.655396579433,15.544499707221,0.0,                    77P   2716
-0.714601770922,19.167333834233,-5.8750306533,-0.660929675467,        77P   2717
15.502248053736,0.0,-0.72600745563,19.145593782166,                   77P   2718
-5.8750306533,-0.66679832578,15.460231623944,0.0,                     77P   2719
-0.738218121605,19.123974761465,-5.8750306533,-0.673081168986,        77P   2720
15.418215194151,0.0,-0.75042878758,19.102355740765,                   77P   2721
-5.8750306533,-0.679364012192,15.376421217751,0.0,                    77P   2722
-0.763421179719,19.080851180634,-5.8750306533,-0.686049082675,        77P   2723
15.334960647243,0.0,-0.77740602131,19.059518170273,                   77P   2724
-5.8750306533,-0.693244805428,15.293500076735,0.0,                    77P   2725
-0.791390862901,19.038185159912,-5.8750306533,-0.700440528181,        77P   2726
15.252366558395,0.0,-0.806360771379,19.017020430094,                  77P   2727
-5.8750306533,-0.708143104599,15.211753471791,0.0,                    77P   2728
-0.822643507602,18.996123481821,-5.8750306533,-0.716521179871,        77P   2729
15.171140385187,0.0,-0.838926243825,18.975226533547,                  77P   2730
-5.8750306533,-0.724899255143,15.131033818783,0.0,                    77P   2731
-0.856506306216,18.954590208814,-5.8750306533,-0.73394485313,         77P   2732
15.091849179802,0.0,-0.875982911375,18.934428250136,                  77P   2733
-5.8750306533,-0.743966293129,15.072256860311,0.0,                    77P   2734
-0.885721213955,18.924347270796,-5.8750306533,-0.748977013128,        77P   2735
15.052910861959,0.0,-0.895952100577,18.914393032873,                  77P   2736
-5.8750306533,-0.754241185995,15.033901606777,0.0,                    77P   2737
-0.906785469195,18.904612061874,-5.8750306533,-0.759815358326,        77P   2738
15.024396979187,0.0,-0.912202153504,18.899721576375,                  77P   2739
-5.8750306533,-0.762602444492,15.014985048558,0.0,                    77P   2740
-0.917778436221,18.894878786921,-5.8750306533,-0.765471649993,        77P   2741
15.005676779885,0.0,-0.923526065642,18.89008933541,                   77P   2742
-5.8750306533,-0.768429019765,14.996368511212,0.0,                    77P   2743
-0.929273695063,18.8852998839,-5.8750306533,-0.771386389538,          77P   2744
14.987169621455,0.0,-0.935199274989,18.880566711923,                  77P   2745
-5.8750306533,-0.774435321485,14.978114420936,0.0,                    77P   2746
-0.941334423963,18.875907473419,-5.8750306533,-0.777592084526,        77P   2747
14.960004019897,0.0,-0.953604721913,18.866588996411,                  77P   2748
-5.8750306533,-0.783905610608,14.94241643152,0.0,                     77P   2749
-0.966676052772,18.857539526024,-5.8750306533,-0.790631298008,        77P   2750
14.925770711139,0.0,-0.980877231372,18.84897468186,                   77P   2751
-5.8750306533,-0.797938334223,14.917447850949,0.0,                    77P   2752
-0.987977820673,18.844692259778,-5.8750306533,-0.801591852331,        77P   2753
14.9093723678,0.0,-0.995367490171,18.840537122413,-5.8750306533,      77P   2754
-0.805394112986,14.90162625389,0.0,-1.003092777253,                   77P   2755
18.83655145781,-5.8750306533,-0.809369061409,14.89388013998,0.0,      77P   2756
-1.010818064335,18.832565793207,-5.8750306533,-0.813344009832,        77P   2757
14.886475606578,0.0,-1.01888657112,18.828755884519,                   77P   2758
-5.8750306533,-0.817495557597,14.879543334615,0.0,                    77P   2759
-1.027350522609,18.825188971961,-5.8750306533,-0.821850576416,        77P   2760
14.872611062652,0.0,-1.035814474099,18.821622059403,                  77P   2761
-5.8750306533,-0.826205595235,14.866161909477,0.0,                    77P   2762
-1.044681025797,18.818303729486,-5.8750306533,-0.830767766883,        77P   2763
14.860419474887,0.0,-1.053990721987,18.815349032648,                  77P   2764
-5.8750306533,-0.835557952904,14.854677040298,0.0,                    77P   2765
-1.063300418177,18.81239433581,-5.8750306533,-0.840348138925,         77P   2766
14.849633838849,0.0,-1.073059658076,18.80979942051,                   77P   2767
-5.8750306533,-0.845369631956,14.845616268683,0.0,                    77P   2768
-1.083232783027,18.807732230769,-5.8750306533,-0.850604084288,        77P   2769
14.841598698517,0.0,-1.093405907978,18.805665041029,                  77P   2770
-5.8750306533,-0.85583853662,14.838605768048,0.0,                     77P   2771
-1.104002668445,18.804125066641,-5.8750306533,-0.86129096523,         77P   2772
14.836948316918,0.0,-1.114813844626,18.803272246198,                  77P   2773
-5.8750306533,-0.866853718725,14.836119591353,0.0,                    77P   2774
-1.120219432717,18.802845835976,-5.8750306533,-0.869635095472,        77P   2775
14.835620749777,0.0,-1.125679779017,18.802589163374,                  77P   2776
-5.8750306533,-0.872444647361,14.835471109253,0.0,                    77P   2777
-1.131146793004,18.802512167741,-5.8750306533,-0.875257630024,        77P   2778
14.83532146873,0.0,-1.136613806991,18.802435172109,                   77P   2779
-5.8750306533,-0.878070612687,14.835530708931,0.0,                    77P   2780
-1.142145707333,18.802542833999,-5.8750306533,-0.8809169818,          77P   2781
14.83606557377,0.0,-1.147540983607,18.802818041914,                   77P   2782
-5.8750306533,-0.883693052733,0.0,1.0,0.0,41.0,,1,79;                 77P   2783
406,1,35HSurf_ABTTPPFWAX, Wing, 1, 10, upper;                         79P   2784
128,1,123,1,3,0,0,1,0,0,0.0,0.0,1.0,1.0,0.0,0.0,0.0,0.0,1.0,1.0,      81P   2785
1.0,2.0,2.0,2.0,3.0,3.0,3.0,4.0,4.0,4.0,5.0,5.0,5.0,6.0,6.0,6.0,      81P   2786
7.0,7.0,7.0,8.0,8.0,8.0,9.0,9.0,9.0,10.0,10.0,10.0,11.0,11.0,         81P   2787
11.0,12.0,12.0,12.0,13.0,13.0,13.0,14.0,14.0,14.0,15.0,15.0,          81P   2788
15.0,16.0,16.0,16.0,17.0,17.0,17.0,18.0,18.0,18.0,19.0,19.0,          81P   2789
19.0,20.0,20.0,20.0,21.0,21.0,21.0,22.0,22.0,22.0,23.0,23.0,          81P   2790
23.0,24.0,24.0,24.0,25.0,25.0,25.0,26.0,26.0,26.0,27.0,27.0,          81P   2791
27.0,28.0,28.0,28.0,29.0,29.0,29.0,30.0,30.0,30.0,31.0,31.0,          81P   2792
31.0,32.0,32.0,32.0,33.0,33.0,33.0,34.0,34.0,34.0,35.0,35.0,          81P   2793
35.0,36.0,36.0,36.0,37.0,37.0,37.0,38.0,38.0,38.0,39.0,39.0,          81P   2794
39.0,40.0,40.0,40.0,41.0,41.0,41.0,41.0,1.0,1.0,1.0,1.0,1.0,1.0,      81P   2795
1.0,1.0,1.0,1.0,1.0,1.0,1.0,1.0,1.0,1.0,1.0,1.0,1.0,1.0,1.0,1.0,      81P   2796
1.0,1.0,1.0,1.0,1.0,1.0,1.0,1.0,1.0,1.0,1.0,1.0,1.0,1.0,1.0,1.0,      81P   2797
1.0,1.0,1.0,1.0,1.0,1.0,1.0,1.0,1.0,1.0,1.0,1.0,1.0,1.0,1.0,1.0,      81P   2798
1.0,1.0,1.0,1.0,1.0,1.0,1.0,1.0,1.0,1.0,1.0,1.0,1.0,1.0,1.0,1.0,      81P   2799
1.0,1.0,1.0,1.0,1.0,1.0,1.0,1.0,1.0,1.0,1.0,1.0,1.0,1.0,1.0,1.0,      81P   2800
1.0,1.0,1.0,1.0,1.0,1.0,1.0,1.0,1.0,1.0,1.0,1.0,1.0,1.0,1.0,1.0,      81P   2801
1.0,1.0,1.0,1.0,1.0,1.0,1.0,1.0,1.0,1.0,1.0,1.0,1.0,1.0,1.0,1.0,      81P   2802
1.0,1.0,1.0,1.0,1.0,1.0,1.0,1.0,1.0,1.0,1.0,1.0,1.0,1.0,1.0,1.0,      81P   2803
1.0,1.0,1.0,1.0,1.0,1.0,1.0,1.0,1.0,1.0,1.0,1.0,1.0,1.0,1.0,1.0,      81P   2804
1.0,1.0,1.0,1.0,1.0,1.0,1.0,1.0,1.0,1.0,1.0,1.0,1.0,1.0,1.0,1.0,      81P   2805
1.0,1.0,1.0,1.0,1.0,1.0,1.0,1.0,1.0,1.0,1.0,1.0,1.0,1.0,1.0,1.0,      81P   2806
1.0,1.0,1.0,1.0,1.0,1.0,1.0,1.0,1.0,1.0,1.0,1.0,1.0,1.0,1.0,1.0,      81P   2807
1.0,1.0,1.0,1.0,1.0,1.0,1.0,1.0,1.0,1.0,1.0,1.0,1.0,1.0,1.0,1.0,      81P   2808
1.0,1.0,1.0,1.0,1.0,1.0,1.0,1.0,1.0,1.0,1.0,1.0,1.0,1.0,1.0,1.0,      81P   2809
1.0,1.0,1.0,1.0,1.0,1.0,1.0,1.0,1.0,1.0,1.0,1.0,1.0,1.0,1.0,1.0,      81P   2810
1.0,1.0,18.802818041914,-5.8750306533,-0.883693052733,                81P   2811
25.302799062182,-18.412029084383,0.386610752108,18.803093249829,      81P   2812
-5.8750306533,-0.886469123666,25.302896210631,-18.412029084383,       81P   2813
0.385630798518,18.803543238418,-5.8750306533,-0.889201338662,         81P   2814
25.303055056692,-18.412029084383,0.384666326082,18.804161310237,      81P   2815
-5.8750306533,-0.891905474288,25.303273236166,-18.412029084383,       81P   2816
0.383711765669,18.804779382056,-5.8750306533,-0.894609609914,         81P   2817
25.303491415641,-18.412029084383,0.382757205256,18.805567568176,      81P   2818
-5.8750306533,-0.897276637593,25.303769645498,-18.412029084383,       81P   2819
0.381815743956,18.806511980705,-5.8750306533,-0.899885247474,         81P   2820
25.304103023309,-18.412029084383,0.38089490415,18.808400805763,       81P   2821
-5.8750306533,-0.905102467234,25.304769778929,-18.412029084383,       81P   2822
0.379053224539,18.810920328558,-5.8750306533,-0.910085006437,         81P   2823
25.305659170976,-18.412029084383,0.377294387211,18.813902299099,      81P   2824
-5.8750306533,-0.914763890052,25.306711807169,-18.412029084383,       81P   2825
0.375642740366,18.81688426964,-5.8750306533,-0.919442773667,          81P   2826
25.307764443362,-18.412029084383,0.373991093521,18.820327012549,      81P   2827
-5.8750306533,-0.923822003813,25.308979732292,-18.412029084383,       81P   2828
0.37244522441,18.824074722133,-5.8750306533,-0.92791444009,           81P   2829
25.310302674519,-18.412029084383,0.371000593592,18.827822431718,      81P   2830
-5.8750306533,-0.932006876367,25.311625616747,-18.412029084383,       81P   2831
0.369555962774,18.831872519866,-5.8750306533,-0.935816403449,         81P   2832
25.313055298667,-18.412029084383,0.368211198958,18.836123891886,      81P   2833
-5.8750306533,-0.939382993598,25.314556033834,-18.412029084383,       81P   2834
0.366952191927,18.840375263906,-5.8750306533,-0.942949583747,         81P   2835
25.316056769001,-18.412029084383,0.365693184896,18.844824103237,      81P   2836
-5.8750306533,-0.946276867704,25.317627210168,-18.412029084383,       81P   2837
0.364518652999,18.849406050632,-5.8750306533,-0.949406364283,         81P   2838
25.319244638508,-18.412029084383,0.363413940085,18.853987998026,      81P   2839
-5.8750306533,-0.952535860861,25.320862066848,-18.412029084383,       81P   2840
0.362309227172,18.85870297184,-5.8750306533,-0.955468895896,          81P   2841
25.32252645354,-18.412029084383,0.361273865222,18.863511677554,       81P   2842
-5.8750306533,-0.958238581069,25.324223927612,-18.412029084383,       81P   2843
0.360296165806,18.87312908898,-5.8750306533,-0.963777951415,          81P   2844
25.327618875755,-18.412029084383,0.358340766974,18.883104203667,      81P   2845
-5.8750306533,-0.968679656857,25.331140093219,-18.412029084383,       81P   2846
0.356610463981,18.8932618716,-5.8750306533,-0.97314720042,            81P   2847
25.334725752016,-18.412029084383,0.355033420216,18.898340705567,      81P   2848
-5.8750306533,-0.975380972201,25.336518581415,-18.412029084383,       81P   2849
0.354244898334,18.903468048962,-5.8750306533,-0.977503388063,         81P   2850
25.338328534651,-18.412029084383,0.353495685113,18.908633656198,      81P   2851
-5.8750306533,-0.979529688187,25.340151995031,-18.412029084383,       81P   2852
0.352780400767,18.913799263434,-5.8750306533,-0.98155598831,          81P   2853
25.341975455411,-18.412029084383,0.352065116421,18.919003134512,      81P   2854
-5.8750306533,-0.983486172696,25.343812422935,-18.412029084383,       81P   2855
0.35138376095,18.924235023846,-5.8750306533,-0.985335481525,          81P   2856
25.345659280908,-18.412029084383,0.350730954566,18.934698802514,      81P   2857
-5.8750306533,-0.989034099184,25.349352996855,-18.412029084383,       81P   2858
0.349425341798,18.945270471385,-5.8750306533,-0.992418937454,         81P   2859
25.353084798065,-18.412029084383,0.348230493217,18.955917570257,      81P   2860
-5.8750306533,-0.995550381794,25.356843226081,-18.412029084383,       81P   2861
0.347125092743,18.977211768002,-5.8750306533,-1.001813270474,         81P   2862
25.364360082112,-18.412029084383,0.344914291796,18.99877759366,       81P   2863
-5.8750306533,-1.007119428836,25.371972822851,-18.412029084383,       81P   2864
0.343041216841,19.020473716055,-5.8750306533,-1.011799353425,         81P   2865
25.379631558364,-18.412029084383,0.341389202532,19.04216983845,       81P   2866
-5.8750306533,-1.016479278014,25.387290293876,-18.412029084383,       81P   2867
0.339737188223,19.063997601477,-5.8750306533,-1.020534129602,         81P   2868
25.394995498558,-18.412029084383,0.338305824807,19.085896276072,      81P   2869
-5.8750306533,-1.024145253746,25.402725735037,-18.412029084383,       81P   2870
0.337031097267,19.107794950667,-5.8750306533,-1.027756377891,         81P   2871
25.410455971517,-18.412029084383,0.335756369727,19.129768262278,      81P   2872
-5.8750306533,-1.030914379304,25.418212554878,-18.412029084383,       81P   2873
0.334641594601,19.151781246876,-5.8750306533,-1.03374477555,          81P   2874
25.425983142811,-18.412029084383,0.333642464165,19.173794231473,      81P   2875
-5.8750306533,-1.036575171796,25.433753730744,-18.412029084383,       81P   2876
0.332643333728,19.195852156603,-5.8750306533,-1.03905967095,          81P   2877
25.441540182694,-18.412029084383,0.331766305033,19.217935157893,      81P   2878
-5.8750306533,-1.041284137061,25.449335486533,-18.412029084383,       81P   2879
0.330981068055,19.240018159184,-5.8750306533,-1.043508603172,         81P   2880
25.457130790373,-18.412029084383,0.330195831076,19.262126679271,      81P   2881
-5.8750306533,-1.045471845872,25.464935102353,-18.412029084383,       81P   2882
0.329502806013,19.284252426181,-5.8750306533,-1.047217098558,         81P   2883
25.472745495404,-18.412029084383,0.328886731469,19.295315299636,      81P   2884
-5.8750306533,-1.0480897249,25.47665069193,-18.412029084383,          81P   2885
0.328578694196,19.306383259179,-5.8750306533,-1.048903644028,         81P   2886
25.480557683846,-18.412029084383,0.328291380583,19.317453719659,      81P   2887
-5.8750306533,-1.049673865945,25.484465558593,-18.412029084383,       81P   2888
0.328019492093,19.328524180139,-5.8750306533,-1.050444087862,         81P   2889
25.488373433341,-18.412029084383,0.327747603603,19.339597638199,      81P   2890
-5.8750306533,-1.05116732927,25.492282366234,-18.412029084383,        81P   2891
0.327492299243,19.350674601543,-5.8750306533,-1.051841066598,         81P   2892
25.496192536493,-18.412029084383,0.327254469832,19.372828528229,      81P   2893
-5.8750306533,-1.053188541255,25.504012877012,-18.412029084383,       81P   2894
0.326778811011,19.394991902104,-5.8750306533,-1.054366456458,         81P   2895
25.51183655239,-18.412029084383,0.32636300671,19.41716329916,         81P   2896
-5.8750306533,-1.055385529328,25.519663059952,-18.412029084383,       81P   2897
0.326003273785,19.461506093271,-5.8750306533,-1.057423675068,         81P   2898
25.535316075076,-18.412029084383,0.325283807934,19.505873197905,      81P   2899
-5.8750306533,-1.05888164009,25.55097767182,-18.412029084383,         81P   2900
0.324769145992,19.550251246346,-5.8750306533,-1.059884767267,         81P   2901
25.56664313173,-18.412029084383,0.324415041899,19.639007343229,       81P   2902
-5.8750306533,-1.061891021623,25.59797405155,-18.412029084383,        81P   2903
0.323706833713,19.727794964673,-5.8750306533,-1.06217621827,          81P   2904
25.629316099546,-18.412029084383,0.32360615924,19.816569572228,       81P   2905
-5.8750306533,-1.06148741508,25.660653553637,-18.412029084383,        81P   2906
0.323849306903,19.838763224116,-5.8750306533,-1.061315214282,         81P   2907
25.668487917159,-18.412029084383,0.323910093819,19.860956427119,      81P   2908
-5.8750306533,-1.061074889335,25.676322122225,-18.412029084383,       81P   2909
0.323994928573,19.883148956482,-5.8750306533,-1.060777980486,         81P   2910
25.684156089496,-18.412029084383,0.324099737456,19.905341485845,      81P   2911
-5.8750306533,-1.060481071636,25.691990056767,-18.412029084383,       81P   2912
0.324204546339,19.927533069764,-5.8750306533,-1.060136595862,         81P   2913
25.699823690296,-18.412029084383,0.324326146355,19.949723894872,      81P   2914
-5.8750306533,-1.059735280742,25.707657055964,-18.412029084383,       81P   2915
0.324467810672,19.994105545087,-5.8750306533,-1.058932650502,         81P   2916
25.723323787301,-18.412029084383,0.324751139306,20.038483551591,      81P   2917
-5.8750306533,-1.057941968702,25.738989232407,-18.412029084383,       81P   2918
0.325100850178,20.082857715793,-5.8750306533,-1.056798002848,         81P   2919
25.75465332118,-18.412029084383,0.325504670352,20.105044797894,       81P   2920
-5.8750306533,-1.056226019921,25.762485365566,-18.412029084383,       81P   2921
0.325706580439,20.127230956107,-5.8750306533,-1.05562449902,          81P   2922
25.77031708382,-18.412029084383,0.325918917436,20.149416130475,       81P   2923
-5.8750306533,-1.054984534476,25.778148454776,-18.412029084383,       81P   2924
0.326144825047,20.171601304842,-5.8750306533,-1.054344569933,         81P   2925
25.785979825732,-18.412029084383,0.326370732658,20.193785538338,      81P   2926
-5.8750306533,-1.053669571734,25.79381086456,-18.412029084383,        81P   2927
0.326609007156,20.21596900071,-5.8750306533,-1.052973720624,          81P   2928
25.801641631181,-18.412029084383,0.326854642736,20.238152463081,      81P   2929
-5.8750306533,-1.052277869513,25.809472397802,-18.412029084383,       81P   2930
0.327100278317,20.260334988688,-5.8750306533,-1.051552087782,         81P   2931
25.817302833745,-18.412029084383,0.327356479412,20.282516759056,      81P   2932
-5.8750306533,-1.050803728837,25.825133003088,-18.412029084383,       81P   2933
0.327620650268,20.304698529423,-5.8750306533,-1.050055369892,         81P   2934
25.832963172432,-18.412029084383,0.327884821124,20.32687954455,       81P   2935
-5.8750306533,-1.049284433733,25.840793075175,-18.412029084383,       81P   2936
0.328156961741,20.34905998596,-5.8750306533,-1.048498273767,          81P   2937
25.848622775396,-18.412029084383,0.328434476365,20.37124042737,       81P   2938
-5.8750306533,-1.047712113801,25.856452475617,-18.412029084383,       81P   2939
0.328711990989,20.393420088401,-5.8750306533,-1.046904048204,         81P   2940
25.864281900364,-18.412029084383,0.328997238306,20.415599118376,      81P   2941
-5.8750306533,-1.046078574947,25.872111102349,-18.412029084383,       81P   2942
0.329288630529,20.437778148352,-5.8750306533,-1.045253101691,         81P   2943
25.879940304333,-18.412029084383,0.329580022753,20.459956547271,      81P   2944
-5.8750306533,-1.044410220774,25.887769283554,-18.412029084383,       81P   2945
0.329877559883,20.482134464457,-5.8750306533,-1.04355443017,          81P   2946
25.895598092724,-18.412029084383,0.330179654136,20.504312381643,      81P   2947
-5.8750306533,-1.042698639566,25.903426901893,-18.412029084383,       81P   2948
0.33048174839,20.526489757379,-5.8750306533,-1.041827678188,          81P   2949
25.911255519931,-18.412029084383,0.330789197929,20.548665622178,      81P   2950
-5.8750306533,-1.040921598241,25.919083604608,-18.412029084383,       81P   2951
0.33110904433,20.570841486977,-5.8750306533,-1.040015518294,          81P   2952
25.926911689284,-18.412029084383,0.331428890731,20.593015640373,      81P   2953
-5.8750306533,-1.039069753751,25.934739169835,-18.412029084383,       81P   2954
0.331762745803,20.615188583635,-5.8750306533,-1.038093548788,         81P   2955
25.942566223208,-18.412029084383,0.332107346348,20.637361526897,      81P   2956
-5.8750306533,-1.037117343825,25.950393276582,-18.412029084383,       81P   2957
0.332451946894,20.659533144485,-5.8750306533,-1.036111795891,         81P   2958
25.958219861992,-18.412029084383,0.332806905514,20.681703476338,      81P   2959
-5.8750306533,-1.03507878536,25.966045993537,-18.412029084383,        81P   2960
0.333171558437,20.703873808191,-5.8750306533,-1.034045774829,         81P   2961
25.973872125083,-18.412029084383,0.33353621136,20.726042854309,       81P   2962
-5.8750306533,-1.0329853017,25.981697802763,-18.412029084383,         81P   2963
0.333910558585,20.74821065463,-5.8750306533,-1.031899246345,          81P   2964
25.989523040678,-18.412029084383,0.33429393634,20.792546255274,       81P   2965
-5.8750306533,-1.029727135636,26.005173516506,-18.412029084383,       81P   2966
0.335060691852,20.836876872731,-5.8750306533,-1.027452696025,         81P   2967
26.02082223327,-18.412029084383,0.335863569486,20.881202826514,       81P   2968
-5.8750306533,-1.025090970489,26.036469303755,-18.412029084383,       81P   2969
0.336697259069,20.969854734079,-5.8750306533,-1.020367519416,         81P   2970
26.067763444725,-18.412029084383,0.338364638236,21.058488732783,      81P   2971
-5.8750306533,-1.015319637981,26.099051263863,-18.412029084383,       81P   2972
0.340146541385,21.147109045117,-5.8750306533,-1.010038579477,         81P   2973
26.13033425171,-18.412029084383,0.342010756085,21.23572935745,        81P   2974
-5.8750306533,-1.004757520973,26.161617239557,-18.412029084383,       81P   2975
0.343874970785,21.324335983414,-5.8750306533,-0.999243285402,         81P   2976
26.192895396113,-18.412029084383,0.345821497036,21.412933145497,      81P   2977
-5.8750306533,-0.993587126059,26.224170211917,-18.412029084383,       81P   2978
0.347818122407,21.50153030758,-5.8750306533,-0.987930966717,          81P   2979
26.255445027721,-18.412029084383,0.349814747778,21.590118016774,      81P   2980
-5.8750306533,-0.982127641071,26.286716506653,-18.412029084383,       81P   2981
0.351863322883,21.678699727075,-5.8750306533,-0.976234707621,         81P   2982
26.317985867975,-18.412029084383,0.353943529561,21.767281437376,      81P   2983
-5.8750306533,-0.970341774171,26.349255229297,-18.412029084383,       81P   2984
0.356023736238,21.855856956313,-5.8750306533,-0.964355868237,         81P   2985
26.380522405066,-18.412029084383,0.358136762222,21.944428727853,      81P   2986
-5.8750306533,-0.958315318287,26.411788258003,-18.412029084383,       81P   2987
0.360269077553,22.121572270934,-5.8750306533,-0.946234218389,         81P   2988
26.474319963878,-18.412029084383,0.364533708216,22.29870192927,       81P   2989
-5.8750306533,-0.933950092566,26.536846768435,-18.412029084383,       81P   2990
0.36887000707,22.47582215413,-5.8750306533,-0.921531862696,           81P   2991
26.599370242973,-18.412029084383,0.373253644679,22.65294237899,       81P   2992
-5.8750306533,-0.909113632825,26.661893717511,-18.412029084383,       81P   2993
0.377637282289,22.830053167409,-5.8750306533,-0.896559289621,         81P   2994
26.724413860984,-18.412029084383,0.382068967932,23.007141411513,      81P   2995
-5.8750306533,-0.883693052733,26.786926046309,-18.412029084383,       81P   2996
0.386610752108,0.0,1.0,0.0,41.0,,1,83;                                81P   2997
406,1,35HSurf_ABTTPPFWAX, Wing, 1, 13, lower;                         83P   2998
128,1,123,1,3,0,0,1,0,0,0.0,0.0,1.0,1.0,0.0,0.0,0.0,0.0,1.0,1.0,      85P   2999
1.0,2.0,2.0,2.0,3.0,3.0,3.0,4.0,4.0,4.0,5.0,5.0,5.0,6.0,6.0,6.0,      85P   3000
7.0,7.0,7.0,8.0,8.0,8.0,9.0,9.0,9.0,10.0,10.0,10.0,11.0,11.0,         85P   3001
11.0,12.0,12.0,12.0,13.0,13.0,13.0,14.0,14.0,14.0,15.0,15.0,          85P   3002
15.0,16.0,16.0,16.0,17.0,17.0,17.0,18.0,18.0,18.0,19.0,19.0,          85P   3003
19.0,20.0,20.0,20.0,21.0,21.0,21.0,22.0,22.0,22.0,23.0,23.0,          85P   3004
23.0,24.0,24.0,24.0,25.0,25.0,25.0,26.0,26.0,26.0,27.0,27.0,          85P   3005
27.0,28.0,28.0,28.0,29.0,29.0,29.0,30.0,30.0,30.0,31.0,31.0,          85P   3006
31.0,32.0,32.0,32.0,33.0,33.0,33.0,34.0,34.0,34.0,35.0,35.0,          85P   3007
35.0,36.0,36.0,36.0,37.0,37.0,37.0,38.0,38.0,38.0,39.0,39.0,          85P   3008
39.0,40.0,40.0,40.0,41.0,41.0,41.0,41.0,1.0,1.0,1.0,1.0,1.0,1.0,      85P   3009
1.0,1.0,1.0,1.0,1.0,1.0,1.0,1.0,1.0,1.0,1.0,1.0,1.0,1.0,1.0,1.0,      85P   3010
1.0,1.0,1.0,1.0,1.0,1.0,1.0,1.0,1.0,1.0,1.0,1.0,1.0,1.0,1.0,1.0,      85P   3011
1.0,1.0,1.0,1.0,1.0,1.0,1.0,1.0,1.0,1.0,1.0,1.0,1.0,1.0,1.0,1.0,      85P   3012
1.0,1.0,1.0,1.0,1.0,1.0,1.0,1.0,1.0,1.0,1.0,1.0,1.0,1.0,1.0,1.0,      85P   3013
1.0,1.0,1.0,1.0,1.0,1.0,1.0,1.0,1.0,1.0,1.0,1.0,1.0,1.0,1.0,1.0,      85P   3014
1.0,1.0,1.0,1.0,1.0,1.0,1.0,1.0,1.0,1.0,1.0,1.0,1.0,1.0,1.0,1.0,      85P   3015
1.0,1.0,1.0,1.0,1.0,1.0,1.0,1.0,1.0,1.0,1.0,1.0,1.0,1.0,1.0,1.0,      85P   3016
1.0,1.0,1.0,1.0,1.0,1.0,1.0,1.0,1.0,1.0,1.0,1.0,1.0,1.0,1.0,1.0,      85P   3017
1.0,1.0,1.0,1.0,1.0,1.0,1.0,1.0,1.0,1.0,1.0,1.0,1.0,1.0,1.0,1.0,      85P   3018
1.0,1.0,1.0,1.0,1.0,1.0,1.0,1.0,1.0,1.0,1.0,1.0,1.0,1.0,1.0,1.0,      85P   3019
1.0,1.0,1.0,1.0,1.0,1.0,1.0,1.0,1.0,1.0,1.0,1.0,1.0,1.0,1.0,1.0,      85P   3020
1.0,1.0,1.0,1.0,1.0,1.0,1.0,1.0,1.0,1.0,1.0,1.0,1.0,1.0,1.0,1.0,      85P   3021
1.0,1.0,1.0,1.0,1.0,1.0,1.0,1.0,1.0,1.0,1.0,1.0,1.0,1.0,1.0,1.0,      85P   3022
1.0,1.0,1.0,1.0,1.0,1.0,1.0,1.0,1.0,1.0,1.0,1.0,1.0,1.0,1.0,1.0,      85P   3023
1.0,1.0,1.0,1.0,1.0,1.0,1.0,1.0,1.0,1.0,1.0,1.0,1.0,1.0,1.0,1.0,      85P   3024
1.0,1.0,23.007141411513,-5.8750306533,-0.883693052733,                85P   3025
26.786926046309,-18.412029084383,0.386610752108,22.830829060312,      85P   3026
-5.8750306533,-0.846912029439,26.724687751333,-18.412029084383,       85P   3027
0.399594460633,22.653926073565,-5.8750306533,-0.812970065388,         85P   3028
26.662240961892,-18.412029084383,0.411575980681,22.476553840107,      85P   3029
-5.8750306533,-0.78169600063,26.599628528268,-18.412029084383,        85P   3030
0.422615731749,22.299181606649,-5.8750306533,-0.750421935873,         85P   3031
26.537016094645,-18.412029084383,0.433655482817,22.121339433154,      85P   3032
-5.8750306533,-0.721814147698,26.474237772095,-18.412029084383,       85P   3033
0.443754037722,21.943097411856,-5.8750306533,-0.695950746217,         85P   3034
26.411318303192,-18.412029084383,0.45288382358,21.853976401208,       85P   3035
-5.8750306533,-0.683019045476,26.37985856874,-18.412029084383,        85P   3036
0.457448716508,21.764754910473,-5.8750306533,-0.670776797125,         85P   3037
26.348363364798,-18.412029084383,0.461770232607,21.675439915422,      85P   3038
-5.8750306533,-0.659267444467,26.316835153814,-18.412029084383,       85P   3039
0.46583303638,21.586124920372,-5.8750306533,-0.647758091808,          85P   3040
26.28530694283,-18.412029084383,0.469895840153,21.496715329972,       85P   3041
-5.8750306533,-0.636973666321,26.253745339669,-18.412029084383,       85P   3042
0.473702744491,21.407217617672,-5.8750306533,-0.626974569014,         85P   3043
26.22215262946,-18.412029084383,0.477232427826,21.317719905373,       85P   3044
-5.8750306533,-0.616975471707,26.190559919251,-18.412029084383,       85P   3045
0.48076211116,21.228134471451,-5.8750306533,-0.607768708851,          85P   3046
26.158936243292,-18.412029084383,0.484012100276,21.138467130019,      85P   3047
-5.8750306533,-0.599422815725,26.127283653965,-18.412029084383,       85P   3048
0.486958202206,21.048799788588,-5.8750306533,-0.591076922599,         85P   3049
26.095631064639,-18.412029084383,0.489904304136,20.959051814821,      85P   3050
-5.8750306533,-0.583608491088,26.063950012082,-18.412029084383,       85P   3051
0.492540661943,20.869231583535,-5.8750306533,-0.577111604438,         85P   3052
26.032243452606,-18.412029084383,0.49483406422,20.824321467892,       85P   3053
-5.8750306533,-0.573863161114,26.016390172869,-18.412029084383,       85P   3054
0.495980765358,20.77939384129,-5.8750306533,-0.570863892231,          85P   3055
26.000530711759,-18.412029084383,0.497039507869,20.734449888376,      85P   3056
-5.8750306533,-0.568124669715,25.984665487458,-18.412029084383,       85P   3057
0.498006453961,20.71197791192,-5.8750306533,-0.566755058457,          85P   3058
25.976732875308,-18.412029084383,0.498489927007,20.689502367815,      85P   3059
-5.8750306533,-0.565455570122,25.968799003777,-18.412029084383,       85P   3060
0.498948646648,20.667022615433,-5.8750306533,-0.564219087572,         85P   3061
25.960863646723,-18.412029084383,0.499385125233,20.644542863051,      85P   3062
-5.8750306533,-0.562982605023,25.95292828967,-18.412029084383,        85P   3063
0.499821603818,20.622059132529,-5.8750306533,-0.561811912845,         85P   3064
25.944991528332,-18.412029084383,0.500234858389,20.599572225425,      85P   3065
-5.8750306533,-0.560716812631,25.93705364566,-18.412029084383,        85P   3066
0.500621428982,20.577085318321,-5.8750306533,-0.559621712417,         85P   3067
25.929115762988,-18.412029084383,0.501007999575,20.554595324637,      85P   3068
-5.8750306533,-0.558599406691,25.921176790753,-18.412029084383,       85P   3069
0.5013688737,20.532101749539,-5.8750306533,-0.557639929857,           85P   3070
25.913236554278,-18.412029084383,0.501707569212,20.509608174441,      85P   3071
-5.8750306533,-0.556680453024,25.905296317803,-18.412029084383,       85P   3072
0.502046264725,20.487111233424,-5.8750306533,-0.555795555032,         85P   3073
25.897354893157,-18.412029084383,0.502358633892,20.464611344635,      85P   3074
-5.8750306533,-0.555022684755,25.889412427948,-18.412029084383,       85P   3075
0.502631457253,20.442111455845,-5.8750306533,-0.554249814477,         85P   3076
25.881469962739,-18.412029084383,0.502904280615,20.419607743246,      85P   3077
-5.8750306533,-0.553576979856,25.873526147723,-18.412029084383,       85P   3078
0.50314179137,20.397101010497,-5.8750306533,-0.552996403459,          85P   3079
25.865581266595,-18.412029084383,0.503346734953,20.374594277748,      85P   3080
-5.8750306533,-0.552415827063,25.857636385466,-18.412029084383,       85P   3081
0.503551678536,20.352085304675,-5.8750306533,-0.551937491593,         85P   3082
25.849690713503,-18.412029084383,0.503720531052,20.329575286483,      85P   3083
-5.8750306533,-0.551574134121,25.841744672612,-18.412029084383,       85P   3084
0.503848796311,20.30706526829,-5.8750306533,-0.55121077665,           85P   3085
25.833798631722,-18.412029084383,0.503977061571,20.28455185277,       85P   3086
-5.8750306533,-0.550948348186,25.825851391574,-18.412029084383,       85P   3087
0.504069698871,20.262038169952,-5.8750306533,-0.550798396189,         85P   3088
25.817904057069,-18.412029084383,0.504122631956,20.239524487134,      85P   3089
-5.8750306533,-0.550648444192,25.809956722565,-18.412029084383,       85P   3090
0.50417556504,20.217011773393,-5.8750306533,-0.550615477226,          85P   3091
25.802009730145,-18.412029084383,0.504187202386,20.194498099954,      85P   3092
-5.8750306533,-0.550692615371,25.794062398952,-18.412029084383,       85P   3093
0.504159972605,20.171984426515,-5.8750306533,-0.550769753516,         85P   3094
25.786115067758,-18.412029084383,0.504132742825,20.149469972734,      85P   3095
-5.8750306533,-0.550957578282,25.778167461104,-18.412029084383,       85P   3096
0.504066440645,20.126958502742,-5.8750306533,-0.551269475995,         85P   3097
25.770220907728,-18.412029084383,0.503956340691,20.10444703275,       85P   3098
-5.8750306533,-0.551581373707,25.762274354351,-18.412029084383,       85P   3099
0.503846240736,20.081938174802,-5.8750306533,-0.552016127018,         85P   3100
25.754328723027,-18.412029084383,0.503692772731,20.059430616297,      85P   3101
-5.8750306533,-0.552569005203,25.746383550406,-18.412029084383,       85P   3102
0.503497606622,20.014415499285,-5.8750306533,-0.553674761572,         85P   3103
25.730493205165,-18.412029084383,0.503107274404,19.96941436686,       85P   3104
-5.8750306533,-0.555283863818,25.714607796485,-18.412029084383,       85P   3105
0.502539260992,19.924437751806,-5.8750306533,-0.557431213305,         85P   3106
25.698731042442,-18.412029084383,0.501781246197,19.90194944428,       85P   3107
-5.8750306533,-0.558504888048,25.690792665421,-18.412029084383,       85P   3108
0.501402238799,19.879467799312,-5.8750306533,-0.55971499266,          85P   3109
25.682856640284,-18.412029084383,0.500975071631,19.856994903586,      85P   3110
-5.8750306533,-0.561068173412,25.674923703631,-18.412029084383,       85P   3111
0.500497398557,19.834522007859,-5.8750306533,-0.562421354165,         85P   3112
25.666990766978,-18.412029084383,0.500019725483,19.812057861374,      85P   3113
-5.8750306533,-0.563917611059,25.659060918809,-18.412029084383,       85P   3114
0.499491546502,19.789604550813,-5.8750306533,-0.565563590368,         85P   3115
25.651134895724,-18.412029084383,0.498910515479,19.699791308568,      85P   3116
-5.8750306533,-0.572147507605,25.619430803381,-18.412029084383,       85P   3117
0.496586391387,19.610141678698,-5.8750306533,-0.581101831733,         85P   3118
25.58778446624,-18.412029084383,0.493425513193,19.520888529787,       85P   3119
-5.8750306533,-0.593114718167,25.556278086955,-18.412029084383,       85P   3120
0.489184961897,19.476261955332,-5.8750306533,-0.599121161383,         85P   3121
25.540524897313,-18.412029084383,0.487064686249,19.431744835005,      85P   3122
-5.8750306533,-0.605919654152,25.524810345,-18.412029084383,          85P   3123
0.484664816952,19.387380023187,-5.8750306533,-0.613625487661,         85P   3124
25.509149557621,-18.412029084383,0.481944656193,19.365197617278,      85P   3125
-5.8750306533,-0.617478404415,25.501319163931,-18.412029084383,       85P   3126
0.480584575814,19.343058806067,-5.8750306533,-0.621572123082,         85P   3127
25.493504159179,-18.412029084383,0.479139492312,19.320967256211,      85P   3128
-5.8750306533,-0.625915969969,25.485705837694,-18.412029084383,       85P   3129
0.477606113499,19.309921481283,-5.8750306533,-0.628087893412,         85P   3130
25.481806676951,-18.412029084383,0.476839424092,19.298890427917,      85P   3131
-5.8750306533,-0.630329388403,25.477912712923,-18.412029084383,       85P   3132
0.476048175915,19.287872797917,-5.8750306533,-0.63263751064,          85P   3133
25.474023487346,-18.412029084383,0.475233408307,19.276855167918,      85P   3134
-5.8750306533,-0.634945632877,25.470134261769,-18.412029084383,       85P   3135
0.4744186407,19.26584985255,-5.8750306533,-0.637317639533,            85P   3136
25.466249383259,-18.412029084383,0.473581321879,19.254862829085,      85P   3137
-5.8750306533,-0.639767644663,25.462370961795,-18.412029084383,       85P   3138
0.472716469582,19.232888782156,-5.8750306533,-0.644667654924,         85P   3139
25.454614118866,-18.412029084383,0.470986764987,19.210980865164,      85P   3140
-5.8750306533,-0.649863483398,25.446880619819,-18.412029084383,       85P   3141
0.469152636504,19.189157349698,-5.8750306533,-0.655396579433,         85P   3142
25.439176914527,-18.412029084383,0.467199452505,19.167333834233,      85P   3143
-5.8750306533,-0.660929675467,25.431473209235,-18.412029084383,       85P   3144
0.465246268507,19.145593782166,-5.8750306533,-0.66679832578,          85P   3145
25.42379896654,-18.412029084383,0.463174633781,19.123974761465,       85P   3146
-5.8750306533,-0.673081168986,25.416167447941,-18.412029084383,       85P   3147
0.460956788882,19.102355740765,-5.8750306533,-0.679364012192,         85P   3148
25.408535929341,-18.412029084383,0.458738943983,19.080851180634,      85P   3149
-5.8750306533,-0.686049082675,25.400944815346,-18.412029084383,       85P   3150
0.456379112776,19.059518170273,-5.8750306533,-0.693244805428,         85P   3151
25.393414258454,-18.412029084383,0.453839021215,19.038185159912,      85P   3152
-5.8750306533,-0.700440528181,25.385883701561,-18.412029084383,       85P   3153
0.451298929655,19.017020430094,-5.8750306533,-0.708143104599,         85P   3154
25.378412547734,-18.412029084383,0.44857991865,18.996123481821,       85P   3155
-5.8750306533,-0.716521179871,25.371035920845,-18.412029084383,       85P   3156
0.445622456416,18.975226533547,-5.8750306533,-0.724899255143,         85P   3157
25.363659293956,-18.412029084383,0.442664994182,18.954590208814,      85P   3158
-5.8750306533,-0.73394485313,25.356374667228,-18.412029084383,        85P   3159
0.439471896296,18.934428250136,-5.8750306533,-0.743966293129,         85P   3160
25.349257491812,-18.412029084383,0.435934325987,18.924347270796,      85P   3161
-5.8750306533,-0.748977013128,25.345698904104,-18.412029084383,       85P   3162
0.434165540833,18.914393032873,-5.8750306533,-0.754241185995,         85P   3163
25.342185056141,-18.412029084383,0.432307286766,18.904612061874,      85P   3164
-5.8750306533,-0.759815358326,25.338732371436,-18.412029084383,       85P   3165
0.430339602826,18.899721576375,-5.8750306533,-0.762602444492,         85P   3166
25.337006029084,-18.412029084383,0.429355760857,18.894878786921,      85P   3167
-5.8750306533,-0.765471649993,25.335296523445,-18.412029084383,       85P   3168
0.428342930745,18.89008933541,-5.8750306533,-0.768429019765,          85P   3169
25.333605846111,-18.412029084383,0.427298978628,18.8852998839,        85P   3170
-5.8750306533,-0.771386389538,25.331915168778,-18.412029084383,       85P   3171
0.426255026511,18.880566711923,-5.8750306533,-0.774435321485,         85P   3172
25.33024435813,-18.412029084383,0.425178752929,18.875907473419,       85P   3173
-5.8750306533,-0.777592084526,25.328599646013,-18.412029084383,       85P   3174
0.424064414949,18.866588996411,-5.8750306533,-0.783905610608,         85P   3175
25.325310221779,-18.412029084383,0.421835738988,18.857539526024,      85P   3176
-5.8750306533,-0.790631298008,25.322115756936,-18.412029084383,       85P   3177
0.419461570001,18.84897468186,-5.8750306533,-0.797938334223,          85P   3178
25.319092365246,-18.412029084383,0.416882184766,18.844692259778,      85P   3179
-5.8750306533,-0.801591852331,25.317580669401,-18.412029084383,       85P   3180
0.415592492149,18.840537122413,-5.8750306533,-0.805394112986,         85P   3181
25.316113905086,-18.412029084383,0.414250293383,18.83655145781,       85P   3182
-5.8750306533,-0.809369061409,25.31470696469,-18.412029084383,        85P   3183
0.4128471358,18.832565793207,-5.8750306533,-0.813344009832,           85P   3184
25.313300024294,-18.412029084383,0.411443978218,18.828755884519,      85P   3185
-5.8750306533,-0.817495557597,25.311955125771,-18.412029084383,       85P   3186
0.409978481033,18.825188971961,-5.8750306533,-0.821850576416,         85P   3187
25.31069600493,-18.412029084383,0.408441158525,18.821622059403,       85P   3188
-5.8750306533,-0.826205595235,25.309436884089,-18.412029084383,       85P   3189
0.406903836017,18.818303729486,-5.8750306533,-0.830767766883,         85P   3190
25.308265512969,-18.412029084383,0.40529338852,18.815349032648,       85P   3191
-5.8750306533,-0.835557952904,25.307222504399,-18.412029084383,       85P   3192
0.403602451904,18.81239433581,-5.8750306533,-0.840348138925,          85P   3193
25.306179495828,-18.412029084383,0.401911515287,18.80979942051,       85P   3194
-5.8750306533,-0.845369631956,25.305263490212,-18.412029084383,       85P   3195
0.40013892725,18.807732230769,-5.8750306533,-0.850604084288,          85P   3196
25.304533771823,-18.412029084383,0.398291164538,18.805665041029,      85P   3197
-5.8750306533,-0.85583853662,25.303804053435,-18.412029084383,        85P   3198
0.396443401826,18.804125066641,-5.8750306533,-0.86129096523,          85P   3199
25.30326044217,-18.412029084383,0.394518693444,18.803272246198,       85P   3200
-5.8750306533,-0.866853718725,25.302959396384,-18.412029084383,       85P   3201
0.392555040356,18.802845835976,-5.8750306533,-0.869635095472,         85P   3202
25.302808873491,-18.412029084383,0.391573213812,18.802589163374,      85P   3203
-5.8750306533,-0.872444647361,25.302718268012,-18.412029084383,       85P   3204
0.390581441437,18.802512167741,-5.8750306533,-0.875257630024,         85P   3205
25.302691088538,-18.412029084383,0.389588457999,18.802435172109,      85P   3206
-5.8750306533,-0.878070612687,25.302663909065,-18.412029084383,       85P   3207
0.388595474561,18.802542833999,-5.8750306533,-0.8809169818,           85P   3208
25.302701913733,-18.412029084383,0.387590705699,18.802818041914,      85P   3209
-5.8750306533,-0.883693052733,25.302799062182,-18.412029084383,       85P   3210
0.386610752108,0.0,1.0,0.0,41.0,,1,87;                                85P   3211
406,1,35HSurf_ABTTPPFWAX, Wing, 1, 16, upper;                         87P   3212
128,1,123,1,3,0,0,1,0,0,0.0,0.0,1.0,1.0,0.0,0.0,0.0,0.0,1.0,1.0,      89P   3213
1.0,2.0,2.0,2.0,3.0,3.0,3.0,4.0,4.0,4.0,5.0,5.0,5.0,6.0,6.0,6.0,      89P   3214
7.0,7.0,7.0,8.0,8.0,8.0,9.0,9.0,9.0,10.0,10.0,10.0,11.0,11.0,         89P   3215
11.0,12.0,12.0,12.0,13.0,13.0,13.0,14.0,14.0,14.0,15.0,15.0,          89P   3216
15.0,16.0,16.0,16.0,17.0,17.0,17.0,18.0,18.0,18.0,19.0,19.0,          89P   3217
19.0,20.0,20.0,20.0,21.0,21.0,21.0,22.0,22.0,22.0,23.0,23.0,          89P   3218
23.0,24.0,24.0,24.0,25.0,25.0,25.0,26.0,26.0,26.0,27.0,27.0,          89P   3219
27.0,28.0,28.0,28.0,29.0,29.0,29.0,30.0,30.0,30.0,31.0,31.0,          89P   3220
31.0,32.0,32.0,32.0,33.0,33.0,33.0,34.0,34.0,34.0,35.0,35.0,          89P   3221
35.0,36.0,36.0,36.0,37.0,37.0,37.0,38.0,38.0,38.0,39.0,39.0,          89P   3222
39.0,40.0,40.0,40.0,41.0,41.0,41.0,41.0,1.0,1.0,1.0,1.0,1.0,1.0,      89P   3223
1.0,1.0,1.0,1.0,1.0,1.0,1.0,1.0,1.0,1.0,1.0,1.0,1.0,1.0,1.0,1.0,      89P   3224
1.0,1.0,1.0,1.0,1.0,1.0,1.0,1.0,1.0,1.0,1.0,1.0,1.0,1.0,1.0,1.0,      89P   3225
1.0,1.0,1.0,1.0,1.0,1.0,1.0,1.0,1.0,1.0,1.0,1.0,1.0,1.0,1.0,1.0,      89P   3226
1.0,1.0,1.0,1.0,1.0,1.0,1.0,1.0,1.0,1.0,1.0,1.0,1.0,1.0,1.0,1.0,      89P   3227
1.0,1.0,1.0,1.0,1.0,1.0,1.0,1.0,1.0,1.0,1.0,1.0,1.0,1.0,1.0,1.0,      89P   3228
1.0,1.0,1.0,1.0,1.0,1.0,1.0,1.0,1.0,1.0,1.0,1.0,1.0,1.0,1.0,1.0,      89P   3229
1.0,1.0,1.0,1.0,1.0,1.0,1.0,1.0,1.0,1.0,1.0,1.0,1.0,1.0,1.0,1.0,      89P   3230
1.0,1.0,1.0,1.0,1.0,1.0,1.0,1.0,1.0,1.0,1.0,1.0,1.0,1.0,1.0,1.0,      89P   3231
1.0,1.0,1.0,1.0,1.0,1.0,1.0,1.0,1.0,1.0,1.0,1.0,1.0,1.0,1.0,1.0,      89P   3232
1.0,1.0,1.0,1.0,1.0,1.0,1.0,1.0,1.0,1.0,1.0,1.0,1.0,1.0,1.0,1.0,      89P   3233
1.0,1.0,1.0,1.0,1.0,1.0,1.0,1.0,1.0,1.0,1.0,1.0,1.0,1.0,1.0,1.0,      89P   3234
1.0,1.0,1.0,1.0,1.0,1.0,1.0,1.0,1.0,1.0,1.0,1.0,1.0,1.0,1.0,1.0,      89P   3235
1.0,1.0,1.0,1.0,1.0,1.0,1.0,1.0,1.0,1.0,1.0,1.0,1.0,1.0,1.0,1.0,      89P   3236
1.0,1.0,1.0,1.0,1.0,1.0,1.0,1.0,1.0,1.0,1.0,1.0,1.0,1.0,1.0,1.0,      89P   3237
1.0,1.0,1.0,1.0,1.0,1.0,1.0,1.0,1.0,1.0,1.0,1.0,1.0,1.0,1.0,1.0,      89P   3238
1.0,1.0,25.302799062182,-18.412029084383,0.386610752108,              89P   3239
25.302799062182,-18.412029084383,0.386610752108,25.302896210631,      89P   3240
-18.412029084383,0.385630798518,25.302799062182,                      89P   3241
-18.412029084383,0.386610752108,25.303055056692,                      89P   3242
-18.412029084383,0.384666326082,25.302859482878,                      89P   3243
-18.412029084383,0.386630900321,25.303273236166,                      89P   3244
-18.412029084383,0.383711765669,25.302982162352,                      89P   3245
-18.412029084383,0.386650111834,25.303491415641,                      89P   3246
-18.412029084383,0.382757205256,25.303104841826,                      89P   3247
-18.412029084383,0.386669323347,25.303769645498,                      89P   3248
-18.412029084383,0.381815743956,25.303289259495,                      89P   3249
-18.412029084383,0.386694478884,25.304103023309,                      89P   3250
-18.412029084383,0.38089490415,25.303531209846,-18.412029084383,      89P   3251
0.386724972253,25.304769778929,-18.412029084383,0.379053224539,       89P   3252
25.304015110549,-18.412029084383,0.386785958991,25.305659170976,      89P   3253
-18.412029084383,0.377294387211,25.304731612205,                      89P   3254
-18.412029084383,0.386868894518,25.306711807169,                      89P   3255
-18.412029084383,0.375642740366,25.305622789496,                      89P   3256
-18.412029084383,0.386966952452,25.307764443362,                      89P   3257
-18.412029084383,0.373991093521,25.306513966787,                      89P   3258
-18.412029084383,0.387065010386,25.308979732292,                      89P   3259
-18.412029084383,0.37244522441,25.30757961406,-18.412029084383,       89P   3260
0.387178369849,25.310302674519,-18.412029084383,0.371000593592,       89P   3261
25.308762589459,-18.412029084383,0.387301522748,25.311625616747,      89P   3262
-18.412029084383,0.369555962774,25.309945564858,                      89P   3263
-18.412029084383,0.387424675647,25.313055298667,                      89P   3264
-18.412029084383,0.368211198958,25.311246091378,                      89P   3265
-18.412029084383,0.387557517487,25.314556033834,                      89P   3266
-18.412029084383,0.366952191927,25.312626019382,                      89P   3267
-18.412029084383,0.387696675226,25.316056769001,                      89P   3268
-18.412029084383,0.365693184896,25.314005947386,                      89P   3269
-18.412029084383,0.387835832964,25.317627210168,                      89P   3270
-18.412029084383,0.364518652999,25.315463617231,                      89P   3271
-18.412029084383,0.387981315608,25.319244638508,                      89P   3272
-18.412029084383,0.363413940085,25.316975801599,                      89P   3273
-18.412029084383,0.388130537943,25.320862066848,                      89P   3274
-18.412029084383,0.362309227172,25.318487985967,                      89P   3275
-18.412029084383,0.388279760277,25.32252645354,-18.412029084383,      89P   3276
0.361273865222,25.320053561471,-18.412029084383,0.388433178686,       89P   3277
25.324223927612,-18.412029084383,0.360296165806,25.321658146429,      89P   3278
-18.412029084383,0.388589175286,25.327618875755,                      89P   3279
-18.412029084383,0.358340766974,25.324867316345,                      89P   3280
-18.412029084383,0.388901168488,25.331140093219,                      89P   3281
-18.412029084383,0.356610463981,25.328225157499,                      89P   3282
-18.412029084383,0.389223101484,25.334725752016,                      89P   3283
-18.412029084383,0.355033420216,25.331662699015,                      89P   3284
-18.412029084383,0.389548917582,25.336518581415,                      89P   3285
-18.412029084383,0.354244898334,25.333381469772,                      89P   3286
-18.412029084383,0.389711825631,25.338328534651,                      89P   3287
-18.412029084383,0.353495685113,25.335121851714,                      89P   3288
-18.412029084383,0.389875355812,25.340151995031,                      89P   3289
-18.412029084383,0.352780400767,25.336878920571,                      89P   3290
-18.412029084383,0.390039689698,25.341975455411,                      89P   3291
-18.412029084383,0.352065116421,25.338635989428,                      89P   3292
-18.412029084383,0.390204023583,25.343812422935,                      89P   3293
-18.412029084383,0.35138376095,25.340409226009,-18.412029084383,      89P   3294
0.390369760903,25.345659280908,-18.412029084383,0.350730954566,       89P   3295
25.342195826172,-18.412029084383,0.390535278696,25.349352996855,      89P   3296
-18.412029084383,0.349425341798,25.345769026498,                      89P   3297
-18.412029084383,0.390866314282,25.353084798065,                      89P   3298
-18.412029084383,0.348230493217,25.349391851085,                      89P   3299
-18.412029084383,0.391198017025,25.356843226081,                      89P   3300
-18.412029084383,0.347125092743,25.353050358946,                      89P   3301
-18.412029084383,0.391529709365,25.364360082112,                      89P   3302
-18.412029084383,0.344914291796,25.36036737467,-18.412029084383,      89P   3303
0.392193094046,25.371972822851,-18.412029084383,0.343041216841,       89P   3304
25.367816058403,-18.412029084383,0.392853105511,25.379631558364,      89P   3305
-18.412029084383,0.341389202532,25.375333739604,                      89P   3306
-18.412029084383,0.393505829474,25.387290293876,                      89P   3307
-18.412029084383,0.339737188223,25.382851420805,                      89P   3308
-18.412029084383,0.394158553436,25.394995498558,                      89P   3309
-18.412029084383,0.338305824807,25.39043960006,-18.412029084383,      89P   3310
0.394802377231,25.402725735037,-18.412029084383,0.337031097267,       89P   3311
25.398069996746,-18.412029084383,0.395435059241,25.410455971517,      89P   3312
-18.412029084383,0.335756369727,25.405700393432,                      89P   3313
-18.412029084383,0.396067741251,25.418212554878,                      89P   3314
-18.412029084383,0.334641594601,25.41337424211,-18.412029084383,      89P   3315
0.396690269292,25.425983142811,-18.412029084383,0.333642464165,       89P   3316
25.421075295376,-18.412029084383,0.397299626524,25.433753730744,      89P   3317
-18.412029084383,0.332643333728,25.428776348642,                      89P   3318
-18.412029084383,0.397908983755,25.441540182694,                      89P   3319
-18.412029084383,0.331766305033,25.436506695965,                      89P   3320
-18.412029084383,0.39850628677,25.449335486533,-18.412029084383,      89P   3321
0.330981068055,25.44425620053,-18.412029084383,0.39909026028,         89P   3322
25.457130790373,-18.412029084383,0.330195831076,25.452005705096,      89P   3323
-18.412029084383,0.39967423379,25.464935102353,-18.412029084383,      89P   3324
0.329502806013,25.459774610609,-18.412029084383,0.4002447855,         89P   3325
25.472745495404,-18.412029084383,0.328886731469,25.4675582286,        89P   3326
-18.412029084383,0.400801600525,25.47665069193,-18.412029084383,      89P   3327
0.328578694196,25.471450037595,-18.412029084383,0.401080008038,       89P   3328
25.480557683846,-18.412029084383,0.328291380583,25.475345972807,      89P   3329
-18.412029084383,0.401355010641,25.484465558593,                      89P   3330
-18.412029084383,0.328019492093,25.47924452297,-18.412029084383,      89P   3331
0.4016264502,25.488373433341,-18.412029084383,0.327747603603,         89P   3332
25.483143073132,-18.412029084383,0.401897889759,25.492282366234,      89P   3333
-18.412029084383,0.327492299243,25.487044521593,                      89P   3334
-18.412029084383,0.402165861668,25.496192536493,                      89P   3335
-18.412029084383,0.327254469832,25.490949187094,                      89P   3336
-18.412029084383,0.402430291666,25.504012877012,                      89P   3337
-18.412029084383,0.326778811011,25.498758518095,                      89P   3338
-18.412029084383,0.402959151661,25.51183655239,-18.412029084383,      89P   3339
0.32636300671,25.50657785816,-18.412029084383,0.403473791262,         89P   3340
25.519663059952,-18.412029084383,0.326003273785,25.514406308786,      89P   3341
-18.412029084383,0.403973964989,25.535316075076,                      89P   3342
-18.412029084383,0.325283807934,25.530063210038,                      89P   3343
-18.412029084383,0.404974312443,25.55097767182,-18.412029084383,      89P   3344
0.324769145992,25.545751284567,-18.412029084383,0.40591691612,        89P   3345
25.56664313173,-18.412029084383,0.324415041899,25.561460609343,       89P   3346
-18.412029084383,0.406800001898,25.59797405155,-18.412029084383,      89P   3347
0.323706833713,25.592879258895,-18.412029084383,0.408566173453,       89P   3348
25.629316099546,-18.412029084383,0.32360615924,25.624373451464,       89P   3349
-18.412029084383,0.410096275314,25.660653553637,                      89P   3350
-18.412029084383,0.323849306903,25.65589422468,-18.412029084383,      89P   3351
0.411379911191,25.668487917159,-18.412029084383,0.323910093819,       89P   3352
25.663774417984,-18.412029084383,0.411700820161,25.676322122225,      89P   3353
-18.412029084383,0.323994928573,25.671656444602,                      89P   3354
-18.412029084383,0.412007327028,25.684156089496,                      89P   3355
-18.412029084383,0.324099737456,25.679539896564,                      89P   3356
-18.412029084383,0.412298568006,25.691990056767,                      89P   3357
-18.412029084383,0.324204546339,25.687423348525,                      89P   3358
-18.412029084383,0.412589808985,25.699823690296,                      89P   3359
-18.412029084383,0.324326146355,25.695308177858,                      89P   3360
-18.412029084383,0.412864192577,25.707657055964,                      89P   3361
-18.412029084383,0.324467810672,25.703194049203,                      89P   3362
-18.412029084383,0.413124528435,25.723323787301,                      89P   3363
-18.412029084383,0.324751139306,25.718965791893,                      89P   3364
-18.412029084383,0.413645200149,25.738989232407,                      89P   3365
-18.412029084383,0.325100850178,25.734741218786,                      89P   3366
-18.412029084383,0.414104062291,25.75465332118,-18.412029084383,      89P   3367
0.325504670352,25.750518435793,-18.412029084383,0.414501138487,       89P   3368
25.762485365566,-18.412029084383,0.325706580439,25.758407044297,      89P   3369
-18.412029084383,0.414699676585,25.77031708382,-18.412029084383,      89P   3370
0.325918917436,25.766295719085,-18.412029084383,0.414882579086,       89P   3371
25.778148454776,-18.412029084383,0.326144825047,25.774184681252,      89P   3372
-18.412029084383,0.415050582869,25.785979825732,                      89P   3373
-18.412029084383,0.326370732658,25.782073643418,                      89P   3374
-18.412029084383,0.415218586652,25.79381086456,-18.412029084383,      89P   3375
0.326609007156,25.789962966159,-18.412029084383,0.415370874991,       89P   3376
25.801641631181,-18.412029084383,0.326854642736,25.797852015066,      89P   3377
-18.412029084383,0.415507307671,25.809472397802,                      89P   3378
-18.412029084383,0.327100278317,25.805741063973,                      89P   3379
-18.412029084383,0.415643740351,25.817302833745,                      89P   3380
-18.412029084383,0.327356479412,25.813629778155,                      89P   3381
-18.412029084383,0.415766022226,25.825133003088,                      89P   3382
-18.412029084383,0.327620650268,25.821518530079,                      89P   3383
-18.412029084383,0.415871641112,25.832963172432,                      89P   3384
-18.412029084383,0.327884821124,25.829407282003,                      89P   3385
-18.412029084383,0.415977259997,25.840793075175,                      89P   3386
-18.412029084383,0.328156961741,25.837295853448,                      89P   3387
-18.412029084383,0.416067011656,25.848622775396,                      89P   3388
-18.412029084383,0.328434476365,25.845183724004,                      89P   3389
-18.412029084383,0.416141636338,25.856452475617,                      89P   3390
-18.412029084383,0.328711990989,25.85307159456,-18.412029084383,      89P   3391
0.416216261021,25.864281900364,-18.412029084383,0.328997238306,       89P   3392
25.860959142915,-18.412029084383,0.416274458421,25.872111102349,      89P   3393
-18.412029084383,0.329288630529,25.868846184472,                      89P   3394
-18.412029084383,0.416317682741,25.879940304333,                      89P   3395
-18.412029084383,0.329580022753,25.876733226028,                      89P   3396
-18.412029084383,0.416360907061,25.887769283554,                      89P   3397
-18.412029084383,0.329877559883,25.884619623146,                      89P   3398
-18.412029084383,0.416390920249,25.895598092724,                      89P   3399
-18.412029084383,0.330179654136,25.892505260336,                      89P   3400
-18.412029084383,0.416405555695,25.903426901893,                      89P   3401
-18.412029084383,0.33048174839,25.900390897525,-18.412029084383,      89P   3402
0.416420191141,25.911255519931,-18.412029084383,0.330789197929,       89P   3403
25.908275918867,-18.412029084383,0.416417731327,25.919083604608,      89P   3404
-18.412029084383,0.33110904433,25.916160079443,-18.412029084383,      89P   3405
0.416408306771,25.926911689284,-18.412029084383,0.331428890731,       89P   3406
25.924044240018,-18.412029084383,0.416398882216,25.934739169835,      89P   3407
-18.412029084383,0.331762745803,25.931927466411,                      89P   3408
-18.412029084383,0.416385372689,25.942566223208,                      89P   3409
-18.412029084383,0.332107346348,25.939809934434,                      89P   3410
-18.412029084383,0.416364387665,25.950393276582,                      89P   3411
-18.412029084383,0.332451946894,25.947692402457,                      89P   3412
-18.412029084383,0.416343402642,25.958219861992,                      89P   3413
-18.412029084383,0.332806905514,25.955574075831,                      89P   3414
-18.412029084383,0.416314254666,25.966045993537,                      89P   3415
-18.412029084383,0.333171558437,25.96345482013,-18.412029084383,      89P   3416
0.416278341835,25.973872125083,-18.412029084383,0.33353621136,        89P   3417
25.97133556443,-18.412029084383,0.416242429004,25.981697802763,       89P   3418
-18.412029084383,0.333910558585,25.979215339036,                      89P   3419
-18.412029084383,0.416200242796,25.989523040678,                      89P   3420
-18.412029084383,0.33429393634,25.987094264068,-18.412029084383,      89P   3421
0.416150195151,26.005173516506,-18.412029084383,0.335060691852,       89P   3422
26.002852114133,-18.412029084383,0.416050099861,26.02082223327,       89P   3423
-18.412029084383,0.335863569486,26.018606203069,                      89P   3424
-18.412029084383,0.415922167422,26.036469303755,                      89P   3425
-18.412029084383,0.336697259069,26.034356378181,                      89P   3426
-18.412029084383,0.415765661645,26.067763444725,                      89P   3427
-18.412029084383,0.338364638236,26.065856728403,                      89P   3428
-18.412029084383,0.415452650089,26.099051263863,                      89P   3429
-18.412029084383,0.340146541385,26.097341164251,                      89P   3430
-18.412029084383,0.415025422761,26.13033425171,-18.412029084383,      89P   3431
0.342010756085,26.128808952838,-18.412029084383,0.414484479146,       89P   3432
26.161617239557,-18.412029084383,0.343874970785,26.160276741424,      89P   3433
-18.412029084383,0.413943535531,26.192895396113,                      89P   3434
-18.412029084383,0.345821497036,26.191727657682,                      89P   3435
-18.412029084383,0.413291804098,26.224170211917,                      89P   3436
-18.412029084383,0.347818122407,26.223161420688,                      89P   3437
-18.412029084383,0.412525275116,26.255445027721,                      89P   3438
-18.412029084383,0.349814747778,26.254595183695,                      89P   3439
-18.412029084383,0.411758746135,26.286716506653,                      89P   3440
-18.412029084383,0.351863322883,26.286011724742,                      89P   3441
-18.412029084383,0.410879581518,26.317985867975,                      89P   3442
-18.412029084383,0.353943529561,26.317410510895,                      89P   3443
-18.412029084383,0.40988828297,26.349255229297,-18.412029084383,      89P   3444
0.356023736238,26.348809297048,-18.412029084383,0.408896984423,       89P   3445
26.380522405066,-18.412029084383,0.358136762222,26.380190486903,      89P   3446
-18.412029084383,0.407792739365,26.411788258003,                      89P   3447
-18.412029084383,0.360269077553,26.411553280598,                      89P   3448
-18.412029084383,0.406576450566,26.474319963878,                      89P   3449
-18.412029084383,0.364533708216,26.474278867987,                      89P   3450
-18.412029084383,0.404143872969,26.536846768435,                      89P   3451
-18.412029084383,0.36887000707,26.53693143154,-18.412029084383,       89P   3452
0.401262744943,26.599370242973,-18.412029084383,0.373253644679,       89P   3453
26.599499385621,-18.412029084383,0.397934688214,26.661893717511,      89P   3454
-18.412029084383,0.377637282289,26.662067339702,                      89P   3455
-18.412029084383,0.394606631485,26.724413860984,                      89P   3456
-18.412029084383,0.382068967932,26.724550806158,                      89P   3457
-18.412029084383,0.390831714282,26.786926046309,                      89P   3458
-18.412029084383,0.386610752108,26.786926046309,                      89P   3459
-18.412029084383,0.386610752108,0.0,1.0,0.0,41.0,,1,91;               89P   3460
406,1,35HSurf_ABTTPPFWAX, Wing, 1, 19, lower;                         91P   3461
128,1,123,1,3,0,0,1,0,0,0.0,0.0,1.0,1.0,0.0,0.0,0.0,0.0,1.0,1.0,      93P   3462
1.0,2.0,2.0,2.0,3.0,3.0,3.0,4.0,4.0,4.0,5.0,5.0,5.0,6.0,6.0,6.0,      93P   3463
7.0,7.0,7.0,8.0,8.0,8.0,9.0,9.0,9.0,10.0,10.0,10.0,11.0,11.0,         93P   3464
11.0,12.0,12.0,12.0,13.0,13.0,13.0,14.0,14.0,14.0,15.0,15.0,          93P   3465
15.0,16.0,16.0,16.0,17.0,17.0,17.0,18.0,18.0,18.0,19.0,19.0,          93P   3466
19.0,20.0,20.0,20.0,21.0,21.0,21.0,22.0,22.0,22.0,23.0,23.0,          93P   3467
23.0,24.0,24.0,24.0,25.0,25.0,25.0,26.0,26.0,26.0,27.0,27.0,          93P   3468
27.0,28.0,28.0,28.0,29.0,29.0,29.0,30.0,30.0,30.0,31.0,31.0,          93P   3469
31.0,32.0,32.0,32.0,33.0,33.0,33.0,34.0,34.0,34.0,35.0,35.0,          93P   3470
35.0,36.0,36.0,36.0,37.0,37.0,37.0,38.0,38.0,38.0,39.0,39.0,          93P   3471
39.0,40.0,40.0,40.0,41.0,41.0,41.0,41.0,1.0,1.0,1.0,1.0,1.0,1.0,      93P   3472
1.0,1.0,1.0,1.0,1.0,1.0,1.0,1.0,1.0,1.0,1.0,1.0,1.0,1.0,1.0,1.0,      93P   3473
1.0,1.0,1.0,1.0,1.0,1.0,1.0,1.0,1.0,1.0,1.0,1.0,1.0,1.0,1.0,1.0,      93P   3474
1.0,1.0,1.0,1.0,1.0,1.0,1.0,1.0,1.0,1.0,1.0,1.0,1.0,1.0,1.0,1.0,      93P   3475
1.0,1.0,1.0,1.0,1.0,1.0,1.0,1.0,1.0,1.0,1.0,1.0,1.0,1.0,1.0,1.0,      93P   3476
1.0,1.0,1.0,1.0,1.0,1.0,1.0,1.0,1.0,1.0,1.0,1.0,1.0,1.0,1.0,1.0,      93P   3477
1.0,1.0,1.0,1.0,1.0,1.0,1.0,1.0,1.0,1.0,1.0,1.0,1.0,1.0,1.0,1.0,      93P   3478
1.0,1.0,1.0,1.0,1.0,1.0,1.0,1.0,1.0,1.0,1.0,1.0,1.0,1.0,1.0,1.0,      93P   3479
1.0,1.0,1.0,1.0,1.0,1.0,1.0,1.0,1.0,1.0,1.0,1.0,1.0,1.0,1.0,1.0,      93P   3480
1.0,1.0,1.0,1.0,1.0,1.0,1.0,1.0,1.0,1.0,1.0,1.0,1.0,1.0,1.0,1.0,      93P   3481
1.0,1.0,1.0,1.0,1.0,1.0,1.0,1.0,1.0,1.0,1.0,1.0,1.0,1.0,1.0,1.0,      93P   3482
1.0,1.0,1.0,1.0,1.0,1.0,1.0,1.0,1.0,1.0,1.0,1.0,1.0,1.0,1.0,1.0,      93P   3483
1.0,1.0,1.0,1.0,1.0,1.0,1.0,1.0,1.0,1.0,1.0,1.0,1.0,1.0,1.0,1.0,      93P   3484
1.0,1.0,1.0,1.0,1.0,1.0,1.0,1.0,1.0,1.0,1.0,1.0,1.0,1.0,1.0,1.0,      93P   3485
1.0,1.0,1.0,1.0,1.0,1.0,1.0,1.0,1.0,1.0,1.0,1.0,1.0,1.0,1.0,1.0,      93P   3486
1.0,1.0,1.0,1.0,1.0,1.0,1.0,1.0,1.0,1.0,1.0,1.0,1.0,1.0,1.0,1.0,      93P   3487
1.0,1.0,26.786926046309,-18.412029084383,0.386610752108,              93P   3488
26.786926046309,-18.412029084383,0.386610752108,26.724687751333,      93P   3489
-18.412029084383,0.399594460633,26.724550806158,                      93P   3490
-18.412029084383,0.390831714282,26.662240961892,                      93P   3491
-18.412029084383,0.411575980681,26.662067339702,                      93P   3492
-18.412029084383,0.394606631485,26.599628528268,                      93P   3493
-18.412029084383,0.422615731749,26.599499385621,                      93P   3494
-18.412029084383,0.397934688214,26.537016094645,                      93P   3495
-18.412029084383,0.433655482817,26.53693143154,-18.412029084383,      93P   3496
0.401262744943,26.474237772095,-18.412029084383,0.443754037722,       93P   3497
26.474278867987,-18.412029084383,0.404143872969,26.411318303192,      93P   3498
-18.412029084383,0.45288382358,26.411553280598,-18.412029084383,      93P   3499
0.406576450566,26.37985856874,-18.412029084383,0.457448716508,        93P   3500
26.380190486903,-18.412029084383,0.407792739365,26.348363364798,      93P   3501
-18.412029084383,0.461770232607,26.348809297048,                      93P   3502
-18.412029084383,0.408896984423,26.316835153814,                      93P   3503
-18.412029084383,0.46583303638,26.317410510895,-18.412029084383,      93P   3504
0.40988828297,26.28530694283,-18.412029084383,0.469895840153,         93P   3505
26.286011724742,-18.412029084383,0.410879581518,26.253745339669,      93P   3506
-18.412029084383,0.473702744491,26.254595183695,                      93P   3507
-18.412029084383,0.411758746135,26.22215262946,-18.412029084383,      93P   3508
0.477232427826,26.223161420688,-18.412029084383,0.412525275116,       93P   3509
26.190559919251,-18.412029084383,0.48076211116,26.191727657682,       93P   3510
-18.412029084383,0.413291804098,26.158936243292,                      93P   3511
-18.412029084383,0.484012100276,26.160276741424,                      93P   3512
-18.412029084383,0.413943535531,26.127283653965,                      93P   3513
-18.412029084383,0.486958202206,26.128808952838,                      93P   3514
-18.412029084383,0.414484479146,26.095631064639,                      93P   3515
-18.412029084383,0.489904304136,26.097341164251,                      93P   3516
-18.412029084383,0.415025422761,26.063950012082,                      93P   3517
-18.412029084383,0.492540661943,26.065856728403,                      93P   3518
-18.412029084383,0.415452650089,26.032243452606,                      93P   3519
-18.412029084383,0.49483406422,26.034356378181,-18.412029084383,      93P   3520
0.415765661645,26.016390172869,-18.412029084383,0.495980765358,       93P   3521
26.018606203069,-18.412029084383,0.415922167422,26.000530711759,      93P   3522
-18.412029084383,0.497039507869,26.002852114133,                      93P   3523
-18.412029084383,0.416050099861,25.984665487458,                      93P   3524
-18.412029084383,0.498006453961,25.987094264068,                      93P   3525
-18.412029084383,0.416150195151,25.976732875308,                      93P   3526
-18.412029084383,0.498489927007,25.979215339036,                      93P   3527
-18.412029084383,0.416200242796,25.968799003777,                      93P   3528
-18.412029084383,0.498948646648,25.97133556443,-18.412029084383,      93P   3529
0.416242429004,25.960863646723,-18.412029084383,0.499385125233,       93P   3530
25.96345482013,-18.412029084383,0.416278341835,25.95292828967,        93P   3531
-18.412029084383,0.499821603818,25.955574075831,                      93P   3532
-18.412029084383,0.416314254666,25.944991528332,                      93P   3533
-18.412029084383,0.500234858389,25.947692402457,                      93P   3534
-18.412029084383,0.416343402642,25.93705364566,-18.412029084383,      93P   3535
0.500621428982,25.939809934434,-18.412029084383,0.416364387665,       93P   3536
25.929115762988,-18.412029084383,0.501007999575,25.931927466411,      93P   3537
-18.412029084383,0.416385372689,25.921176790753,                      93P   3538
-18.412029084383,0.5013688737,25.924044240018,-18.412029084383,       93P   3539
0.416398882216,25.913236554278,-18.412029084383,0.501707569212,       93P   3540
25.916160079443,-18.412029084383,0.416408306771,25.905296317803,      93P   3541
-18.412029084383,0.502046264725,25.908275918867,                      93P   3542
-18.412029084383,0.416417731327,25.897354893157,                      93P   3543
-18.412029084383,0.502358633892,25.900390897525,                      93P   3544
-18.412029084383,0.416420191141,25.889412427948,                      93P   3545
-18.412029084383,0.502631457253,25.892505260336,                      93P   3546
-18.412029084383,0.416405555695,25.881469962739,                      93P   3547
-18.412029084383,0.502904280615,25.884619623146,                      93P   3548
-18.412029084383,0.416390920249,25.873526147723,                      93P   3549
-18.412029084383,0.50314179137,25.876733226028,-18.412029084383,      93P   3550
0.416360907061,25.865581266595,-18.412029084383,0.503346734953,       93P   3551
25.868846184472,-18.412029084383,0.416317682741,25.857636385466,      93P   3552
-18.412029084383,0.503551678536,25.860959142915,                      93P   3553
-18.412029084383,0.416274458421,25.849690713503,                      93P   3554
-18.412029084383,0.503720531052,25.85307159456,-18.412029084383,      93P   3555
0.416216261021,25.841744672612,-18.412029084383,0.503848796311,       93P   3556
25.845183724004,-18.412029084383,0.416141636338,25.833798631722,      93P   3557
-18.412029084383,0.503977061571,25.837295853448,                      93P   3558
-18.412029084383,0.416067011656,25.825851391574,                      93P   3559
-18.412029084383,0.504069698871,25.829407282003,                      93P   3560
-18.412029084383,0.415977259997,25.817904057069,                      93P   3561
-18.412029084383,0.504122631956,25.821518530079,                      93P   3562
-18.412029084383,0.415871641112,25.809956722565,                      93P   3563
-18.412029084383,0.50417556504,25.813629778155,-18.412029084383,      93P   3564
0.415766022226,25.802009730145,-18.412029084383,0.504187202386,       93P   3565
25.805741063973,-18.412029084383,0.415643740351,25.794062398952,      93P   3566
-18.412029084383,0.504159972605,25.797852015066,                      93P   3567
-18.412029084383,0.415507307671,25.786115067758,                      93P   3568
-18.412029084383,0.504132742825,25.789962966159,                      93P   3569
-18.412029084383,0.415370874991,25.778167461104,                      93P   3570
-18.412029084383,0.504066440645,25.782073643418,                      93P   3571
-18.412029084383,0.415218586652,25.770220907728,                      93P   3572
-18.412029084383,0.503956340691,25.774184681252,                      93P   3573
-18.412029084383,0.415050582869,25.762274354351,                      93P   3574
-18.412029084383,0.503846240736,25.766295719085,                      93P   3575
-18.412029084383,0.414882579086,25.754328723027,                      93P   3576
-18.412029084383,0.503692772731,25.758407044297,                      93P   3577
-18.412029084383,0.414699676585,25.746383550406,                      93P   3578
-18.412029084383,0.503497606622,25.750518435793,                      93P   3579
-18.412029084383,0.414501138487,25.730493205165,                      93P   3580
-18.412029084383,0.503107274404,25.734741218786,                      93P   3581
-18.412029084383,0.414104062291,25.714607796485,                      93P   3582
-18.412029084383,0.502539260992,25.718965791893,                      93P   3583
-18.412029084383,0.413645200149,25.698731042442,                      93P   3584
-18.412029084383,0.501781246197,25.703194049203,                      93P   3585
-18.412029084383,0.413124528435,25.690792665421,                      93P   3586
-18.412029084383,0.501402238799,25.695308177858,                      93P   3587
-18.412029084383,0.412864192577,25.682856640284,                      93P   3588
-18.412029084383,0.500975071631,25.687423348525,                      93P   3589
-18.412029084383,0.412589808985,25.674923703631,                      93P   3590
-18.412029084383,0.500497398557,25.679539896564,                      93P   3591
-18.412029084383,0.412298568006,25.666990766978,                      93P   3592
-18.412029084383,0.500019725483,25.671656444602,                      93P   3593
-18.412029084383,0.412007327028,25.659060918809,                      93P   3594
-18.412029084383,0.499491546502,25.663774417984,                      93P   3595
-18.412029084383,0.411700820161,25.651134895724,                      93P   3596
-18.412029084383,0.498910515479,25.65589422468,-18.412029084383,      93P   3597
0.411379911191,25.619430803381,-18.412029084383,0.496586391387,       93P   3598
25.624373451464,-18.412029084383,0.410096275314,25.58778446624,       93P   3599
-18.412029084383,0.493425513193,25.592879258895,                      93P   3600
-18.412029084383,0.408566173453,25.556278086955,                      93P   3601
-18.412029084383,0.489184961897,25.561460609343,                      93P   3602
-18.412029084383,0.406800001898,25.540524897313,                      93P   3603
-18.412029084383,0.487064686249,25.545751284567,                      93P   3604
-18.412029084383,0.40591691612,25.524810345,-18.412029084383,         93P   3605
0.484664816952,25.530063210038,-18.412029084383,0.404974312443,       93P   3606
25.509149557621,-18.412029084383,0.481944656193,25.514406308786,      93P   3607
-18.412029084383,0.403973964989,25.501319163931,                      93P   3608
-18.412029084383,0.480584575814,25.50657785816,-18.412029084383,      93P   3609
0.403473791262,25.493504159179,-18.412029084383,0.479139492312,       93P   3610
25.498758518095,-18.412029084383,0.402959151661,25.485705837694,      93P   3611
-18.412029084383,0.477606113499,25.490949187094,                      93P   3612
-18.412029084383,0.402430291666,25.481806676951,                      93P   3613
-18.412029084383,0.476839424092,25.487044521593,                      93P   3614
-18.412029084383,0.402165861668,25.477912712923,                      93P   3615
-18.412029084383,0.476048175915,25.483143073132,                      93P   3616
-18.412029084383,0.401897889759,25.474023487346,                      93P   3617
-18.412029084383,0.475233408307,25.47924452297,-18.412029084383,      93P   3618
0.4016264502,25.470134261769,-18.412029084383,0.4744186407,           93P   3619
25.475345972807,-18.412029084383,0.401355010641,25.466249383259,      93P   3620
-18.412029084383,0.473581321879,25.471450037595,                      93P   3621
-18.412029084383,0.401080008038,25.462370961795,                      93P   3622
-18.412029084383,0.472716469582,25.4675582286,-18.412029084383,       93P   3623
0.400801600525,25.454614118866,-18.412029084383,0.470986764987,       93P   3624
25.459774610609,-18.412029084383,0.4002447855,25.446880619819,        93P   3625
-18.412029084383,0.469152636504,25.452005705096,                      93P   3626
-18.412029084383,0.39967423379,25.439176914527,-18.412029084383,      93P   3627
0.467199452505,25.44425620053,-18.412029084383,0.39909026028,         93P   3628
25.431473209235,-18.412029084383,0.465246268507,25.436506695965,      93P   3629
-18.412029084383,0.39850628677,25.42379896654,-18.412029084383,       93P   3630
0.463174633781,25.428776348642,-18.412029084383,0.397908983755,       93P   3631
25.416167447941,-18.412029084383,0.460956788882,25.421075295376,      93P   3632
-18.412029084383,0.397299626524,25.408535929341,                      93P   3633
-18.412029084383,0.458738943983,25.41337424211,-18.412029084383,      93P   3634
0.396690269292,25.400944815346,-18.412029084383,0.456379112776,       93P   3635
25.405700393432,-18.412029084383,0.396067741251,25.393414258454,      93P   3636
-18.412029084383,0.453839021215,25.398069996746,                      93P   3637
-18.412029084383,0.395435059241,25.385883701561,                      93P   3638
-18.412029084383,0.451298929655,25.39043960006,-18.412029084383,      93P   3639
0.394802377231,25.378412547734,-18.412029084383,0.44857991865,        93P   3640
25.382851420805,-18.412029084383,0.394158553436,25.371035920845,      93P   3641
-18.412029084383,0.445622456416,25.375333739604,                      93P   3642
-18.412029084383,0.393505829474,25.363659293956,                      93P   3643
-18.412029084383,0.442664994182,25.367816058403,                      93P   3644
-18.412029084383,0.392853105511,25.356374667228,                      93P   3645
-18.412029084383,0.439471896296,25.36036737467,-18.412029084383,      93P   3646
0.392193094046,25.349257491812,-18.412029084383,0.435934325987,       93P   3647
25.353050358946,-18.412029084383,0.391529709365,25.345698904104,      93P   3648
-18.412029084383,0.434165540833,25.349391851085,                      93P   3649
-18.412029084383,0.391198017025,25.342185056141,                      93P   3650
-18.412029084383,0.432307286766,25.345769026498,                      93P   3651
-18.412029084383,0.390866314282,25.338732371436,                      93P   3652
-18.412029084383,0.430339602826,25.342195826172,                      93P   3653
-18.412029084383,0.390535278696,25.337006029084,                      93P   3654
-18.412029084383,0.429355760857,25.340409226009,                      93P   3655
-18.412029084383,0.390369760903,25.335296523445,                      93P   3656
-18.412029084383,0.428342930745,25.338635989428,                      93P   3657
-18.412029084383,0.390204023583,25.333605846111,                      93P   3658
-18.412029084383,0.427298978628,25.336878920571,                      93P   3659
-18.412029084383,0.390039689698,25.331915168778,                      93P   3660
-18.412029084383,0.426255026511,25.335121851714,                      93P   3661
-18.412029084383,0.389875355812,25.33024435813,-18.412029084383,      93P   3662
0.425178752929,25.333381469772,-18.412029084383,0.389711825631,       93P   3663
25.328599646013,-18.412029084383,0.424064414949,25.331662699015,      93P   3664
-18.412029084383,0.389548917582,25.325310221779,                      93P   3665
-18.412029084383,0.421835738988,25.328225157499,                      93P   3666
-18.412029084383,0.389223101484,25.322115756936,                      93P   3667
-18.412029084383,0.419461570001,25.324867316345,                      93P   3668
-18.412029084383,0.388901168488,25.319092365246,                      93P   3669
-18.412029084383,0.416882184766,25.321658146429,                      93P   3670
-18.412029084383,0.388589175286,25.317580669401,                      93P   3671
-18.412029084383,0.415592492149,25.320053561471,                      93P   3672
-18.412029084383,0.388433178686,25.316113905086,                      93P   3673
-18.412029084383,0.414250293383,25.318487985967,                      93P   3674
-18.412029084383,0.388279760277,25.31470696469,-18.412029084383,      93P   3675
0.4128471358,25.316975801599,-18.412029084383,0.388130537943,         93P   3676
25.313300024294,-18.412029084383,0.411443978218,25.315463617231,      93P   3677
-18.412029084383,0.387981315608,25.311955125771,                      93P   3678
-18.412029084383,0.409978481033,25.314005947386,                      93P   3679
-18.412029084383,0.387835832964,25.31069600493,-18.412029084383,      93P   3680
0.408441158525,25.312626019382,-18.412029084383,0.387696675226,       93P   3681
25.309436884089,-18.412029084383,0.406903836017,25.311246091378,      93P   3682
-18.412029084383,0.387557517487,25.308265512969,                      93P   3683
-18.412029084383,0.40529338852,25.309945564858,-18.412029084383,      93P   3684
0.387424675647,25.307222504399,-18.412029084383,0.403602451904,       93P   3685
25.308762589459,-18.412029084383,0.387301522748,25.306179495828,      93P   3686
-18.412029084383,0.401911515287,25.30757961406,-18.412029084383,      93P   3687
0.387178369849,25.305263490212,-18.412029084383,0.40013892725,        93P   3688
25.306513966787,-18.412029084383,0.387065010386,25.304533771823,      93P   3689
-18.412029084383,0.398291164538,25.305622789496,                      93P   3690
-18.412029084383,0.386966952452,25.303804053435,                      93P   3691
-18.412029084383,0.396443401826,25.304731612205,                      93P   3692
-18.412029084383,0.386868894518,25.30326044217,-18.412029084383,      93P   3693
0.394518693444,25.304015110549,-18.412029084383,0.386785958991,       93P   3694
25.302959396384,-18.412029084383,0.392555040356,25.303531209846,      93P   3695
-18.412029084383,0.386724972253,25.302808873491,                      93P   3696
-18.412029084383,0.391573213812,25.303289259495,                      93P   3697
-18.412029084383,0.386694478884,25.302718268012,                      93P   3698
-18.412029084383,0.390581441437,25.303104841826,                      93P   3699
-18.412029084383,0.386669323347,25.302691088538,                      93P   3700
-18.412029084383,0.389588457999,25.302982162352,                      93P   3701
-18.412029084383,0.386650111834,25.302663909065,                      93P   3702
-18.412029084383,0.388595474561,25.302859482878,                      93P   3703
-18.412029084383,0.386630900321,25.302701913733,                      93P   3704
-18.412029084383,0.387590705699,25.302799062182,                      93P   3705
-18.412029084383,0.386610752108,25.302799062182,                      93P   3706
-18.412029084383,0.386610752108,25.302799062182,                      93P   3707
-18.412029084383,0.386610752108,0.0,1.0,0.0,41.0,,1,95;               93P   3708
406,1,35HSurf_ABTTPPFWAX, Wing, 1, 22, upper;                         95P   3709
128,1,123,1,3,0,0,1,0,0,0.0,0.0,1.0,1.0,0.0,0.0,0.0,0.0,1.0,1.0,      97P   3710
1.0,2.0,2.0,2.0,3.0,3.0,3.0,4.0,4.0,4.0,5.0,5.0,5.0,6.0,6.0,6.0,      97P   3711
7.0,7.0,7.0,8.0,8.0,8.0,9.0,9.0,9.0,10.0,10.0,10.0,11.0,11.0,         97P   3712
11.0,12.0,12.0,12.0,13.0,13.0,13.0,14.0,14.0,14.0,15.0,15.0,          97P   3713
15.0,16.0,16.0,16.0,17.0,17.0,17.0,18.0,18.0,18.0,19.0,19.0,          97P   3714
19.0,20.0,20.0,20.0,21.0,21.0,21.0,22.0,22.0,22.0,23.0,23.0,          97P   3715
23.0,24.0,24.0,24.0,25.0,25.0,25.0,26.0,26.0,26.0,27.0,27.0,          97P   3716
27.0,28.0,28.0,28.0,29.0,29.0,29.0,30.0,30.0,30.0,31.0,31.0,          97P   3717
31.0,32.0,32.0,32.0,33.0,33.0,33.0,34.0,34.0,34.0,35.0,35.0,          97P   3718
35.0,36.0,36.0,36.0,37.0,37.0,37.0,38.0,38.0,38.0,39.0,39.0,          97P   3719
39.0,40.0,40.0,40.0,41.0,41.0,41.0,41.0,1.0,1.0,1.0,1.0,1.0,1.0,      97P   3720
1.0,1.0,1.0,1.0,1.0,1.0,1.0,1.0,1.0,1.0,1.0,1.0,1.0,1.0,1.0,1.0,      97P   3721
1.0,1.0,1.0,1.0,1.0,1.0,1.0,1.0,1.0,1.0,1.0,1.0,1.0,1.0,1.0,1.0,      97P   3722
1.0,1.0,1.0,1.0,1.0,1.0,1.0,1.0,1.0,1.0,1.0,1.0,1.0,1.0,1.0,1.0,      97P   3723
1.0,1.0,1.0,1.0,1.0,1.0,1.0,1.0,1.0,1.0,1.0,1.0,1.0,1.0,1.0,1.0,      97P   3724
1.0,1.0,1.0,1.0,1.0,1.0,1.0,1.0,1.0,1.0,1.0,1.0,1.0,1.0,1.0,1.0,      97P   3725
1.0,1.0,1.0,1.0,1.0,1.0,1.0,1.0,1.0,1.0,1.0,1.0,1.0,1.0,1.0,1.0,      97P   3726
1.0,1.0,1.0,1.0,1.0,1.0,1.0,1.0,1.0,1.0,1.0,1.0,1.0,1.0,1.0,1.0,      97P   3727
1.0,1.0,1.0,1.0,1.0,1.0,1.0,1.0,1.0,1.0,1.0,1.0,1.0,1.0,1.0,1.0,      97P   3728
1.0,1.0,1.0,1.0,1.0,1.0,1.0,1.0,1.0,1.0,1.0,1.0,1.0,1.0,1.0,1.0,      97P   3729
1.0,1.0,1.0,1.0,1.0,1.0,1.0,1.0,1.0,1.0,1.0,1.0,1.0,1.0,1.0,1.0,      97P   3730
1.0,1.0,1.0,1.0,1.0,1.0,1.0,1.0,1.0,1.0,1.0,1.0,1.0,1.0,1.0,1.0,      97P   3731
1.0,1.0,1.0,1.0,1.0,1.0,1.0,1.0,1.0,1.0,1.0,1.0,1.0,1.0,1.0,1.0,      97P   3732
1.0,1.0,1.0,1.0,1.0,1.0,1.0,1.0,1.0,1.0,1.0,1.0,1.0,1.0,1.0,1.0,      97P   3733
1.0,1.0,1.0,1.0,1.0,1.0,1.0,1.0,1.0,1.0,1.0,1.0,1.0,1.0,1.0,1.0,      97P   3734
1.0,1.0,1.0,1.0,1.0,1.0,1.0,1.0,1.0,1.0,1.0,1.0,1.0,1.0,1.0,1.0,      97P   3735
1.0,1.0,39.924408014572,0.0,1.065573770492,39.924408014572,0.0,       97P   3736
1.065573770492,39.732946047479,0.0,1.078530092888,                    97P   3737
39.732525691703,0.0,1.051632678957,39.541151877713,0.0,               97P   3738
1.090117271895,39.540618941151,0.0,1.038029536929,                    97P   3739
39.349098371604,0.0,1.100332804315,39.348701965831,0.0,               97P   3740
1.02457387924,39.157044865495,0.0,1.110548336734,39.15678499051,      97P   3741
0.0,1.01111822155,38.964731649027,0.0,1.119392013134,                 97P   3742
38.964857793634,0.0,0.997807871057,38.772194284528,0.0,               97P   3743
1.126858855599,38.772915552072,0.0,0.984717507419,                    97P   3744
38.675925602278,0.0,1.130592276831,38.676944431291,0.0,               97P   3745
0.9781723256,38.579600452668,0.0,1.133981777703,38.580969250054,      97P   3746
0.0,0.971686352795,38.483221290894,0.0,1.137024587149,                97P   3747
38.484987360221,0.0,0.965301119464,38.38684212912,0.0,                97P   3748
1.140067396595,38.389005470388,0.0,0.958915886132,                    97P   3749
38.290408468367,0.0,1.142766008841,38.29301708051,0.0,                97P   3750
0.952627746505,38.193921944485,0.0,1.145118883897,                    97P   3751
38.197018448042,0.0,0.946499067559,38.097435420604,0.0,               97P   3752
1.147471758953,38.101019815574,0.0,0.940370388613,                    97P   3753
38.000896244499,0.0,1.149472260783,38.005010928607,0.0,               97P   3754
0.934395489853,37.904305278462,0.0,1.151132697334,37.9089872119,      97P   3755
0.0,0.928673247939,37.807714312426,0.0,1.152793133885,                97P   3756
37.812963495193,0.0,0.922951006025,37.711072247311,0.0,               97P   3757
1.154104516166,37.716924948746,0.0,0.917481420958,                    97P   3758
37.614381332723,0.0,1.155065310994,37.62086699732,0.0,                97P   3759
0.9123633694,37.56603587543,0.0,1.155545708408,37.572838021606,       97P   3760
0.0,0.90980434362,37.517678404576,0.0,1.155938399422,                 97P   3761
37.524803992611,0.0,0.907339895695,37.46930938887,0.0,                97P   3762
1.156245643788,37.476764564132,0.0,0.904986325301,                    97P   3763
37.445124881016,0.0,1.156399265972,37.452744849892,0.0,               97P   3764
0.903809540104,37.420937765382,0.0,1.156528757326,                    97P   3765
37.428723785781,0.0,0.90266047429,37.396747673253,0.0,                97P   3766
1.156638992434,37.404701328524,0.0,0.901541165319,                    97P   3767
37.372557581125,0.0,1.156749227542,37.380678871267,0.0,               97P   3768
0.900421856348,37.348364637186,0.0,1.156838697798,                    97P   3769
37.356655020863,0.0,0.89933230422,37.324169254058,0.0,                97P   3770
1.156903111721,37.332629734038,0.0,0.898274546395,                    97P   3771
37.29997387093,0.0,1.156967525644,37.308604447213,0.0,                97P   3772
0.89721678857,37.275776159969,0.0,1.157008993388,                     97P   3773
37.284577849159,0.0,0.89619201418,37.251575581517,0.0,                97P   3774
1.157037922238,37.260549396729,0.0,0.895210239665,                    97P   3775
37.227375003065,0.0,1.157066851089,37.2365209443,0.0,                 97P   3776
0.89422846515,37.203171782477,0.0,1.157074401533,                     97P   3777
37.212490854708,0.0,0.893284743035,37.178966671532,0.0,               97P   3778
1.157029477758,37.188460178434,0.0,0.892357459071,                    97P   3779
37.154761560587,0.0,1.156984553983,37.16442950216,0.0,                97P   3780
0.891430175106,37.130554117026,0.0,1.156892427941,                    97P   3781
37.140398303908,0.0,0.890516879314,37.10634469535,0.0,                97P   3782
1.156759750081,37.116366421881,0.0,0.889622445431,                    97P   3783
37.082135273674,0.0,1.156627072222,37.092334539854,0.0,               97P   3784
0.888728011547,37.05792429637,0.0,1.156448434213,                     97P   3785
37.068301974053,0.0,0.887852439571,37.033712330064,0.0,               97P   3786
1.156219372353,37.044268562679,0.0,0.887000603238,                    97P   3787
37.009500363759,0.0,1.155990310494,37.020235151305,0.0,               97P   3788
0.886148766905,36.98528624606,0.0,1.155714816098,                     97P   3789
36.996201118286,0.0,0.885313426187,36.961071574379,0.0,               97P   3790
1.155390616952,36.972166266932,0.0,0.8845025488,36.936856902698,      97P   3791
0.0,1.155066417805,36.948131415579,0.0,0.883691671413,                97P   3792
36.912642346868,0.0,1.154691071302,36.924095745892,0.0,               97P   3793
0.882905257356,36.888426763592,0.0,1.154272288636,                    97P   3794
36.900059061184,0.0,0.882151274345,36.864211180315,0.0,               97P   3795
1.15385350597,36.876022376476,0.0,0.881397291335,36.8399947565,       97P   3796
0.0,1.153386054064,36.851984856223,0.0,0.880665903303,                97P   3797
36.815779439477,0.0,1.152870363308,36.827946316497,0.0,               97P   3798
0.879972475663,36.791564122453,0.0,1.152354672553,                    97P   3799
36.80390777677,0.0,0.879279048023,36.76734968754,0.0,                 97P   3800
1.151793249902,36.779868171008,0.0,0.878627275635,                    97P   3801
36.74313545609,0.0,1.151183833495,36.755827564175,0.0,                97P   3802
0.878007508845,36.694706993191,0.0,1.14996500068,                     97P   3803
36.707746350509,0.0,0.876767975264,36.646284025081,0.0,               97P   3804
1.148556514746,36.659660973553,0.0,0.875694531196,                    97P   3805
36.597872365702,0.0,1.146958303173,36.611571648487,0.0,               97P   3806
0.874824848651,36.573666536012,0.0,1.146159197386,                    97P   3807
36.587526985954,0.0,0.874390007379,36.549463904798,0.0,               97P   3808
1.145316971814,36.563481501218,0.0,0.874016753852,                    97P   3809
36.52526550145,0.0,1.144423002179,36.539434992055,0.0,                97P   3810
0.873695041024,36.501067098101,0.0,1.143529032545,                    97P   3811
36.515388482892,0.0,0.873373328196,36.476873069875,0.0,               97P   3812
1.142588203979,36.491341243813,0.0,0.873112926331,                    97P   3813
36.452684669038,0.0,1.141603167891,36.467293518348,0.0,               97P   3814
0.872926339755,36.355931065689,0.0,1.13766302354,                     97P   3815
36.371102616487,0.0,0.872179993453,36.259259052135,0.0,               97P   3816
1.13296634724,36.274897613547,0.0,0.872489015633,                     97P   3817
36.162818919285,0.0,1.127545050595,36.178726768752,0.0,               97P   3818
0.874662873914,36.11459885286,0.0,1.124834402272,                     97P   3819
36.130641346354,0.0,0.875749803055,36.066444014467,0.0,               97P   3820
1.121941062642,36.082567782018,0.0,0.877329567519,                    97P   3821
36.018384863032,0.0,1.11887047741,36.034520559123,0.0,                97P   3822
0.879537981414,35.994355287314,0.0,1.117335184794,                    97P   3823
36.010496947675,0.0,0.880642188362,35.970353676632,0.0,               97P   3824
1.115755488907,35.986482029671,0.0,0.881918507444,                    97P   3825
35.946382788959,0.0,1.114132143251,35.962477348079,0.0,               97P   3826
0.883378551099,35.934397345122,0.0,1.113320470423,                    97P   3827
35.950475007284,0.0,0.884108572927,35.92242177605,0.0,                97P   3828
1.112497925635,35.938476464605,0.0,0.88489223444,                     97P   3829
35.910455103359,0.0,1.111664736828,35.926481169926,0.0,               97P   3830
0.885726801248,35.898488430669,0.0,1.110831548021,                    97P   3831
35.914485875247,0.0,0.886561368056,35.886529784615,0.0,               97P   3832
1.109987422382,35.902493290436,0.0,0.88744328257,                     97P   3833
35.874583804063,0.0,1.109132845312,35.890506216608,0.0,               97P   3834
0.888388808742,35.85069184296,0.0,1.10742369117,35.866532068952,      97P   3835
0.0,0.890279861087,35.826845042079,0.0,1.105672372017,                97P   3836
35.84257658726,0.0,0.892407114489,35.80305779277,0.0,                 97P   3837
1.103879854399,35.818648756223,0.0,0.894817414092,                    97P   3838
35.779270543461,0.0,1.10208733678,35.794720925186,0.0,                97P   3839
0.897227713696,35.755542097669,0.0,1.100253903995,                    97P   3840
35.77082026519,0.0,0.899919769689,35.731903570531,0.0,                97P   3841
1.098383470569,35.746968300091,0.0,0.902986619265,                    97P   3842
35.708265043394,0.0,1.096513037142,35.723116334992,0.0,               97P   3843
0.90605346884,35.684710021248,0.0,1.094602175669,                     97P   3844
35.699307357189,0.0,0.909475291954,35.661288375805,0.0,               97P   3845
1.092660146398,35.675579251632,0.0,0.913388091996,                    97P   3846
35.637866730363,0.0,1.090718117126,35.651851146074,0.0,               97P   3847
0.917300892038,35.614574672116,0.0,1.088741887938,                    97P   3848
35.628199876089,0.0,0.921694488832,35.591499008965,0.0,               97P   3849
1.086738339518,35.604691244087,0.0,0.926765377674,                    97P   3850
35.568423345813,0.0,1.084734791098,35.581182612086,0.0,               97P   3851
0.931836266516,35.545559471681,0.0,1.082708873553,                    97P   3852
35.557815161904,0.0,0.937585705148,35.523099754967,0.0,               97P   3853
1.080672601858,35.534742031626,0.0,0.944371800034,                    97P   3854
35.511869896611,0.0,1.079654466011,35.523205466487,0.0,               97P   3855
0.947764847477,35.500749568735,0.0,1.078636298234,                    97P   3856
35.511750632826,0.0,0.951432457562,35.489781563457,0.0,               97P   3857
1.077620178307,35.500412702593,0.0,0.955440060389,                    97P   3858
35.484297560818,0.0,1.077112118344,35.494743737476,0.0,               97P   3859
0.957443861802,35.478854577943,0.0,1.076603384538,                    97P   3860
35.489105131281,0.0,0.959535295174,35.473461222201,0.0,               97P   3861
1.076098958601,35.483507985516,0.0,0.961730873862,                    97P   3862
35.468067866458,0.0,1.075594532663,35.477910839751,0.0,               97P   3863
0.963926452549,35.462725731513,0.0,1.075092573712,                    97P   3864
35.472355154416,0.0,0.966226176553,35.457449932503,0.0,               97P   3865
1.074592524407,35.466852031022,0.0,0.968646559229,                    97P   3866
35.446898334483,0.0,1.073592425796,35.455845784233,0.0,               97P   3867
0.973487324581,35.436591378213,0.0,1.072604246438,                    97P   3868
35.44503734132,0.0,0.978798522006,35.42674077109,0.0,                 97P   3869
1.071646577466,35.434616484453,0.0,0.984800655319,                    97P   3870
35.421815467528,0.0,1.071167742981,35.42940605602,0.0,                97P   3871
0.987801721976,35.417009904218,0.0,1.070696822305,                    97P   3872
35.424297189916,0.0,0.990979784858,35.412368225997,0.0,               97P   3873
1.070238781557,35.419332463354,0.0,0.994370721823,                    97P   3874
35.407726547777,0.0,1.069780740808,35.414367736792,0.0,               97P   3875
0.997761658787,35.403252202905,0.0,1.069334179109,                    97P   3876
35.409547238236,0.0,1.001366906429,35.399016488069,0.0,               97P   3877
1.068907031826,35.404940703552,0.0,1.005231452074,                    97P   3878
35.394780773232,0.0,1.068479884544,35.400334168868,0.0,               97P   3879
1.009095997719,35.390788782738,0.0,1.068072124028,                    97P   3880
35.395945733455,0.0,1.013223775422,35.38715761761,0.0,                97P   3881
1.067694103899,35.391884937528,0.0,1.017658096758,                    97P   3882
35.383526452482,0.0,1.06731608377,35.3878241416,0.0,                  97P   3883
1.022092418093,35.380255428231,0.0,1.066968124777,                    97P   3884
35.384093789482,0.0,1.026837492262,35.377519942857,0.0,               97P   3885
1.066667134114,35.380862702986,0.0,1.031907253166,                    97P   3886
35.374784457483,0.0,1.066366143452,35.37763161649,0.0,                97P   3887
1.03697701407,35.372585142241,0.0,1.066111571299,                     97P   3888
35.374901610956,0.0,1.042375798166,35.371099799976,0.0,               97P   3889
1.065924371364,35.3728549921,0.0,1.048028868203,35.370357128843,      97P   3890
0.0,1.065830771397,35.371831682672,0.0,1.050855403222,                97P   3891
35.369791055359,0.0,1.065753556004,35.370977650918,0.0,               97P   3892
1.053745236303,35.369414488416,0.0,1.065694585906,                    97P   3893
35.370307944937,0.0,1.056675277357,35.369037921474,0.0,               97P   3894
1.065635615808,35.369638238955,0.0,1.05960531841,                     97P   3895
35.368852459016,0.0,1.065573770492,35.369150657998,0.0,               97P   3896
1.062565784605,35.368852459016,0.0,1.065573770492,                    97P   3897
35.368852459016,0.0,1.065573770492,0.0,1.0,0.0,41.0,,1,99;            97P   3898
406,1,34HSurf_HRCRMCDIOI, Tail, 0, 1, lower;                          99P   3899
128,1,123,1,3,0,0,1,0,0,0.0,0.0,1.0,1.0,0.0,0.0,0.0,0.0,1.0,1.0,     101P   3900
1.0,2.0,2.0,2.0,3.0,3.0,3.0,4.0,4.0,4.0,5.0,5.0,5.0,6.0,6.0,6.0,     101P   3901
7.0,7.0,7.0,8.0,8.0,8.0,9.0,9.0,9.0,10.0,10.0,10.0,11.0,11.0,        101P   3902
11.0,12.0,12.0,12.0,13.0,13.0,13.0,14.0,14.0,14.0,15.0,15.0,         101P   3903
15.0,16.0,16.0,16.0,17.0,17.0,17.0,18.0,18.0,18.0,19.0,19.0,         101P   3904
19.0,20.0,20.0,20.0,21.0,21.0,21.0,22.0,22.0,22.0,23.0,23.0,         101P   3905
23.0,24.0,24.0,24.0,25.0,25.0,25.0,26.0,26.0,26.0,27.0,27.0,         101P   3906
27.0,28.0,28.0,28.0,29.0,29.0,29.0,30.0,30.0,30.0,31.0,31.0,         101P   3907
31.0,32.0,32.0,32.0,33.0,33.0,33.0,34.0,34.0,34.0,35.0,35.0,         101P   3908
35.0,36.0,36.0,36.0,37.0,37.0,37.0,38.0,38.0,38.0,39.0,39.0,         101P   3909
39.0,40.0,40.0,40.0,41.0,41.0,41.0,41.0,1.0,1.0,1.0,1.0,1.0,1.0,     101P   3910
1.0,1.0,1.0,1.0,1.0,1.0,1.0,1.0,1.0,1.0,1.0,1.0,1.0,1.0,1.0,1.0,     101P   3911
1.0,1.0,1.0,1.0,1.0,1.0,1.0,1.0,1.0,1.0,1.0,1.0,1.0,1.0,1.0,1.0,     101P   3912
1.0,1.0,1.0,1.0,1.0,1.0,1.0,1.0,1.0,1.0,1.0,1.0,1.0,1.0,1.0,1.0,     101P   3913
1.0,1.0,1.0,1.0,1.0,1.0,1.0,1.0,1.0,1.0,1.0,1.0,1.0,1.0,1.0,1.0,     101P   3914
1.0,1.0,1.0,1.0,1.0,1.0,1.0,1.0,1.0,1.0,1.0,1.0,1.0,1.0,1.0,1.0,     101P   3915
1.0,1.0,1.0,1.0,1.0,1.0,1.0,1.0,1.0,1.0,1.0,1.0,1.0,1.0,1.0,1.0,     101P   3916
1.0,1.0,1.0,1.0,1.0,1.0,1.0,1.0,1.0,1.0,1.0,1.0,1.0,1.0,1.0,1.0,     101P   3917
1.0,1.0,1.0,1.0,1.0,1.0,1.0,1.0,1.0,1.0,1.0,1.0,1.0,1.0,1.0,1.0,     101P   3918
1.0,1.0,1.0,1.0,1.0,1.0,1.0,1.0,1.0,1.0,1.0,1.0,1.0,1.0,1.0,1.0,     101P   3919
1.0,1.0,1.0,1.0,1.0,1.0,1.0,1.0,1.0,1.0,1.0,1.0,1.0,1.0,1.0,1.0,     101P   3920
1.0,1.0,1.0,1.0,1.0,1.0,1.0,1.0,1.0,1.0,1.0,1.0,1.0,1.0,1.0,1.0,     101P   3921
1.0,1.0,1.0,1.0,1.0,1.0,1.0,1.0,1.0,1.0,1.0,1.0,1.0,1.0,1.0,1.0,     101P   3922
1.0,1.0,1.0,1.0,1.0,1.0,1.0,1.0,1.0,1.0,1.0,1.0,1.0,1.0,1.0,1.0,     101P   3923
1.0,1.0,1.0,1.0,1.0,1.0,1.0,1.0,1.0,1.0,1.0,1.0,1.0,1.0,1.0,1.0,     101P   3924
1.0,1.0,1.0,1.0,1.0,1.0,1.0,1.0,1.0,1.0,1.0,1.0,1.0,1.0,1.0,1.0,     101P   3925
1.0,1.0,35.368852459016,0.0,1.065573770492,35.368852459016,0.0,      101P   3926
1.065573770492,35.368852459016,0.0,1.065573770492,                   101P   3927
35.368554260035,0.0,1.068581756379,35.369037921474,0.0,              101P   3928
1.065635615808,35.368437603994,0.0,1.071665913207,                   101P   3929
35.369414488416,0.0,1.065694585906,35.368521031896,0.0,              101P   3930
1.074713894456,35.369791055359,0.0,1.065753556004,                   101P   3931
35.368604459799,0.0,1.077761875705,35.370357128843,0.0,              101P   3932
1.065830771397,35.368882575014,0.0,1.080806139572,                   101P   3933
35.371099799976,0.0,1.065924371364,35.369344607851,0.0,              101P   3934
1.083819874525,35.372585142241,0.0,1.066111571299,                   101P   3935
35.370268673525,0.0,1.089847344432,35.374784457483,0.0,              101P   3936
1.066366143452,35.371937298477,0.0,1.095755272833,                   101P   3937
35.377519942857,0.0,1.066667134114,35.374177182729,0.0,              101P   3938
1.101427015063,35.380255428231,0.0,1.066968124777,                   101P   3939
35.376417066981,0.0,1.107098757292,35.383526452482,0.0,              101P   3940
1.06731608377,35.379228763364,0.0,1.112539749448,35.38715761761,     101P   3941
0.0,1.067694103899,35.382430297692,0.0,1.117730111041,               101P   3942
35.390788782738,0.0,1.068072124028,35.385631832021,0.0,              101P   3943
1.122920472633,35.394780773232,0.0,1.068479884544,                   101P   3944
35.389227377596,0.0,1.127863771368,35.399016488069,0.0,              101P   3945
1.068907031826,35.393092272585,0.0,1.132582611579,                   101P   3946
35.403252202905,0.0,1.069334179109,35.396957167573,0.0,              101P   3947
1.137301451789,35.407726547777,0.0,1.069780740808,                   101P   3948
35.401085358761,0.0,1.141799822829,35.412368225997,0.0,              101P   3949
1.070238781557,35.405403988641,0.0,1.146106841291,                   101P   3950
35.417009904218,0.0,1.070696822305,35.40972261852,0.0,               101P   3951
1.150413859752,35.421815467528,0.0,1.071167742981,                   101P   3952
35.414224879036,0.0,1.154533763986,35.42674077109,0.0,               101P   3953
1.071646577466,35.418865057726,0.0,1.158492499614,                   101P   3954
35.436591378213,0.0,1.072604246438,35.428145415107,0.0,              101P   3955
1.166409970869,35.446898334483,0.0,1.073592425796,                   101P   3956
35.437950884733,0.0,1.173697527011,35.457449932503,0.0,              101P   3957
1.074592524407,35.448047833985,0.0,1.180538489585,                   101P   3958
35.462725731513,0.0,1.075092573712,35.453096308611,0.0,              101P   3959
1.183958970872,35.468067866458,0.0,1.075594532663,                   101P   3960
35.458224893165,0.0,1.187262612777,35.473461222201,0.0,              101P   3961
1.076098958601,35.463414458886,0.0,1.190467043339,                   101P   3962
35.478854577943,0.0,1.076603384538,35.468604024606,0.0,              101P   3963
1.193671473902,35.484297560818,0.0,1.077112118344,                   101P   3964
35.47385138416,0.0,1.196780374885,35.489781563457,0.0,               101P   3965
1.077620178307,35.479150424321,0.0,1.199800296226,                   101P   3966
35.500749568735,0.0,1.078636298234,35.489748504643,0.0,              101P   3967
1.205840138907,35.511869896611,0.0,1.079654466011,                   101P   3968
35.500534326734,0.0,1.211544084545,35.523099754967,0.0,              101P   3969
1.080672601858,35.511457478308,0.0,1.216973403683,                   101P   3970
35.545559471681,0.0,1.082708873553,35.533303781457,0.0,              101P   3971
1.227832041958,35.568423345813,0.0,1.084734791098,                   101P   3972
35.555664079541,0.0,1.23763331568,35.591499008965,0.0,               101P   3973
1.086738339518,35.578306773842,0.0,1.246711301361,                   101P   3974
35.614574672116,0.0,1.088741887938,35.600949468144,0.0,              101P   3975
1.255789287043,35.637866730363,0.0,1.090718117126,                   101P   3976
35.623882314651,0.0,1.264135342213,35.661288375805,0.0,              101P   3977
1.092660146398,35.646997499979,0.0,1.271932200799,                   101P   3978
35.684710021248,0.0,1.094602175669,35.670112685307,0.0,              101P   3979
1.279729059385,35.708265043394,0.0,1.096513037142,                   101P   3980
35.693413751795,0.0,1.286972605445,35.731903570531,0.0,              101P   3981
1.098383470569,35.716838840971,0.0,1.293780321873,                   101P   3982
35.755542097669,0.0,1.100253903995,35.740263930148,0.0,              101P   3983
1.300588038302,35.779270543461,0.0,1.10208733678,                    101P   3984
35.763820161737,0.0,1.306946959865,35.80305779277,0.0,               101P   3985
1.103879854399,35.787466829317,0.0,1.312942294705,                   101P   3986
35.826845042079,0.0,1.105672372017,35.811113496898,0.0,              101P   3987
1.318937629546,35.85069184296,0.0,1.10742369117,35.834851616968,     101P   3988
0.0,1.324567521254,35.874583804063,0.0,1.109132845312,               101P   3989
35.858661391518,0.0,1.329876881881,35.886529784615,0.0,              101P   3990
1.109987422382,35.870566278793,0.0,1.332531562195,                   101P   3991
35.898488430669,0.0,1.110831548021,35.882490986091,0.0,              101P   3992
1.335101727986,35.910455103359,0.0,1.111664736828,                   101P   3993
35.894429036793,0.0,1.337602672408,35.92242177605,0.0,               101P   3994
1.112497925635,35.906367087495,0.0,1.34010361683,                    101P   3995
35.934397345122,0.0,1.113320470423,35.918319682961,0.0,              101P   3996
1.342532367918,35.946382788959,0.0,1.114132143251,                   101P   3997
35.930288229839,0.0,1.344885735402,35.970353676632,0.0,              101P   3998
1.115755488907,35.954225323594,0.0,1.349592470369,                   101P   3999
35.994355287314,0.0,1.117335184794,35.978213626953,0.0,              101P   4000
1.354028181226,36.018384863032,0.0,1.11887047741,                    101P   4001
36.002249166941,0.0,1.358202973406,36.066444014467,0.0,              101P   4002
1.121941062642,36.050320246917,0.0,1.366552557766,                   101P   4003
36.11459885286,0.0,1.124834402272,36.098556359366,0.0,               101P   4004
1.37391900149,36.162818919285,0.0,1.127545050595,                    101P   4005
36.146911069818,0.0,1.380427227276,36.259259052135,0.0,              101P   4006
1.13296634724,36.243620490723,0.0,1.393443678848,                    101P   4007
36.355931065689,0.0,1.13766302354,36.34075951489,0.0,                101P   4008
1.403146053627,36.452684669038,0.0,1.141603167891,                   101P   4009
36.438075819728,0.0,1.410279996026,36.476873069875,0.0,              101P   4010
1.142588203979,36.462404895937,0.0,1.412063481626,                   101P   4011
36.501067098101,0.0,1.143529032545,36.486745713311,0.0,              101P   4012
1.413684736893,36.52526550145,0.0,1.144423002179,                    101P   4013
36.511096010845,0.0,1.415150963335,36.549463904798,0.0,              101P   4014
1.145316971814,36.535446308378,0.0,1.416617189777,                   101P   4015
36.573666536012,0.0,1.146159197386,36.559806086071,0.0,              101P   4016
1.417928387394,36.597872365702,0.0,1.146958303173,                   101P   4017
36.584173082917,0.0,1.419091757695,36.646284025081,0.0,              101P   4018
1.148556514746,36.632907076609,0.0,1.421418498296,                   101P   4019
36.694706993191,0.0,1.14996500068,36.681667635873,0.0,               101P   4020
1.423162026096,36.74313545609,0.0,1.151183833495,                    101P   4021
36.730443348005,0.0,1.424360158144,36.76734968754,0.0,               101P   4022
1.151793249902,36.754831204071,0.0,1.424959224169,                   101P   4023
36.791564122453,0.0,1.152354672553,36.779220468135,0.0,              101P   4024
1.425430297083,36.815779439477,0.0,1.152870363308,                   101P   4025
36.803612562456,0.0,1.425768250954,36.8399947565,0.0,                101P   4026
1.153386054064,36.828004656777,0.0,1.426106204824,                   101P   4027
36.864211180315,0.0,1.15385350597,36.852399984154,0.0,               101P   4028
1.426309720606,36.888426763592,0.0,1.154272288636,                   101P   4029
36.876794465999,0.0,1.426393302927,36.912642346868,0.0,              101P   4030
1.154691071302,36.901188947844,0.0,1.426476885248,                   101P   4031
36.936856902698,0.0,1.155066417805,36.925582389818,0.0,              101P   4032
1.426441164198,36.961071574379,0.0,1.155390616952,                   101P   4033
36.949976881826,0.0,1.426278685104,36.98528624606,0.0,               101P   4034
1.155714816098,36.974371373834,0.0,1.42611620601,                    101P   4035
37.009500363759,0.0,1.155990310494,36.998765576213,0.0,              101P   4036
1.425831854083,37.033712330064,0.0,1.156219372353,                   101P   4037
37.02315609745,0.0,1.425438141469,37.05792429637,0.0,                101P   4038
1.156448434213,37.047546618687,0.0,1.425044428854,                   101P   4039
37.082135273674,0.0,1.156627072222,37.071936007494,0.0,              101P   4040
1.424526132896,37.10634469535,0.0,1.156759750081,                    101P   4041
37.096322968819,0.0,1.423897054732,37.130554117026,0.0,              101P   4042
1.156892427941,37.120709930144,0.0,1.423267976567,                   101P   4043
37.154761560587,0.0,1.156984553983,37.145093619014,0.0,              101P   4044
1.422538932859,37.178966671532,0.0,1.157029477758,                   101P   4045
37.16947316463,0.0,1.421701496445,37.203171782477,0.0,               101P   4046
1.157074401533,37.193852710245,0.0,1.420864060031,                   101P   4047
37.227375003065,0.0,1.157066851089,37.218229061831,0.0,              101P   4048
1.419905237027,37.251575581517,0.0,1.157037922238,                   101P   4049
37.242601766305,0.0,1.418865604812,37.275776159969,0.0,              101P   4050
1.157008993388,37.266974470779,0.0,1.417825972597,                   101P   4051
37.29997387093,0.0,1.156967525644,37.291343294646,0.0,               101P   4052
1.416718262717,37.324169254058,0.0,1.156903111721,                   101P   4053
37.315708774077,0.0,1.415531677047,37.348364637186,0.0,              101P   4054
1.156838697798,37.340074253508,0.0,1.414345091377,                   101P   4055
37.372557581125,0.0,1.156749227542,37.364436290984,0.0,              101P   4056
1.413076598736,37.396747673253,0.0,1.156638992434,                   101P   4057
37.388794017983,0.0,1.411736819549,37.420937765382,0.0,              101P   4058
1.156528757326,37.413151744982,0.0,1.410397040361,                   101P   4059
37.445124881016,0.0,1.156399265972,37.437504912141,0.0,              101P   4060
1.408988991839,37.46930938887,0.0,1.156245643788,                    101P   4061
37.461854213608,0.0,1.407504962276,37.517678404576,0.0,              101P   4062
1.155938399422,37.510552816542,0.0,1.404536903149,                   101P   4063
37.56603587543,0.0,1.155545708408,37.559233729253,0.0,               101P   4064
1.401287073195,37.614381332723,0.0,1.155065310994,                   101P   4065
37.607895668127,0.0,1.397767252588,37.711072247311,0.0,              101P   4066
1.154104516166,37.705219545876,0.0,1.390727611375,                   101P   4067
37.807714312426,0.0,1.152793133885,37.802465129659,0.0,              101P   4068
1.382635261744,37.904305278462,0.0,1.151132697334,                   101P   4069
37.899623345025,0.0,1.373592146729,38.000896244499,0.0,              101P   4070
1.149472260783,37.99678156039,0.0,1.364549031713,                    101P   4071
38.097435420604,0.0,1.147471758953,38.093851025634,0.0,              101P   4072
1.354573129292,38.193921944485,0.0,1.145118883897,                   101P   4073
38.190825440929,0.0,1.343738700234,38.290408468367,0.0,              101P   4074
1.142766008841,38.287799856223,0.0,1.332904271176,                   101P   4075
38.38684212912,0.0,1.140067396595,38.384678787852,0.0,               101P   4076
1.321218907058,38.483221290894,0.0,1.137024587149,                   101P   4077
38.481455221567,0.0,1.308748054834,38.579600452668,0.0,              101P   4078
1.133981777703,38.578231655283,0.0,1.29627720261,                    101P   4079
38.675925602278,0.0,1.130592276831,38.674906773265,0.0,              101P   4080
1.283012228062,38.772194284528,0.0,1.126858855599,                   101P   4081
38.771473016983,0.0,1.269000203778,38.964731649027,0.0,              101P   4082
1.119392013134,38.964605504419,0.0,1.240976155211,                   101P   4083
39.157044865495,0.0,1.110548336734,39.15730474048,0.0,               101P   4084
1.209978451919,39.349098371604,0.0,1.100332804315,                   101P   4085
39.349494777378,0.0,1.17609172939,39.541151877713,0.0,               101P   4086
1.090117271895,39.541684814275,0.0,1.14220500686,                    101P   4087
39.732946047479,0.0,1.078530092888,39.733366403255,0.0,              101P   4088
1.105427506818,39.924408014572,0.0,1.065573770492,                   101P   4089
39.924408014572,0.0,1.065573770492,0.0,1.0,0.0,41.0,,1,103;          101P   4090
406,1,34HSurf_HRCRMCDIOI, Tail, 0, 4, upper;                         103P   4091
128,1,123,1,3,0,0,1,0,0,0.0,0.0,1.0,1.0,0.0,0.0,0.0,0.0,1.0,1.0,     105P   4092
1.0,2.0,2.0,2.0,3.0,3.0,3.0,4.0,4.0,4.0,5.0,5.0,5.0,6.0,6.0,6.0,     105P   4093
7.0,7.0,7.0,8.0,8.0,8.0,9.0,9.0,9.0,10.0,10.0,10.0,11.0,11.0,        105P   4094
11.0,12.0,12.0,12.0,13.0,13.0,13.0,14.0,14.0,14.0,15.0,15.0,         105P   4095
15.0,16.0,16.0,16.0,17.0,17.0,17.0,18.0,18.0,18.0,19.0,19.0,         105P   4096
19.0,20.0,20.0,20.0,21.0,21.0,21.0,22.0,22.0,22.0,23.0,23.0,         105P   4097
23.0,24.0,24.0,24.0,25.0,25.0,25.0,26.0,26.0,26.0,27.0,27.0,         105P   4098
27.0,28.0,28.0,28.0,29.0,29.0,29.0,30.0,30.0,30.0,31.0,31.0,         105P   4099
31.0,32.0,32.0,32.0,33.0,33.0,33.0,34.0,34.0,34.0,35.0,35.0,         105P   4100
35.0,36.0,36.0,36.0,37.0,37.0,37.0,38.0,38.0,38.0,39.0,39.0,         105P   4101
39.0,40.0,40.0,40.0,41.0,41.0,41.0,41.0,1.0,1.0,1.0,1.0,1.0,1.0,     105P   4102
1.0,1.0,1.0,1.0,1.0,1.0,1.0,1.0,1.0,1.0,1.0,1.0,1.0,1.0,1.0,1.0,     105P   4103
1.0,1.0,1.0,1.0,1.0,1.0,1.0,1.0,1.0,1.0,1.0,1.0,1.0,1.0,1.0,1.0,     105P   4104
1.0,1.0,1.0,1.0,1.0,1.0,1.0,1.0,1.0,1.0,1.0,1.0,1.0,1.0,1.0,1.0,     105P   4105
1.0,1.0,1.0,1.0,1.0,1.0,1.0,1.0,1.0,1.0,1.0,1.0,1.0,1.0,1.0,1.0,     105P   4106
1.0,1.0,1.0,1.0,1.0,1.0,1.0,1.0,1.0,1.0,1.0,1.0,1.0,1.0,1.0,1.0,     105P   4107
1.0,1.0,1.0,1.0,1.0,1.0,1.0,1.0,1.0,1.0,1.0,1.0,1.0,1.0,1.0,1.0,     105P   4108
1.0,1.0,1.0,1.0,1.0,1.0,1.0,1.0,1.0,1.0,1.0,1.0,1.0,1.0,1.0,1.0,     105P   4109
1.0,1.0,1.0,1.0,1.0,1.0,1.0,1.0,1.0,1.0,1.0,1.0,1.0,1.0,1.0,1.0,     105P   4110
1.0,1.0,1.0,1.0,1.0,1.0,1.0,1.0,1.0,1.0,1.0,1.0,1.0,1.0,1.0,1.0,     105P   4111
1.0,1.0,1.0,1.0,1.0,1.0,1.0,1.0,1.0,1.0,1.0,1.0,1.0,1.0,1.0,1.0,     105P   4112
1.0,1.0,1.0,1.0,1.0,1.0,1.0,1.0,1.0,1.0,1.0,1.0,1.0,1.0,1.0,1.0,     105P   4113
1.0,1.0,1.0,1.0,1.0,1.0,1.0,1.0,1.0,1.0,1.0,1.0,1.0,1.0,1.0,1.0,     105P   4114
1.0,1.0,1.0,1.0,1.0,1.0,1.0,1.0,1.0,1.0,1.0,1.0,1.0,1.0,1.0,1.0,     105P   4115
1.0,1.0,1.0,1.0,1.0,1.0,1.0,1.0,1.0,1.0,1.0,1.0,1.0,1.0,1.0,1.0,     105P   4116
1.0,1.0,1.0,1.0,1.0,1.0,1.0,1.0,1.0,1.0,1.0,1.0,1.0,1.0,1.0,1.0,     105P   4117
1.0,1.0,39.924408014572,0.0,1.065573770492,42.47444807613,           105P   4118
7.747765148668,2.272904680235,39.732525691703,0.0,                   105P   4119
1.051632678957,42.406420109747,7.747765148668,2.267962150396,        105P   4120
39.540618941151,0.0,1.038029536929,42.338383483027,                  105P   4121
7.747765148668,2.263139433667,39.348701965831,0.0,1.02457387924,     105P   4122
42.270343231324,7.747765148668,2.258369004504,39.15678499051,        105P   4123
0.0,1.01111822155,42.202302979621,7.747765148668,2.25359857534,      105P   4124
38.964857793634,0.0,0.997807871057,42.134259104073,                  105P   4125
7.747765148668,2.248879661881,38.772915552072,0.0,                   105P   4126
0.984717507419,42.066209894739,7.747765148668,2.244238740278,        105P   4127
38.676944431291,0.0,0.9781723256,42.032185290072,7.747765148668,     105P   4128
2.241918279476,38.580969250054,0.0,0.971686352795,                   105P   4129
41.998159245853,7.747765148668,2.239618810024,38.484987360221,       105P   4130
0.0,0.965301119464,41.964130823238,7.747765148668,                   105P   4131
2.237355055698,38.389005470388,0.0,0.958915886132,                   105P   4132
41.930102400623,7.747765148668,2.235091301372,38.29301708051,        105P   4133
0.0,0.952627746505,41.896071673549,7.747765148668,2.23286196964,     105P   4134
38.197018448042,0.0,0.946499067559,41.862037315174,                  105P   4135
7.747765148668,2.230689171443,38.101019815574,0.0,                   105P   4136
0.940370388613,41.828002956799,7.747765148668,2.228516373245,        105P   4137
38.005010928607,0.0,0.934395489853,41.793964962901,                  105P   4138
7.747765148668,2.226398094677,37.9089872119,0.0,0.928673247939,      105P   4139
41.75992171142,7.747765148668,2.224369390445,37.812963495193,        105P   4140
0.0,0.922951006025,41.725878459939,7.747765148668,                   105P   4141
2.222340686212,37.716924948746,0.0,0.917481420958,                   105P   4142
41.691829950877,7.747765148668,2.220401556315,37.62086699732,        105P   4143
0.0,0.9123633694,41.657774562174,7.747765148668,2.218587055457,      105P   4144
37.572838021606,0.0,0.90980434362,41.640746867823,                   105P   4145
7.747765148668,2.217679805029,37.524803992611,0.0,                   105P   4146
0.907339895695,41.623717381934,7.747765148668,2.21680608525,         105P   4147
37.476764564132,0.0,0.904986325301,41.606685981767,                  105P   4148
7.747765148668,2.215971674841,37.452744849892,0.0,                   105P   4149
0.903809540104,41.598170281684,7.747765148668,2.215554469636,        105P   4150
37.428723785781,0.0,0.90266047429,41.589654103031,                   105P   4151
7.747765148668,2.215147091773,37.404701328524,0.0,                   105P   4152
0.901541165319,41.581137430467,7.747765148668,2.214750263593,        105P   4153
37.380678871267,0.0,0.900421856348,41.572620757903,                  105P   4154
7.747765148668,2.214353435412,37.356655020863,0.0,0.89933230422,     105P   4155
41.564103591427,7.747765148668,2.213967156914,37.332629734038,       105P   4156
0.0,0.898274546395,41.555585915697,7.747765148668,                   105P   4157
2.213592150438,37.308604447213,0.0,0.89721678857,                    105P   4158
41.547068239968,7.747765148668,2.213217143961,37.284577849159,       105P   4159
0.0,0.89619201418,41.538550099368,7.747765148668,2.212853831089,     105P   4160
37.260549396729,0.0,0.895210239665,41.530031301338,                  105P   4161
7.747765148668,2.212505762947,37.2365209443,0.0,0.89422846515,       105P   4162
41.521512503308,7.747765148668,2.212157694805,37.212490854708,       105P   4163
0.0,0.893284743035,41.512993124855,7.747765148668,                   105P   4164
2.211823117365,37.188460178434,0.0,0.892357459071,                   105P   4165
41.504473538406,7.747765148668,2.211494367736,37.16442950216,        105P   4166
0.0,0.891430175106,41.495953951956,7.747765148668,                   105P   4167
2.211165618108,37.140398303908,0.0,0.890516879314,                   105P   4168
41.487434180451,7.747765148668,2.210841827701,37.116366421881,       105P   4169
0.0,0.889622445431,41.478914166527,7.747765148668,                   105P   4170
2.210524724399,37.092334539854,0.0,0.888728011547,                   105P   4171
41.470394152603,7.747765148668,2.210207621097,37.068301974053,       105P   4172
0.0,0.887852439571,41.46187389626,7.747765148668,2.2098972049,       105P   4173
37.044268562679,0.0,0.887000603238,41.453353340137,                  105P   4174
7.747765148668,2.209595203691,37.020235151305,0.0,                   105P   4175
0.886148766905,41.444832784014,7.747765148668,2.209293202482,        105P   4176
36.996201118286,0.0,0.885313426187,41.436312007499,                  105P   4177
7.747765148668,2.208997049458,36.972166266932,0.0,0.8845025488,      105P   4178
41.427790940861,7.747765148668,2.208709569409,36.948131415579,       105P   4179
0.0,0.883691671413,41.419269874223,7.747765148668,                   105P   4180
2.208422089359,36.924095745892,0.0,0.882905257356,                   105P   4181
41.410748517461,7.747765148668,2.208143282285,36.900059061184,       105P   4182
0.0,0.882151274345,41.402226800844,7.747765148668,                   105P   4183
2.207875972977,36.876022376476,0.0,0.881397291335,                   105P   4184
41.393705084227,7.747765148668,2.20760866367,36.851984856223,        105P   4185
0.0,0.880665903303,41.385183071385,7.747765148668,                   105P   4186
2.207349364951,36.827946316497,0.0,0.879972475663,                   105P   4187
41.376660697109,7.747765148668,2.207103524316,36.80390777677,        105P   4188
0.0,0.879279048023,41.368138322833,7.747765148668,2.20685768368,     105P   4189
36.779868171008,0.0,0.878627275635,41.359615570616,                  105P   4190
7.747765148668,2.206626611065,36.755827564175,0.0,                   105P   4191
0.878007508845,41.35109246349,7.747765148668,2.206406885383,         105P   4192
36.707746350509,0.0,0.876767975264,41.334046249237,                  105P   4193
7.747765148668,2.205967434017,36.659660973553,0.0,                   105P   4194
0.875694531196,41.316998558975,7.747765148668,2.205586866304,        105P   4195
36.611571648487,0.0,0.874824848651,41.299949468991,                  105P   4196
7.747765148668,2.205278538084,36.587526985954,0.0,                   105P   4197
0.874390007379,41.291424923998,7.747765148668,2.205124373974,        105P   4198
36.563481501218,0.0,0.874016753852,41.282900087511,                  105P   4199
7.747765148668,2.204992044545,36.539434992055,0.0,                   105P   4200
0.873695041024,41.274374887834,7.747765148668,2.204877987819,        105P   4201
36.515388482892,0.0,0.873373328196,41.265849688157,                  105P   4202
7.747765148668,2.204763931094,36.491341243813,0.0,                   105P   4203
0.873112926331,41.257324229703,7.747765148668,2.20467161092,         105P   4204
36.467293518348,0.0,0.872926339755,41.248798598811,                  105P   4205
7.747765148668,2.204605460453,36.371102616487,0.0,                   105P   4206
0.872179993453,41.214696075241,7.747765148668,2.204340858585,        105P   4207
36.274897613547,0.0,0.872489015633,41.180588552422,                  105P   4208
7.747765148668,2.204450416099,36.178726768752,0.0,                   105P   4209
0.874662873914,41.146493139677,7.747765148668,2.205221113243,        105P   4210
36.130641346354,0.0,0.875749803055,41.129445433304,                  105P   4211
7.747765148668,2.205606461814,36.082567782018,0.0,                   105P   4212
0.877329567519,41.112401930965,7.747765148668,2.206166535104,        105P   4213
36.034520559123,0.0,0.879537981414,41.095367767448,                  105P   4214
7.747765148668,2.206949483236,36.010496947675,0.0,                   105P   4215
0.880642188362,41.086850685689,7.747765148668,2.207340957302,        105P   4216
35.986482029671,0.0,0.881918507444,41.078336686013,                  105P   4217
7.747765148668,2.207793450217,35.962477348079,0.0,                   105P   4218
0.883378551099,41.069826315449,7.747765148668,2.208311078935,        105P   4219
35.950475007284,0.0,0.884108572927,41.065571130167,                  105P   4220
7.747765148668,2.208569893293,35.938476464605,0.0,0.88489223444,     105P   4221
41.06131729143,7.747765148668,2.208847724509,35.926481169926,        105P   4222
0.0,0.885726801248,41.057064604205,7.747765148668,2.20914360316,     105P   4223
35.914485875247,0.0,0.886561368056,41.05281191698,                   105P   4224
7.747765148668,2.20943948181,35.902493290436,0.0,0.88744328257,      105P   4225
41.048560190483,7.747765148668,2.209752146625,35.890506216608,       105P   4226
0.0,0.888388808742,41.044310417793,7.747765148668,                   105P   4227
2.210087363656,35.866532068952,0.0,0.890279861087,                   105P   4228
41.035810872413,7.747765148668,2.21075779772,35.84257658726,0.0,     105P   4229
0.892407114489,41.027317944671,7.747765148668,2.211511972053,        105P   4230
35.818648756223,0.0,0.894817414092,41.018834819904,                  105P   4231
7.747765148668,2.212366494647,35.794720925186,0.0,                   105P   4232
0.897227713696,41.010351695137,7.747765148668,2.213221017242,        105P   4233
35.77082026519,0.0,0.899919769689,41.00187820331,7.747765148668,     105P   4234
2.214175430821,35.746968300091,0.0,0.902986619265,                   105P   4235
40.993421975265,7.747765148668,2.215262719826,35.723116334992,       105P   4236
0.0,0.90605346884,40.98496574722,7.747765148668,2.216350008831,      105P   4237
35.699307357189,0.0,0.909475291954,40.976524759445,                  105P   4238
7.747765148668,2.217563146468,35.675579251632,0.0,                   105P   4239
0.913388091996,40.968112443276,7.747765148668,2.218950349967,        105P   4240
35.651851146074,0.0,0.917300892038,40.959700127107,                  105P   4241
7.747765148668,2.220337553466,35.628199876089,0.0,                   105P   4242
0.921694488832,40.951315051424,7.747765148668,2.221895213654,        105P   4243
35.604691244087,0.0,0.926765377674,40.942980545131,                  105P   4244
7.747765148668,2.223692993931,35.581182612086,0.0,                   105P   4245
0.931836266516,40.934646038838,7.747765148668,2.225490774208,        105P   4246
35.557815161904,0.0,0.937585705148,40.926361585681,                  105P   4247
7.747765148668,2.227529120483,35.534742031626,0.0,                   105P   4248
0.944371800034,40.918181477647,7.747765148668,2.229934992102,        105P   4249
35.523205466487,0.0,0.947764847477,40.91409142363,                   105P   4250
7.747765148668,2.231137927912,35.511750632826,0.0,                   105P   4251
0.951432457562,40.910030345843,7.747765148668,2.232438204309,        105P   4252
35.500412702593,0.0,0.955440060389,40.906010713783,                  105P   4253
7.747765148668,2.233859018204,35.494743737476,0.0,                   105P   4254
0.957443861802,40.904000897752,7.747765148668,2.234569425151,        105P   4255
35.489105131281,0.0,0.959535295174,40.902001844859,                  105P   4256
7.747765148668,2.235310900223,35.483507985516,0.0,                   105P   4257
0.961730873862,40.900017490916,7.747765148668,2.236089297893,        105P   4258
35.477910839751,0.0,0.963926452549,40.898033136973,                  105P   4259
7.747765148668,2.236867695564,35.472355154416,0.0,                   105P   4260
0.966226176553,40.896063481981,7.747765148668,2.237683015833,        105P   4261
35.466852031022,0.0,0.968646559229,40.894112461753,                  105P   4262
7.747765148668,2.238541113176,35.455845784233,0.0,                   105P   4263
0.973487324581,40.890210421298,7.747765148668,2.240257307861,        105P   4264
35.44503734132,0.0,0.978798522006,40.886378508174,                   105P   4265
7.747765148668,2.242140284648,35.434616484453,0.0,                   105P   4266
0.984800655319,40.882684005784,7.747765148668,2.244268218671,        105P   4267
35.42940605602,0.0,0.987801721976,40.880836754588,                   105P   4268
7.747765148668,2.245332185683,35.424297189916,0.0,                   105P   4269
0.990979784858,40.879025510246,7.747765148668,2.246458903098,        105P   4270
35.419332463354,0.0,0.994370721823,40.877265367641,                  105P   4271
7.747765148668,2.247661090681,35.414367736792,0.0,                   105P   4272
0.997761658787,40.875505225036,7.747765148668,2.248863278263,        105P   4273
35.409547238236,0.0,1.001366906429,40.873796215531,                  105P   4274
7.747765148668,2.250141445328,35.404940703552,0.0,                   105P   4275
1.005231452074,40.872163062555,7.747765148668,2.251511541214,        105P   4276
35.400334168868,0.0,1.009095997719,40.870529909579,                  105P   4277
7.747765148668,2.2528816371,35.395945733455,0.0,1.013223775422,      105P   4278
40.868974079254,7.747765148668,2.254345056547,35.391884937528,       105P   4279
0.0,1.017658096758,40.86753440683,7.747765148668,2.255917154791,     105P   4280
35.3878241416,0.0,1.022092418093,40.866094734406,7.747765148668,     105P   4281
2.257489253034,35.384093789482,0.0,1.026837492262,40.8647722141,     105P   4282
7.747765148668,2.259171522361,35.380862702986,0.0,                   105P   4283
1.031907253166,40.863626698242,7.747765148668,2.260968902751,        105P   4284
35.37763161649,0.0,1.03697701407,40.862481182385,7.747765148668,     105P   4285
2.262766283141,35.374901610956,0.0,1.042375798166,                   105P   4286
40.86151331457,7.747765148668,2.264680311998,35.3728549921,0.0,      105P   4287
1.048028868203,40.860787727571,7.747765148668,2.266684492751,        105P   4288
35.371831682672,0.0,1.050855403222,40.860424934072,                  105P   4289
7.747765148668,2.267686583128,35.370977650918,0.0,                   105P   4290
1.053745236303,40.860122154522,7.747765148668,2.268711114543,        105P   4291
35.370307944937,0.0,1.056675277357,40.859884723917,                  105P   4292
7.747765148668,2.269749900874,35.369638238955,0.0,1.05960531841,     105P   4293
40.859647293312,7.747765148668,2.270788687206,35.369150657998,       105P   4294
0.0,1.062565784605,40.859474431422,7.747765148668,                   105P   4295
2.271838260151,35.368852459016,0.0,1.065573770492,                   105P   4296
40.859368711051,7.747765148668,2.272904680235,0.0,1.0,0.0,41.0,,     105P   4297
1,107;                                                               105P   4298
406,1,34HSurf_HRCRMCDIOI, Tail, 0, 7, lower;                         107P   4299
128,1,123,1,3,0,0,1,0,0,0.0,0.0,1.0,1.0,0.0,0.0,0.0,0.0,1.0,1.0,     109P   4300
1.0,2.0,2.0,2.0,3.0,3.0,3.0,4.0,4.0,4.0,5.0,5.0,5.0,6.0,6.0,6.0,     109P   4301
7.0,7.0,7.0,8.0,8.0,8.0,9.0,9.0,9.0,10.0,10.0,10.0,11.0,11.0,        109P   4302
11.0,12.0,12.0,12.0,13.0,13.0,13.0,14.0,14.0,14.0,15.0,15.0,         109P   4303
15.0,16.0,16.0,16.0,17.0,17.0,17.0,18.0,18.0,18.0,19.0,19.0,         109P   4304
19.0,20.0,20.0,20.0,21.0,21.0,21.0,22.0,22.0,22.0,23.0,23.0,         109P   4305
23.0,24.0,24.0,24.0,25.0,25.0,25.0,26.0,26.0,26.0,27.0,27.0,         109P   4306
27.0,28.0,28.0,28.0,29.0,29.0,29.0,30.0,30.0,30.0,31.0,31.0,         109P   4307
31.0,32.0,32.0,32.0,33.0,33.0,33.0,34.0,34.0,34.0,35.0,35.0,         109P   4308
35.0,36.0,36.0,36.0,37.0,37.0,37.0,38.0,38.0,38.0,39.0,39.0,         109P   4309
39.0,40.0,40.0,40.0,41.0,41.0,41.0,41.0,1.0,1.0,1.0,1.0,1.0,1.0,     109P   4310
1.0,1.0,1.0,1.0,1.0,1.0,1.0,1.0,1.0,1.0,1.0,1.0,1.0,1.0,1.0,1.0,     109P   4311
1.0,1.0,1.0,1.0,1.0,1.0,1.0,1.0,1.0,1.0,1.0,1.0,1.0,1.0,1.0,1.0,     109P   4312
1.0,1.0,1.0,1.0,1.0,1.0,1.0,1.0,1.0,1.0,1.0,1.0,1.0,1.0,1.0,1.0,     109P   4313
1.0,1.0,1.0,1.0,1.0,1.0,1.0,1.0,1.0,1.0,1.0,1.0,1.0,1.0,1.0,1.0,     109P   4314
1.0,1.0,1.0,1.0,1.0,1.0,1.0,1.0,1.0,1.0,1.0,1.0,1.0,1.0,1.0,1.0,     109P   4315
1.0,1.0,1.0,1.0,1.0,1.0,1.0,1.0,1.0,1.0,1.0,1.0,1.0,1.0,1.0,1.0,     109P   4316
1.0,1.0,1.0,1.0,1.0,1.0,1.0,1.0,1.0,1.0,1.0,1.0,1.0,1.0,1.0,1.0,     109P   4317
1.0,1.0,1.0,1.0,1.0,1.0,1.0,1.0,1.0,1.0,1.0,1.0,1.0,1.0,1.0,1.0,     109P   4318
1.0,1.0,1.0,1.0,1.0,1.0,1.0,1.0,1.0,1.0,1.0,1.0,1.0,1.0,1.0,1.0,     109P   4319
1.0,1.0,1.0,1.0,1.0,1.0,1.0,1.0,1.0,1.0,1.0,1.0,1.0,1.0,1.0,1.0,     109P   4320
1.0,1.0,1.0,1.0,1.0,1.0,1.0,1.0,1.0,1.0,1.0,1.0,1.0,1.0,1.0,1.0,     109P   4321
1.0,1.0,1.0,1.0,1.0,1.0,1.0,1.0,1.0,1.0,1.0,1.0,1.0,1.0,1.0,1.0,     109P   4322
1.0,1.0,1.0,1.0,1.0,1.0,1.0,1.0,1.0,1.0,1.0,1.0,1.0,1.0,1.0,1.0,     109P   4323
1.0,1.0,1.0,1.0,1.0,1.0,1.0,1.0,1.0,1.0,1.0,1.0,1.0,1.0,1.0,1.0,     109P   4324
1.0,1.0,1.0,1.0,1.0,1.0,1.0,1.0,1.0,1.0,1.0,1.0,1.0,1.0,1.0,1.0,     109P   4325
1.0,1.0,35.368852459016,0.0,1.065573770492,40.859368711051,          109P   4326
7.747765148668,2.272904680235,35.368554260035,0.0,                   109P   4327
1.068581756379,40.859262990681,7.747765148668,2.273971100319,        109P   4328
35.368437603994,0.0,1.071665913207,40.859221632659,                  109P   4329
7.747765148668,2.275064525257,35.368521031896,0.0,                   109P   4330
1.074713894456,40.859251210321,7.747765148668,2.276145124881,        109P   4331
35.368604459799,0.0,1.077761875705,40.859280787984,                  109P   4332
7.747765148668,2.277225724505,35.368882575014,0.0,                   109P   4333
1.080806139572,40.859379388064,7.747765148668,2.278305006207,        109P   4334
35.369344607851,0.0,1.083819874525,40.859543192389,                  109P   4335
7.747765148668,2.279373464505,35.370268673525,0.0,                   109P   4336
1.089847344432,40.859870801038,7.747765148668,2.2815103811,          109P   4337
35.371937298477,0.0,1.095755272833,40.860462378003,                  109P   4338
7.747765148668,2.283604916692,35.374177182729,0.0,                   109P   4339
1.101427015063,40.861256483308,7.747765148668,2.285615717291,        109P   4340
35.376417066981,0.0,1.107098757292,40.862050588613,                  109P   4341
7.747765148668,2.28762651789,35.379228763364,0.0,1.112539749448,     109P   4342
40.863047418254,7.747765148668,2.289555510753,35.382430297692,       109P   4343
0.0,1.117730111041,40.864182456993,7.747765148668,                   109P   4344
2.291395647659,35.385631832021,0.0,1.122920472633,                   109P   4345
40.865317495731,7.747765148668,2.293235784566,35.389227377596,       109P   4346
0.0,1.127863771368,40.866592223126,7.747765148668,                   109P   4347
2.294988330371,35.393092272585,0.0,1.132582611579,                   109P   4348
40.867962442865,7.747765148668,2.296661298983,35.396957167573,       109P   4349
0.0,1.137301451789,40.869332662604,7.747765148668,                   109P   4350
2.298334267594,35.401085358761,0.0,1.141799822829,                   109P   4351
40.870796228644,7.747765148668,2.299929073355,35.405403988641,       109P   4352
0.0,1.146106841291,40.872327310839,7.747765148668,                   109P   4353
2.301456038959,35.40972261852,0.0,1.150413859752,                    109P   4354
40.873858393035,7.747765148668,2.302983004563,35.414224879036,       109P   4355
0.0,1.154533763986,40.875454577731,7.747765148668,                   109P   4356
2.304443632632,35.418865057726,0.0,1.158492499614,                   109P   4357
40.877099658503,7.747765148668,2.305847121657,35.428145415107,       109P   4358
0.0,1.166409970869,40.880389820048,7.747765148668,                   109P   4359
2.308654099707,35.437950884733,0.0,1.173697527011,                   109P   4360
40.883866149437,7.747765148668,2.311237754193,35.448047833985,       109P   4361
0.0,1.180538489585,40.887445816985,7.747765148668,                   109P   4362
2.313663078032,35.453096308611,0.0,1.183958970872,                   109P   4363
40.889235650759,7.747765148668,2.314875739951,35.458224893165,       109P   4364
0.0,1.187262612777,40.891053885876,7.747765148668,2.31604697885,     109P   4365
35.463414458886,0.0,1.190467043339,40.892893740622,                  109P   4366
7.747765148668,2.317183044389,35.468604024606,0.0,                   109P   4367
1.193671473902,40.894733595367,7.747765148668,2.318319109928,        109P   4368
35.47385138416,0.0,1.196780374885,40.896593939739,                   109P   4369
7.747765148668,2.319421307402,35.479150424321,0.0,                   109P   4370
1.199800296226,40.898472606416,7.747765148668,2.320491958958,        109P   4371
35.489748504643,0.0,1.205840138907,40.902229939771,                  109P   4372
7.747765148668,2.322633262068,35.500534326734,0.0,                   109P   4373
1.211544084545,40.906053833143,7.747765148668,2.32465547973,         109P   4374
35.511457478308,0.0,1.216973403683,40.909926413884,                  109P   4375
7.747765148668,2.326580334162,35.533303781457,0.0,                   109P   4376
1.227832041958,40.917671575366,7.747765148668,2.330430043028,        109P   4377
35.555664079541,0.0,1.23763331568,40.925598963275,                   109P   4378
7.747765148668,2.333904884844,35.578306773842,0.0,                   109P   4379
1.246711301361,40.933626469008,7.747765148668,2.337123299629,        109P   4380
35.600949468144,0.0,1.255789287043,40.94165397474,                   109P   4381
7.747765148668,2.340341714413,35.623882314651,0.0,                   109P   4382
1.264135342213,40.949784348023,7.747765148668,2.343300638153,        109P   4383
35.646997499979,0.0,1.271932200799,40.957979365817,                  109P   4384
7.747765148668,2.34606485544,35.670112685307,0.0,1.279729059385,     109P   4385
40.966174383612,7.747765148668,2.348829072726,35.693413751795,       109P   4386
0.0,1.286972605445,40.974435301784,7.747765148668,                   109P   4387
2.351397124334,35.716838840971,0.0,1.293780321873,                   109P   4388
40.982740189671,7.747765148668,2.35381066143,35.740263930148,        109P   4389
0.0,1.300588038302,40.991045077558,7.747765148668,                   109P   4390
2.356224198526,35.763820161737,0.0,1.306946959865,                   109P   4391
40.999396459315,7.747765148668,2.358478624551,35.787466829317,       109P   4392
0.0,1.312942294705,41.007779903309,7.747765148668,                   109P   4393
2.360604148314,35.811113496898,0.0,1.318937629546,                   109P   4394
41.016163347303,7.747765148668,2.362729672077,35.834851616968,       109P   4395
0.0,1.324567521254,41.024579213914,7.747765148668,                   109P   4396
2.364725635427,35.858661391518,0.0,1.329876881881,                   109P   4397
41.033020484159,7.747765148668,2.366607961015,35.870566278793,       109P   4398
0.0,1.332531562195,41.037241119282,7.747765148668,                   109P   4399
2.367549123809,35.882490986091,0.0,1.335101727986,                   109P   4400
41.04146878119,7.747765148668,2.368460323702,35.894429036793,        109P   4401
0.0,1.337602672408,41.04570117373,7.747765148668,2.369346982569,     109P   4402
35.906367087495,0.0,1.34010361683,41.049933566269,                   109P   4403
7.747765148668,2.370233641437,35.918319682961,0.0,                   109P   4404
1.342532367918,41.054171115359,7.747765148668,2.371094705629,        109P   4405
35.930288229839,0.0,1.344885735402,41.058414319696,                  109P   4406
7.747765148668,2.371929044101,35.954225323594,0.0,                   109P   4407
1.349592470369,41.066900728371,7.747765148668,2.373597721045,        109P   4408
35.978213626953,0.0,1.354028181226,41.075405292366,                  109P   4409
7.747765148668,2.375170311915,36.002249166941,0.0,                   109P   4410
1.358202973406,41.083926603146,7.747765148668,2.376650399387,        109P   4411
36.050320246917,0.0,1.366552557766,41.100969224706,                  109P   4412
7.747765148668,2.379610574329,36.098556359366,0.0,1.37391900149,     109P   4413
41.118070355165,7.747765148668,2.3822221968,36.146911069818,0.0,     109P   4414
1.380427227276,41.135213532128,7.747765148668,2.384529555593,        109P   4415
36.243620490723,0.0,1.393443678848,41.169499886055,                  109P   4416
7.747765148668,2.38914427318,36.34075951489,0.0,1.403146053627,      109P   4417
41.203938547062,7.747765148668,2.392584052392,36.438075819728,       109P   4418
0.0,1.410279996026,41.238440059317,7.747765148668,                   109P   4419
2.395113246256,36.462404895937,0.0,1.412063481626,                   109P   4420
41.247065437381,7.747765148668,2.395745544722,36.486745713311,       109P   4421
0.0,1.413684736893,41.255694978035,7.747765148668,                   109P   4422
2.396320327731,36.511096010845,0.0,1.415150963335,                   109P   4423
41.264327879687,7.747765148668,2.396840148429,36.535446308378,       109P   4424
0.0,1.416617189777,41.272960781339,7.747765148668,                   109P   4425
2.397359969128,36.559806086071,0.0,1.417928387394,                   109P   4426
41.281597043988,7.747765148668,2.397824827516,36.584173082917,       109P   4427
0.0,1.419091757695,41.29023586604,7.747765148668,2.398237276743,     109P   4428
36.632907076609,0.0,1.421418498296,41.307513510145,                  109P   4429
7.747765148668,2.399062175197,36.681667635873,0.0,                   109P   4430
1.423162026096,41.324800572532,7.747765148668,2.399680307439,        109P   4431
36.730443348005,0.0,1.424360158144,41.34209300706,                   109P   4432
7.747765148668,2.400105080735,36.754831204071,0.0,                   109P   4433
1.424959224169,41.350739224324,7.747765148668,2.400317467383,        109P   4434
36.779220468135,0.0,1.425430297083,41.359385940765,                  109P   4435
7.747765148668,2.400484476683,36.803612562456,0.0,                   109P   4436
1.425768250954,41.368033660616,7.747765148668,2.400604291339,        109P   4437
36.828004656777,0.0,1.426106204824,41.376681380466,                  109P   4438
7.747765148668,2.400724105996,36.852399984154,0.0,                   109P   4439
1.426309720606,41.385330246531,7.747765148668,2.400796258368,        109P   4440
36.876794465999,0.0,1.426393302927,41.39397881283,                   109P   4441
7.747765148668,2.400825890776,36.901188947844,0.0,                   109P   4442
1.426476885248,41.402627379129,7.747765148668,2.400855523184,        109P   4443
36.925582389818,0.0,1.426441164198,41.411275576762,                  109P   4444
7.747765148668,2.400842859014,36.949976881826,0.0,                   109P   4445
1.426278685104,41.419924146664,7.747765148668,2.400785255363,        109P   4446
36.974371373834,0.0,1.42611620601,41.428572716566,                   109P   4447
7.747765148668,2.400727651712,36.998765576213,0.0,                   109P   4448
1.425831854083,41.437221183786,7.747765148668,2.400626840533,        109P   4449
37.02315609745,0.0,1.425438141469,41.445868345931,                   109P   4450
7.747765148668,2.40048725775,37.047546618687,0.0,1.425044428854,     109P   4451
41.454515508077,7.747765148668,2.400347674968,37.071936007494,       109P   4452
0.0,1.424526132896,41.463162268743,7.747765148668,                   109P   4453
2.400163923701,37.096322968819,0.0,1.423897054732,                   109P   4454
41.471808168795,7.747765148668,2.39994089686,37.120709930144,        109P   4455
0.0,1.423267976567,41.480454068846,7.747765148668,                   109P   4456
2.399717870019,37.145093619014,0.0,1.422538932859,                   109P   4457
41.489098808716,7.747765148668,2.399459402433,37.16947316463,        109P   4458
0.0,1.421701496445,41.497742079679,7.747765148668,                   109P   4459
2.399162506422,37.193852710245,0.0,1.420864060031,                   109P   4460
41.506385350642,7.747765148668,2.398865610411,37.218229061831,       109P   4461
0.0,1.419905237027,41.515027489227,7.747765148668,                   109P   4462
2.398525679259,37.242601766305,0.0,1.418865604812,                   109P   4463
41.523668334802,7.747765148668,2.398157098848,37.266974470779,       109P   4464
0.0,1.417825972597,41.532309180378,7.747765148668,                   109P   4465
2.397788518438,37.291343294646,0.0,1.416718262717,                   109P   4466
41.540948650164,7.747765148668,2.397395802479,37.315708774077,       109P   4467
0.0,1.415531677047,41.549586934248,7.747765148668,                   109P   4468
2.396975122716,37.340074253508,0.0,1.414345091377,                   109P   4469
41.558225218332,7.747765148668,2.396554442953,37.364436290984,       109P   4470
0.0,1.413076598736,41.566862282141,7.747765148668,                   109P   4471
2.396104724743,37.388794017983,0.0,1.411736819549,                   109P   4472
41.575497817758,7.747765148668,2.395629733341,37.413151744982,       109P   4473
0.0,1.410397040361,41.584133353375,7.747765148668,2.39515474194,     109P   4474
37.437504912141,0.0,1.408988991839,41.592767272394,                  109P   4475
7.747765148668,2.394655547037,37.461854213608,0.0,                   109P   4476
1.407504962276,41.601399820911,7.747765148668,2.394129414604,        109P   4477
37.510552816542,0.0,1.404536903149,41.618664917944,                  109P   4478
7.747765148668,2.39307714974,37.559233729253,0.0,1.401287073195,     109P   4479
41.635923743269,7.747765148668,2.391924988772,37.607895668127,       109P   4480
0.0,1.397767252588,41.653175841807,7.747765148668,                   109P   4481
2.390677108121,37.705219545876,0.0,1.390727611375,                   109P   4482
41.687680038884,7.747765148668,2.38818134682,37.802465129659,        109P   4483
0.0,1.382635261744,41.722156478431,7.747765148668,                   109P   4484
2.385312369207,37.899623345025,0.0,1.373592146729,                   109P   4485
41.756601943286,7.747765148668,2.382106317106,37.99678156039,        109P   4486
0.0,1.364549031713,41.791047408141,7.747765148668,                   109P   4487
2.378900265006,38.093851025634,0.0,1.354573129292,                   109P   4488
41.82546140845,7.747765148668,2.375363512144,38.190825440929,        109P   4489
0.0,1.343738700234,41.859841710736,7.747765148668,                   109P   4490
2.371522386163,38.287799856223,0.0,1.332904271176,                   109P   4491
41.894222013023,7.747765148668,2.367681260181,38.384678787852,       109P   4492
0.0,1.321218907058,41.928568463522,7.747765148668,                   109P   4493
2.363538452519,38.481455221567,0.0,1.308748054834,                   109P   4494
41.962878575475,7.747765148668,2.35911716606,38.578231655283,        109P   4495
0.0,1.29627720261,41.997188687428,7.747765148668,2.354695879601,     109P   4496
38.674906773265,0.0,1.283012228062,42.031462879953,                  109P   4497
7.747765148668,2.349993053258,38.771473016983,0.0,                   109P   4498
1.269000203778,42.065698473327,7.747765148668,2.34502537566,         109P   4499
38.964605504419,0.0,1.240976155211,42.134169660074,                  109P   4500
7.747765148668,2.335090020462,39.15730474048,0.0,1.209978451919,     109P   4501
42.202487246378,7.747765148668,2.324100416595,39.349494777378,       109P   4502
0.0,1.17609172939,42.270624306498,7.747765148668,2.312086569844,     109P   4503
39.541684814275,0.0,1.14220500686,42.338761366618,                   109P   4504
7.747765148668,2.300072723094,39.733366403255,0.0,                   109P   4505
1.105427506818,42.406718166892,7.747765148668,2.2870340101,          109P   4506
39.924408014572,0.0,1.065573770492,42.47444807613,                   109P   4507
7.747765148668,2.272904680235,0.0,1.0,0.0,41.0,,1,111;               109P   4508
406,1,35HSurf_HRCRMCDIOI, Tail, 0, 10, upper;                        111P   4509
128,1,123,1,3,0,0,1,0,0,0.0,0.0,1.0,1.0,0.0,0.0,0.0,0.0,1.0,1.0,     113P   4510
1.0,2.0,2.0,2.0,3.0,3.0,3.0,4.0,4.0,4.0,5.0,5.0,5.0,6.0,6.0,6.0,     113P   4511
7.0,7.0,7.0,8.0,8.0,8.0,9.0,9.0,9.0,10.0,10.0,10.0,11.0,11.0,        113P   4512
11.0,12.0,12.0,12.0,13.0,13.0,13.0,14.0,14.0,14.0,15.0,15.0,         113P   4513
15.0,16.0,16.0,16.0,17.0,17.0,17.0,18.0,18.0,18.0,19.0,19.0,         113P   4514
19.0,20.0,20.0,20.0,21.0,21.0,21.0,22.0,22.0,22.0,23.0,23.0,         113P   4515
23.0,24.0,24.0,24.0,25.0,25.0,25.0,26.0,26.0,26.0,27.0,27.0,         113P   4516
27.0,28.0,28.0,28.0,29.0,29.0,29.0,30.0,30.0,30.0,31.0,31.0,         113P   4517
31.0,32.0,32.0,32.0,33.0,33.0,33.0,34.0,34.0,34.0,35.0,35.0,         113P   4518
35.0,36.0,36.0,36.0,37.0,37.0,37.0,38.0,38.0,38.0,39.0,39.0,         113P   4519
39.0,40.0,40.0,40.0,41.0,41.0,41.0,41.0,1.0,1.0,1.0,1.0,1.0,1.0,     113P   4520
1.0,1.0,1.0,1.0,1.0,1.0,1.0,1.0,1.0,1.0,1.0,1.0,1.0,1.0,1.0,1.0,     113P   4521
1.0,1.0,1.0,1.0,1.0,1.0,1.0,1.0,1.0,1.0,1.0,1.0,1.0,1.0,1.0,1.0,     113P   4522
1.0,1.0,1.0,1.0,1.0,1.0,1.0,1.0,1.0,1.0,1.0,1.0,1.0,1.0,1.0,1.0,     113P   4523
1.0,1.0,1.0,1.0,1.0,1.0,1.0,1.0,1.0,1.0,1.0,1.0,1.0,1.0,1.0,1.0,     113P   4524
1.0,1.0,1.0,1.0,1.0,1.0,1.0,1.0,1.0,1.0,1.0,1.0,1.0,1.0,1.0,1.0,     113P   4525
1.0,1.0,1.0,1.0,1.0,1.0,1.0,1.0,1.0,1.0,1.0,1.0,1.0,1.0,1.0,1.0,     113P   4526
1.0,1.0,1.0,1.0,1.0,1.0,1.0,1.0,1.0,1.0,1.0,1.0,1.0,1.0,1.0,1.0,     113P   4527
1.0,1.0,1.0,1.0,1.0,1.0,1.0,1.0,1.0,1.0,1.0,1.0,1.0,1.0,1.0,1.0,     113P   4528
1.0,1.0,1.0,1.0,1.0,1.0,1.0,1.0,1.0,1.0,1.0,1.0,1.0,1.0,1.0,1.0,     113P   4529
1.0,1.0,1.0,1.0,1.0,1.0,1.0,1.0,1.0,1.0,1.0,1.0,1.0,1.0,1.0,1.0,     113P   4530
1.0,1.0,1.0,1.0,1.0,1.0,1.0,1.0,1.0,1.0,1.0,1.0,1.0,1.0,1.0,1.0,     113P   4531
1.0,1.0,1.0,1.0,1.0,1.0,1.0,1.0,1.0,1.0,1.0,1.0,1.0,1.0,1.0,1.0,     113P   4532
1.0,1.0,1.0,1.0,1.0,1.0,1.0,1.0,1.0,1.0,1.0,1.0,1.0,1.0,1.0,1.0,     113P   4533
1.0,1.0,1.0,1.0,1.0,1.0,1.0,1.0,1.0,1.0,1.0,1.0,1.0,1.0,1.0,1.0,     113P   4534
1.0,1.0,1.0,1.0,1.0,1.0,1.0,1.0,1.0,1.0,1.0,1.0,1.0,1.0,1.0,1.0,     113P   4535
1.0,1.0,42.47444807613,7.747765148668,2.272904680235,                113P   4536
42.47444807613,7.747765148668,2.272904680235,42.406420109747,        113P   4537
7.747765148668,2.267962150396,42.40656913832,7.747765148668,         113P   4538
2.277498080248,42.338383483027,7.747765148668,2.263139433667,        113P   4539
42.338572424822,7.747765148668,2.28160607838,42.270343231324,        113P   4540
7.747765148668,2.258369004504,42.270483768911,7.747765148668,        113P   4541
2.285227787174,42.202302979621,7.747765148668,2.25359857534,         113P   4542
42.202395113,7.747765148668,2.288849495967,42.134259104073,          113P   4543
7.747765148668,2.248879661881,42.134214382074,7.747765148668,        113P   4544
2.291984841172,42.066209894739,7.747765148668,2.244238740278,        113P   4545
42.065954184033,7.747765148668,2.294632057969,42.032185290072,       113P   4546
7.747765148668,2.241918279476,42.031824085012,7.747765148668,        113P   4547
2.295955666367,41.998159245853,7.747765148668,2.239618810024,        113P   4548
41.99767396664,7.747765148668,2.297157344812,41.964130823238,        113P   4549
7.747765148668,2.237355055698,41.963504699356,7.747765148668,        113P   4550
2.298236110879,41.930102400623,7.747765148668,2.235091301372,        113P   4551
41.929335432072,7.747765148668,2.299314876946,41.896071673549,       113P   4552
7.747765148668,2.23286196964,41.895146843286,7.747765148668,         113P   4553
2.300271614911,41.862037315174,7.747765148668,2.230689171443,        113P   4554
41.860939512955,7.747765148668,2.301105778803,41.828002956799,       113P   4555
7.747765148668,2.228516373245,41.826732182625,7.747765148668,        113P   4556
2.301939942695,41.793964962901,7.747765148668,2.226398094677,        113P   4557
41.792506185521,7.747765148668,2.302649179842,41.75992171142,        113P   4558
7.747765148668,2.224369390445,41.758261827353,7.747765148668,        113P   4559
2.303237853776,41.725878459939,7.747765148668,2.222340686212,        113P   4560
41.724017469185,7.747765148668,2.30382652771,41.691829950877,        113P   4561
7.747765148668,2.220401556315,41.68975499488,7.747765148668,         113P   4562
2.304291451567,41.657774562174,7.747765148668,2.218587055457,        113P   4563
41.655475201991,7.747765148668,2.304632081789,41.640746867823,       113P   4564
7.747765148668,2.217679805029,41.638335305546,7.747765148668,        113P   4565
2.3048023969,41.623717381934,7.747765148668,2.21680608525,           113P   4566
41.621191149939,7.747765148668,2.304941617495,41.606685981767,       113P   4567
7.747765148668,2.215971674841,41.604042901339,7.747765148668,        113P   4568
2.305050544722,41.598170281684,7.747765148668,2.215554469636,        113P   4569
41.595468777039,7.747765148668,2.305105008336,41.589654103031,       113P   4570
7.747765148668,2.215147091773,41.586893728203,7.747765148668,        113P   4571
2.305150916856,41.581137430467,7.747765148668,2.214750263593,        113P   4572
41.578317624112,7.747765148668,2.305189998467,41.572620757903,       113P   4573
7.747765148668,2.214353435412,41.569741520022,7.747765148668,        113P   4574
2.305229080078,41.564103591427,7.747765148668,2.213967156914,        113P   4575
41.561164404879,7.747765148668,2.305260799933,41.555585915697,       113P   4576
7.747765148668,2.213592150438,41.552586424973,7.747765148668,        113P   4577
2.305283636577,41.547068239968,7.747765148668,2.213217143961,        113P   4578
41.544008445066,7.747765148668,2.30530647322,41.538550099368,        113P   4579
7.747765148668,2.212853831089,41.535429639873,7.747765148668,        113P   4580
2.305321174764,41.530031301338,7.747765148668,2.212505762947,        113P   4581
41.52684981807,7.747765148668,2.305331430898,41.521512503308,        113P   4582
7.747765148668,2.212157694805,41.518269996267,7.747765148668,        113P   4583
2.305341687032,41.512993124855,7.747765148668,2.211823117365,        113P   4584
41.509689237748,7.747765148668,2.305344363888,41.504473538406,       113P   4585
7.747765148668,2.211494367736,41.501107809042,7.747765148668,        113P   4586
2.305328437079,41.495953951956,7.747765148668,2.211165618108,        113P   4587
41.492526380336,7.747765148668,2.30531251027,41.487434180451,        113P   4588
7.747765148668,2.210841827701,41.483944124649,7.747765148668,        113P   4589
2.30527984886,41.478914166527,7.747765148668,2.210524724399,         113P   4590
41.475361167661,7.747765148668,2.305232810629,41.470394152603,       113P   4591
7.747765148668,2.210207621097,41.466778210673,7.747765148668,        113P   4592
2.305185772399,41.46187389626,7.747765148668,2.2098972049,           113P   4593
41.458194702169,7.747765148668,2.305122439934,41.453353340137,       113P   4594
7.747765148668,2.209595203691,41.449610843034,7.747765148668,        113P   4595
2.305041230721,41.444832784014,7.747765148668,2.209293202482,        113P   4596
41.4410269839,7.747765148668,2.304960021508,41.436312007499,         113P   4597
7.747765148668,2.208997049458,41.432442362032,7.747765148668,        113P   4598
2.304862350585,41.427790940861,7.747765148668,2.208709569409,        113P   4599
41.423857543762,7.747765148668,2.304747412386,41.419269874223,       113P   4600
7.747765148668,2.208422089359,41.415272725492,7.747765148668,        113P   4601
2.304632474187,41.410748517461,7.747765148668,2.208143282285,        113P   4602
41.406687948295,7.747765148668,2.304499402735,41.402226800844,       113P   4603
7.747765148668,2.207875972977,41.398102806837,7.747765148668,        113P   4604
2.304350931877,41.393705084227,7.747765148668,2.20760866367,         113P   4605
41.389517665379,7.747765148668,2.304202461019,41.385183071385,       113P   4606
7.747765148668,2.207349364951,41.380932225926,7.747765148668,        113P   4607
2.304036735473,41.376660697109,7.747765148668,2.207103524316,        113P   4608
41.372347178862,7.747765148668,2.303853907828,41.368138322833,       113P   4609
7.747765148668,2.20685768368,41.363762131799,7.747765148668,         113P   4610
2.303671080182,41.359615570616,7.747765148668,2.206626611065,        113P   4611
41.35517739747,7.747765148668,2.303472039224,41.35109246349,         113P   4612
7.747765148668,2.206406885383,41.346592735275,7.747765148668,        113P   4613
2.303255983059,41.334046249237,7.747765148668,2.205967434017,        113P   4614
41.329423410885,7.747765148668,2.302823870728,41.316998558975,       113P   4615
7.747765148668,2.205586866304,41.31225603456,7.747765148668,         113P   4616
2.30232452075,41.299949468991,7.747765148668,2.205278538084,         113P   4617
41.295092667515,7.747765148668,2.301757907414,41.291424923998,       113P   4618
7.747765148668,2.205124373974,41.286510983993,7.747765148668,        113P   4619
2.301474600745,41.282900087511,7.747765148668,2.204992044545,        113P   4620
41.277930434425,7.747765148668,2.301176006836,41.274374887834,       113P   4621
7.747765148668,2.204877987819,41.26935138376,7.747765148668,         113P   4622
2.300859068124,41.265849688157,7.747765148668,2.204763931094,        113P   4623
41.260772333096,7.747765148668,2.300542129412,41.257324229703,       113P   4624
7.747765148668,2.20467161092,41.252194833542,7.747765148668,         113P   4625
2.300208577821,41.248798598811,7.747765148668,2.204605460453,        113P   4626
41.243619329064,7.747765148668,2.299859353355,41.214696075241,       113P   4627
7.747765148668,2.204340858585,41.209317311152,7.747765148668,        113P   4628
2.298462455488,41.180588552422,7.747765148668,2.204450416099,        113P   4629
41.175044219239,7.747765148668,2.29679734464,41.146493139677,        113P   4630
7.747765148668,2.205221113243,41.140853335902,7.747765148668,        113P   4631
2.294875334418,41.129445433304,7.747765148668,2.205606461814,        113P   4632
41.123757894234,7.747765148668,2.293914329307,41.112401930965,       113P   4633
7.747765148668,2.206166535104,41.106685577836,7.747765148668,        113P   4634
2.292888554717,41.095367767448,7.747765148668,2.206949483236,        113P   4635
41.089647185297,7.747765148668,2.291799941311,41.086850685689,       113P   4636
7.747765148668,2.207340957302,41.081127989028,7.747765148668,        113P   4637
2.291255634609,41.078336686013,7.747765148668,2.207793450217,        113P   4638
41.072618707192,7.747765148668,2.290695585631,41.069826315449,       113P   4639
7.747765148668,2.208311078935,41.064120317573,7.747765148668,        113P   4640
2.290120061518,41.065571130167,7.747765148668,2.208569893293,        113P   4641
41.059871122763,7.747765148668,2.289832299461,41.06131729143,        113P   4642
7.747765148668,2.208847724509,41.05562542885,7.747765148668,         113P   4643
2.289540682973,41.057064604205,7.747765148668,2.20914360316,         113P   4644
41.051382888967,7.747765148668,2.289245292865,41.05281191698,        113P   4645
7.747765148668,2.20943948181,41.047140349085,7.747765148668,         113P   4646
2.288949902756,41.048560190483,7.747765148668,2.209752146625,        113P   4647
41.042900654883,7.747765148668,2.288650635217,41.044310417793,       113P   4648
7.747765148668,2.210087363656,41.038665450976,7.747765148668,        113P   4649
2.288347662336,41.035810872413,7.747765148668,2.21075779772,         113P   4650
41.030195043163,7.747765148668,2.287741716573,41.027317944671,       113P   4651
7.747765148668,2.211511972053,41.021740645987,7.747765148668,        113P   4652
2.287120822065,41.018834819904,7.747765148668,2.212366494647,        113P   4653
41.013307361607,7.747765148668,2.286485321481,41.010351695137,       113P   4654
7.747765148668,2.213221017242,41.004874077226,7.747765148668,        113P   4655
2.285849820896,41.00187820331,7.747765148668,2.214175430821,         113P   4656
40.996461640434,7.747765148668,2.285199814674,40.993421975265,       113P   4657
7.747765148668,2.215262719826,40.988081082468,7.747765148668,        113P   4658
2.284536690628,40.98496574722,7.747765148668,2.216350008831,         113P   4659
40.979700524502,7.747765148668,2.283873566582,40.976524759445,       113P   4660
7.747765148668,2.217563146468,40.971349571529,7.747765148668,        113P   4661
2.283196109597,40.968112443276,7.747765148668,2.218950349967,        113P   4662
40.963045904547,7.747765148668,2.282507602703,40.959700127107,       113P   4663
7.747765148668,2.220337553466,40.954742237565,7.747765148668,        113P   4664
2.28181909581,40.951315051424,7.747765148668,2.221895213654,         113P   4665
40.946484513082,7.747765148668,2.281118464033,40.942980545131,       113P   4666
7.747765148668,2.223692993931,40.938303507069,7.747765148668,        113P   4667
2.28040814678,40.934646038838,7.747765148668,2.225490774208,         113P   4668
40.930122501057,7.747765148668,2.279697829526,40.926361585681,       113P   4669
7.747765148668,2.227529120483,40.922016580524,7.747765148668,        113P   4670
2.278979581756,40.918181477647,7.747765148668,2.229934992102,        113P   4671
40.914053945765,7.747765148668,2.278257663132,40.91409142363,        113P   4672
7.747765148668,2.231137927912,40.910072628386,7.747765148668,        113P   4673
2.277896703821,40.910030345843,7.747765148668,2.232438204309,        113P   4674
40.906130142807,7.747765148668,2.277535733189,40.906010713783,       113P   4675
7.747765148668,2.233859018204,40.902241660099,7.747765148668,        113P   4676
2.277175488581,40.904000897752,7.747765148668,2.234569425151,        113P   4677
40.900297418746,7.747765148668,2.276995366277,40.902001844859,       113P   4678
7.747765148668,2.235310900223,40.898367720113,7.747765148668,        113P   4679
2.276815005075,40.900017490916,7.747765148668,2.236089297893,        113P   4680
40.896455615769,7.747765148668,2.276636171141,40.898033136973,       113P   4681
7.747765148668,2.236867695564,40.894543511425,7.747765148668,        113P   4682
2.276457337207,40.896063481981,7.747765148668,2.237683015833,        113P   4683
40.89264956637,7.747765148668,2.276279377892,40.894112461753,        113P   4684
7.747765148668,2.238541113176,40.890779139369,7.747765148668,        113P   4685
2.276102095604,40.890210421298,7.747765148668,2.240257307861,        113P   4686
40.887038285367,7.747765148668,2.275747531027,40.886378508174,       113P   4687
7.747765148668,2.242140284648,40.883384164111,7.747765148668,        113P   4688
2.275397192177,40.882684005784,7.747765148668,2.244268218671,        113P   4689
40.879891832143,7.747765148668,2.275057670164,40.880836754588,       113P   4690
7.747765148668,2.245332185683,40.878145666159,7.747765148668,        113P   4691
2.274887909157,40.879025510246,7.747765148668,2.246458903098,        113P   4692
40.876441951641,7.747765148668,2.274720953831,40.877265367641,       113P   4693
7.747765148668,2.247661090681,40.87479633924,7.747765148668,         113P   4694
2.27455856482,40.875505225036,7.747765148668,2.248863278263,         113P   4695
40.87315072684,7.747765148668,2.274396175809,40.873796215531,        113P   4696
7.747765148668,2.250141445328,40.871564439067,7.747765148668,        113P   4697
2.274237856461,40.872163062555,7.747765148668,2.251511541214,        113P   4698
40.87006275271,7.747765148668,2.274086420098,40.870529909579,        113P   4699
7.747765148668,2.2528816371,40.868561066352,7.747765148668,          113P   4700
2.273934983736,40.868974079254,7.747765148668,2.254345056547,        113P   4701
40.867145787493,7.747765148668,2.273790420556,40.86753440683,        113P   4702
7.747765148668,2.255917154791,40.865858431911,7.747765148668,        113P   4703
2.273656401225,40.866094734406,7.747765148668,2.257489253034,        113P   4704
40.86457107633,7.747765148668,2.273522381894,40.8647722141,          113P   4705
7.747765148668,2.259171522361,40.863411401356,7.747765148668,        113P   4706
2.273399020125,40.863626698242,7.747765148668,2.260968902751,        113P   4707
40.862441590775,7.747765148668,2.273292310021,40.862481182385,       113P   4708
7.747765148668,2.262766283141,40.861471780194,7.747765148668,        113P   4709
2.273185599917,40.86151331457,7.747765148668,2.264680311998,         113P   4710
40.860692057804,7.747765148668,2.273095346549,40.860787727571,       113P   4711
7.747765148668,2.266684492751,40.86016545998,7.747765148668,         113P   4712
2.273028978628,40.860424934072,7.747765148668,2.267686583128,        113P   4713
40.859902161068,7.747765148668,2.272995794667,40.860122154522,       113P   4714
7.747765148668,2.268711114543,40.859701471253,7.747765148668,        113P   4715
2.272968419524,40.859884723917,7.747765148668,2.269749900874,        113P   4716
40.859567967119,7.747765148668,2.272947512878,40.859647293312,       113P   4717
7.747765148668,2.270788687206,40.859434462985,7.747765148668,        113P   4718
2.272926606231,40.859474431422,7.747765148668,2.271838260151,        113P   4719
40.859368711051,7.747765148668,2.272904680235,40.859368711051,       113P   4720
7.747765148668,2.272904680235,40.859368711051,7.747765148668,        113P   4721
2.272904680235,0.0,1.0,0.0,41.0,,1,115;                              113P   4722
406,1,35HSurf_HRCRMCDIOI, Tail, 0, 13, lower;                        115P   4723
128,1,123,1,3,0,0,1,0,0,0.0,0.0,1.0,1.0,0.0,0.0,0.0,0.0,1.0,1.0,     117P   4724
1.0,2.0,2.0,2.0,3.0,3.0,3.0,4.0,4.0,4.0,5.0,5.0,5.0,6.0,6.0,6.0,     117P   4725
7.0,7.0,7.0,8.0,8.0,8.0,9.0,9.0,9.0,10.0,10.0,10.0,11.0,11.0,        117P   4726
11.0,12.0,12.0,12.0,13.0,13.0,13.0,14.0,14.0,14.0,15.0,15.0,         117P   4727
15.0,16.0,16.0,16.0,17.0,17.0,17.0,18.0,18.0,18.0,19.0,19.0,         117P   4728
19.0,20.0,20.0,20.0,21.0,21.0,21.0,22.0,22.0,22.0,23.0,23.0,         117P   4729
23.0,24.0,24.0,24.0,25.0,25.0,25.0,26.0,26.0,26.0,27.0,27.0,         117P   4730
27.0,28.0,28.0,28.0,29.0,29.0,29.0,30.0,30.0,30.0,31.0,31.0,         117P   4731
31.0,32.0,32.0,32.0,33.0,33.0,33.0,34.0,34.0,34.0,35.0,35.0,         117P   4732
35.0,36.0,36.0,36.0,37.0,37.0,37.0,38.0,38.0,38.0,39.0,39.0,         117P   4733
39.0,40.0,40.0,40.0,41.0,41.0,41.0,41.0,1.0,1.0,1.0,1.0,1.0,1.0,     117P   4734
1.0,1.0,1.0,1.0,1.0,1.0,1.0,1.0,1.0,1.0,1.0,1.0,1.0,1.0,1.0,1.0,     117P   4735
1.0,1.0,1.0,1.0,1.0,1.0,1.0,1.0,1.0,1.0,1.0,1.0,1.0,1.0,1.0,1.0,     117P   4736
1.0,1.0,1.0,1.0,1.0,1.0,1.0,1.0,1.0,1.0,1.0,1.0,1.0,1.0,1.0,1.0,     117P   4737
1.0,1.0,1.0,1.0,1.0,1.0,1.0,1.0,1.0,1.0,1.0,1.0,1.0,1.0,1.0,1.0,     117P   4738
1.0,1.0,1.0,1.0,1.0,1.0,1.0,1.0,1.0,1.0,1.0,1.0,1.0,1.0,1.0,1.0,     117P   4739
1.0,1.0,1.0,1.0,1.0,1.0,1.0,1.0,1.0,1.0,1.0,1.0,1.0,1.0,1.0,1.0,     117P   4740
1.0,1.0,1.0,1.0,1.0,1.0,1.0,1.0,1.0,1.0,1.0,1.0,1.0,1.0,1.0,1.0,     117P   4741
1.0,1.0,1.0,1.0,1.0,1.0,1.0,1.0,1.0,1.0,1.0,1.0,1.0,1.0,1.0,1.0,     117P   4742
1.0,1.0,1.0,1.0,1.0,1.0,1.0,1.0,1.0,1.0,1.0,1.0,1.0,1.0,1.0,1.0,     117P   4743
1.0,1.0,1.0,1.0,1.0,1.0,1.0,1.0,1.0,1.0,1.0,1.0,1.0,1.0,1.0,1.0,     117P   4744
1.0,1.0,1.0,1.0,1.0,1.0,1.0,1.0,1.0,1.0,1.0,1.0,1.0,1.0,1.0,1.0,     117P   4745
1.0,1.0,1.0,1.0,1.0,1.0,1.0,1.0,1.0,1.0,1.0,1.0,1.0,1.0,1.0,1.0,     117P   4746
1.0,1.0,1.0,1.0,1.0,1.0,1.0,1.0,1.0,1.0,1.0,1.0,1.0,1.0,1.0,1.0,     117P   4747
1.0,1.0,1.0,1.0,1.0,1.0,1.0,1.0,1.0,1.0,1.0,1.0,1.0,1.0,1.0,1.0,     117P   4748
1.0,1.0,1.0,1.0,1.0,1.0,1.0,1.0,1.0,1.0,1.0,1.0,1.0,1.0,1.0,1.0,     117P   4749
1.0,1.0,40.859368711051,7.747765148668,2.272904680235,               117P   4750
40.859368711051,7.747765148668,2.272904680235,40.859262990681,       117P   4751
7.747765148668,2.273971100319,40.859368711051,7.747765148668,        117P   4752
2.272904680235,40.859221632659,7.747765148668,2.275064525257,        117P   4753
40.859434462985,7.747765148668,2.272926606231,40.859251210321,       117P   4754
7.747765148668,2.276145124881,40.859567967119,7.747765148668,        117P   4755
2.272947512878,40.859280787984,7.747765148668,2.277225724505,        117P   4756
40.859701471253,7.747765148668,2.272968419524,40.859379388064,       117P   4757
7.747765148668,2.278305006207,40.859902161068,7.747765148668,        117P   4758
2.272995794667,40.859543192389,7.747765148668,2.279373464505,        117P   4759
40.86016545998,7.747765148668,2.273028978628,40.859870801038,        117P   4760
7.747765148668,2.2815103811,40.860692057804,7.747765148668,          117P   4761
2.273095346549,40.860462378003,7.747765148668,2.283604916692,        117P   4762
40.861471780194,7.747765148668,2.273185599917,40.861256483308,       117P   4763
7.747765148668,2.285615717291,40.862441590775,7.747765148668,        117P   4764
2.273292310021,40.862050588613,7.747765148668,2.28762651789,         117P   4765
40.863411401356,7.747765148668,2.273399020125,40.863047418254,       117P   4766
7.747765148668,2.289555510753,40.86457107633,7.747765148668,         117P   4767
2.273522381894,40.864182456993,7.747765148668,2.291395647659,        117P   4768
40.865858431911,7.747765148668,2.273656401225,40.865317495731,       117P   4769
7.747765148668,2.293235784566,40.867145787493,7.747765148668,        117P   4770
2.273790420556,40.866592223126,7.747765148668,2.294988330371,        117P   4771
40.868561066352,7.747765148668,2.273934983736,40.867962442865,       117P   4772
7.747765148668,2.296661298983,40.87006275271,7.747765148668,         117P   4773
2.274086420098,40.869332662604,7.747765148668,2.298334267594,        117P   4774
40.871564439067,7.747765148668,2.274237856461,40.870796228644,       117P   4775
7.747765148668,2.299929073355,40.87315072684,7.747765148668,         117P   4776
2.274396175809,40.872327310839,7.747765148668,2.301456038959,        117P   4777
40.87479633924,7.747765148668,2.27455856482,40.873858393035,         117P   4778
7.747765148668,2.302983004563,40.876441951641,7.747765148668,        117P   4779
2.274720953831,40.875454577731,7.747765148668,2.304443632632,        117P   4780
40.878145666159,7.747765148668,2.274887909157,40.877099658503,       117P   4781
7.747765148668,2.305847121657,40.879891832143,7.747765148668,        117P   4782
2.275057670164,40.880389820048,7.747765148668,2.308654099707,        117P   4783
40.883384164111,7.747765148668,2.275397192177,40.883866149437,       117P   4784
7.747765148668,2.311237754193,40.887038285367,7.747765148668,        117P   4785
2.275747531027,40.887445816985,7.747765148668,2.313663078032,        117P   4786
40.890779139369,7.747765148668,2.276102095604,40.889235650759,       117P   4787
7.747765148668,2.314875739951,40.89264956637,7.747765148668,         117P   4788
2.276279377892,40.891053885876,7.747765148668,2.31604697885,         117P   4789
40.894543511425,7.747765148668,2.276457337207,40.892893740622,       117P   4790
7.747765148668,2.317183044389,40.896455615769,7.747765148668,        117P   4791
2.276636171141,40.894733595367,7.747765148668,2.318319109928,        117P   4792
40.898367720113,7.747765148668,2.276815005075,40.896593939739,       117P   4793
7.747765148668,2.319421307402,40.900297418746,7.747765148668,        117P   4794
2.276995366277,40.898472606416,7.747765148668,2.320491958958,        117P   4795
40.902241660099,7.747765148668,2.277175488581,40.902229939771,       117P   4796
7.747765148668,2.322633262068,40.906130142807,7.747765148668,        117P   4797
2.277535733189,40.906053833143,7.747765148668,2.32465547973,         117P   4798
40.910072628386,7.747765148668,2.277896703821,40.909926413884,       117P   4799
7.747765148668,2.326580334162,40.914053945765,7.747765148668,        117P   4800
2.278257663132,40.917671575366,7.747765148668,2.330430043028,        117P   4801
40.922016580524,7.747765148668,2.278979581756,40.925598963275,       117P   4802
7.747765148668,2.333904884844,40.930122501057,7.747765148668,        117P   4803
2.279697829526,40.933626469008,7.747765148668,2.337123299629,        117P   4804
40.938303507069,7.747765148668,2.28040814678,40.94165397474,         117P   4805
7.747765148668,2.340341714413,40.946484513082,7.747765148668,        117P   4806
2.281118464033,40.949784348023,7.747765148668,2.343300638153,        117P   4807
40.954742237565,7.747765148668,2.28181909581,40.957979365817,        117P   4808
7.747765148668,2.34606485544,40.963045904547,7.747765148668,         117P   4809
2.282507602703,40.966174383612,7.747765148668,2.348829072726,        117P   4810
40.971349571529,7.747765148668,2.283196109597,40.974435301784,       117P   4811
7.747765148668,2.351397124334,40.979700524502,7.747765148668,        117P   4812
2.283873566582,40.982740189671,7.747765148668,2.35381066143,         117P   4813
40.988081082468,7.747765148668,2.284536690628,40.991045077558,       117P   4814
7.747765148668,2.356224198526,40.996461640434,7.747765148668,        117P   4815
2.285199814674,40.999396459315,7.747765148668,2.358478624551,        117P   4816
41.004874077226,7.747765148668,2.285849820896,41.007779903309,       117P   4817
7.747765148668,2.360604148314,41.013307361607,7.747765148668,        117P   4818
2.286485321481,41.016163347303,7.747765148668,2.362729672077,        117P   4819
41.021740645987,7.747765148668,2.287120822065,41.024579213914,       117P   4820
7.747765148668,2.364725635427,41.030195043163,7.747765148668,        117P   4821
2.287741716573,41.033020484159,7.747765148668,2.366607961015,        117P   4822
41.038665450976,7.747765148668,2.288347662336,41.037241119282,       117P   4823
7.747765148668,2.367549123809,41.042900654883,7.747765148668,        117P   4824
2.288650635217,41.04146878119,7.747765148668,2.368460323702,         117P   4825
41.047140349085,7.747765148668,2.288949902756,41.04570117373,        117P   4826
7.747765148668,2.369346982569,41.051382888967,7.747765148668,        117P   4827
2.289245292865,41.049933566269,7.747765148668,2.370233641437,        117P   4828
41.05562542885,7.747765148668,2.289540682973,41.054171115359,        117P   4829
7.747765148668,2.371094705629,41.059871122763,7.747765148668,        117P   4830
2.289832299461,41.058414319696,7.747765148668,2.371929044101,        117P   4831
41.064120317573,7.747765148668,2.290120061518,41.066900728371,       117P   4832
7.747765148668,2.373597721045,41.072618707192,7.747765148668,        117P   4833
2.290695585631,41.075405292366,7.747765148668,2.375170311915,        117P   4834
41.081127989028,7.747765148668,2.291255634609,41.083926603146,       117P   4835
7.747765148668,2.376650399387,41.089647185297,7.747765148668,        117P   4836
2.291799941311,41.100969224706,7.747765148668,2.379610574329,        117P   4837
41.106685577836,7.747765148668,2.292888554717,41.118070355165,       117P   4838
7.747765148668,2.3822221968,41.123757894234,7.747765148668,          117P   4839
2.293914329307,41.135213532128,7.747765148668,2.384529555593,        117P   4840
41.140853335902,7.747765148668,2.294875334418,41.169499886055,       117P   4841
7.747765148668,2.38914427318,41.175044219239,7.747765148668,         117P   4842
2.29679734464,41.203938547062,7.747765148668,2.392584052392,         117P   4843
41.209317311152,7.747765148668,2.298462455488,41.238440059317,       117P   4844
7.747765148668,2.395113246256,41.243619329064,7.747765148668,        117P   4845
2.299859353355,41.247065437381,7.747765148668,2.395745544722,        117P   4846
41.252194833542,7.747765148668,2.300208577821,41.255694978035,       117P   4847
7.747765148668,2.396320327731,41.260772333096,7.747765148668,        117P   4848
2.300542129412,41.264327879687,7.747765148668,2.396840148429,        117P   4849
41.26935138376,7.747765148668,2.300859068124,41.272960781339,        117P   4850
7.747765148668,2.397359969128,41.277930434425,7.747765148668,        117P   4851
2.301176006836,41.281597043988,7.747765148668,2.397824827516,        117P   4852
41.286510983993,7.747765148668,2.301474600745,41.29023586604,        117P   4853
7.747765148668,2.398237276743,41.295092667515,7.747765148668,        117P   4854
2.301757907414,41.307513510145,7.747765148668,2.399062175197,        117P   4855
41.31225603456,7.747765148668,2.30232452075,41.324800572532,         117P   4856
7.747765148668,2.399680307439,41.329423410885,7.747765148668,        117P   4857
2.302823870728,41.34209300706,7.747765148668,2.400105080735,         117P   4858
41.346592735275,7.747765148668,2.303255983059,41.350739224324,       117P   4859
7.747765148668,2.400317467383,41.35517739747,7.747765148668,         117P   4860
2.303472039224,41.359385940765,7.747765148668,2.400484476683,        117P   4861
41.363762131799,7.747765148668,2.303671080182,41.368033660616,       117P   4862
7.747765148668,2.400604291339,41.372347178862,7.747765148668,        117P   4863
2.303853907828,41.376681380466,7.747765148668,2.400724105996,        117P   4864
41.380932225926,7.747765148668,2.304036735473,41.385330246531,       117P   4865
7.747765148668,2.400796258368,41.389517665379,7.747765148668,        117P   4866
2.304202461019,41.39397881283,7.747765148668,2.400825890776,         117P   4867
41.398102806837,7.747765148668,2.304350931877,41.402627379129,       117P   4868
7.747765148668,2.400855523184,41.406687948295,7.747765148668,        117P   4869
2.304499402735,41.411275576762,7.747765148668,2.400842859014,        117P   4870
41.415272725492,7.747765148668,2.304632474187,41.419924146664,       117P   4871
7.747765148668,2.400785255363,41.423857543762,7.747765148668,        117P   4872
2.304747412386,41.428572716566,7.747765148668,2.400727651712,        117P   4873
41.432442362032,7.747765148668,2.304862350585,41.437221183786,       117P   4874
7.747765148668,2.400626840533,41.4410269839,7.747765148668,          117P   4875
2.304960021508,41.445868345931,7.747765148668,2.40048725775,         117P   4876
41.449610843034,7.747765148668,2.305041230721,41.454515508077,       117P   4877
7.747765148668,2.400347674968,41.458194702169,7.747765148668,        117P   4878
2.305122439934,41.463162268743,7.747765148668,2.400163923701,        117P   4879
41.466778210673,7.747765148668,2.305185772399,41.471808168795,       117P   4880
7.747765148668,2.39994089686,41.475361167661,7.747765148668,         117P   4881
2.305232810629,41.480454068846,7.747765148668,2.399717870019,        117P   4882
41.483944124649,7.747765148668,2.30527984886,41.489098808716,        117P   4883
7.747765148668,2.399459402433,41.492526380336,7.747765148668,        117P   4884
2.30531251027,41.497742079679,7.747765148668,2.399162506422,         117P   4885
41.501107809042,7.747765148668,2.305328437079,41.506385350642,       117P   4886
7.747765148668,2.398865610411,41.509689237748,7.747765148668,        117P   4887
2.305344363888,41.515027489227,7.747765148668,2.398525679259,        117P   4888
41.518269996267,7.747765148668,2.305341687032,41.523668334802,       117P   4889
7.747765148668,2.398157098848,41.52684981807,7.747765148668,         117P   4890
2.305331430898,41.532309180378,7.747765148668,2.397788518438,        117P   4891
41.535429639873,7.747765148668,2.305321174764,41.540948650164,       117P   4892
7.747765148668,2.397395802479,41.544008445066,7.747765148668,        117P   4893
2.30530647322,41.549586934248,7.747765148668,2.396975122716,         117P   4894
41.552586424973,7.747765148668,2.305283636577,41.558225218332,       117P   4895
7.747765148668,2.396554442953,41.561164404879,7.747765148668,        117P   4896
2.305260799933,41.566862282141,7.747765148668,2.396104724743,        117P   4897
41.569741520022,7.747765148668,2.305229080078,41.575497817758,       117P   4898
7.747765148668,2.395629733341,41.578317624112,7.747765148668,        117P   4899
2.305189998467,41.584133353375,7.747765148668,2.39515474194,         117P   4900
41.586893728203,7.747765148668,2.305150916856,41.592767272394,       117P   4901
7.747765148668,2.394655547037,41.595468777039,7.747765148668,        117P   4902
2.305105008336,41.601399820911,7.747765148668,2.394129414604,        117P   4903
41.604042901339,7.747765148668,2.305050544722,41.618664917944,       117P   4904
7.747765148668,2.39307714974,41.621191149939,7.747765148668,         117P   4905
2.304941617495,41.635923743269,7.747765148668,2.391924988772,        117P   4906
41.638335305546,7.747765148668,2.3048023969,41.653175841807,         117P   4907
7.747765148668,2.390677108121,41.655475201991,7.747765148668,        117P   4908
2.304632081789,41.687680038884,7.747765148668,2.38818134682,         117P   4909
41.68975499488,7.747765148668,2.304291451567,41.722156478431,        117P   4910
7.747765148668,2.385312369207,41.724017469185,7.747765148668,        117P   4911
2.30382652771,41.756601943286,7.747765148668,2.382106317106,         117P   4912
41.758261827353,7.747765148668,2.303237853776,41.791047408141,       117P   4913
7.747765148668,2.378900265006,41.792506185521,7.747765148668,        117P   4914
2.302649179842,41.82546140845,7.747765148668,2.375363512144,         117P   4915
41.826732182625,7.747765148668,2.301939942695,41.859841710736,       117P   4916
7.747765148668,2.371522386163,41.860939512955,7.747765148668,        117P   4917
2.301105778803,41.894222013023,7.747765148668,2.367681260181,        117P   4918
41.895146843286,7.747765148668,2.300271614911,41.928568463522,       117P   4919
7.747765148668,2.363538452519,41.929335432072,7.747765148668,        117P   4920
2.299314876946,41.962878575475,7.747765148668,2.35911716606,         117P   4921
41.963504699356,7.747765148668,2.298236110879,41.997188687428,       117P   4922
7.747765148668,2.354695879601,41.99767396664,7.747765148668,         117P   4923
2.297157344812,42.031462879953,7.747765148668,2.349993053258,        117P   4924
42.031824085012,7.747765148668,2.295955666367,42.065698473327,       117P   4925
7.747765148668,2.34502537566,42.065954184033,7.747765148668,         117P   4926
2.294632057969,42.134169660074,7.747765148668,2.335090020462,        117P   4927
42.134214382074,7.747765148668,2.291984841172,42.202487246378,       117P   4928
7.747765148668,2.324100416595,42.202395113,7.747765148668,           117P   4929
2.288849495967,42.270624306498,7.747765148668,2.312086569844,        117P   4930
42.270483768911,7.747765148668,2.285227787174,42.338761366618,       117P   4931
7.747765148668,2.300072723094,42.338572424822,7.747765148668,        117P   4932
2.28160607838,42.406718166892,7.747765148668,2.2870340101,           117P   4933
42.40656913832,7.747765148668,2.277498080248,42.47444807613,         117P   4934
7.747765148668,2.272904680235,42.47444807613,7.747765148668,         117P   4935
2.272904680235,0.0,1.0,0.0,41.0,,1,119;                              117P   4936
406,1,35HSurf_HRCRMCDIOI, Tail, 0, 16, upper;                        119P   4937
128,1,123,1,3,0,0,1,0,0,0.0,0.0,1.0,1.0,0.0,0.0,0.0,0.0,1.0,1.0,     121P   4938
1.0,2.0,2.0,2.0,3.0,3.0,3.0,4.0,4.0,4.0,5.0,5.0,5.0,6.0,6.0,6.0,     121P   4939
7.0,7.0,7.0,8.0,8.0,8.0,9.0,9.0,9.0,10.0,10.0,10.0,11.0,11.0,        121P   4940
11.0,12.0,12.0,12.0,13.0,13.0,13.0,14.0,14.0,14.0,15.0,15.0,         121P   4941
15.0,16.0,16.0,16.0,17.0,17.0,17.0,18.0,18.0,18.0,19.0,19.0,         121P   4942
19.0,20.0,20.0,20.0,21.0,21.0,21.0,22.0,22.0,22.0,23.0,23.0,         121P   4943
23.0,24.0,24.0,24.0,25.0,25.0,25.0,26.0,26.0,26.0,27.0,27.0,         121P   4944
27.0,28.0,28.0,28.0,29.0,29.0,29.0,30.0,30.0,30.0,31.0,31.0,         121P   4945
31.0,32.0,32.0,32.0,33.0,33.0,33.0,34.0,34.0,34.0,35.0,35.0,         121P   4946
35.0,36.0,36.0,36.0,37.0,37.0,37.0,38.0,38.0,38.0,39.0,39.0,         121P   4947
39.0,40.0,40.0,40.0,41.0,41.0,41.0,41.0,1.0,1.0,1.0,1.0,1.0,1.0,     121P   4948
1.0,1.0,1.0,1.0,1.0,1.0,1.0,1.0,1.0,1.0,1.0,1.0,1.0,1.0,1.0,1.0,     121P   4949
1.0,1.0,1.0,1.0,1.0,1.0,1.0,1.0,1.0,1.0,1.0,1.0,1.0,1.0,1.0,1.0,     121P   4950
1.0,1.0,1.0,1.0,1.0,1.0,1.0,1.0,1.0,1.0,1.0,1.0,1.0,1.0,1.0,1.0,     121P   4951
1.0,1.0,1.0,1.0,1.0,1.0,1.0,1.0,1.0,1.0,1.0,1.0,1.0,1.0,1.0,1.0,     121P   4952
1.0,1.0,1.0,1.0,1.0,1.0,1.0,1.0,1.0,1.0,1.0,1.0,1.0,1.0,1.0,1.0,     121P   4953
1.0,1.0,1.0,1.0,1.0,1.0,1.0,1.0,1.0,1.0,1.0,1.0,1.0,1.0,1.0,1.0,     121P   4954
1.0,1.0,1.0,1.0,1.0,1.0,1.0,1.0,1.0,1.0,1.0,1.0,1.0,1.0,1.0,1.0,     121P   4955
1.0,1.0,1.0,1.0,1.0,1.0,1.0,1.0,1.0,1.0,1.0,1.0,1.0,1.0,1.0,1.0,     121P   4956
1.0,1.0,1.0,1.0,1.0,1.0,1.0,1.0,1.0,1.0,1.0,1.0,1.0,1.0,1.0,1.0,     121P   4957
1.0,1.0,1.0,1.0,1.0,1.0,1.0,1.0,1.0,1.0,1.0,1.0,1.0,1.0,1.0,1.0,     121P   4958
1.0,1.0,1.0,1.0,1.0,1.0,1.0,1.0,1.0,1.0,1.0,1.0,1.0,1.0,1.0,1.0,     121P   4959
1.0,1.0,1.0,1.0,1.0,1.0,1.0,1.0,1.0,1.0,1.0,1.0,1.0,1.0,1.0,1.0,     121P   4960
1.0,1.0,1.0,1.0,1.0,1.0,1.0,1.0,1.0,1.0,1.0,1.0,1.0,1.0,1.0,1.0,     121P   4961
1.0,1.0,1.0,1.0,1.0,1.0,1.0,1.0,1.0,1.0,1.0,1.0,1.0,1.0,1.0,1.0,     121P   4962
1.0,1.0,1.0,1.0,1.0,1.0,1.0,1.0,1.0,1.0,1.0,1.0,1.0,1.0,1.0,1.0,     121P   4963
1.0,1.0,35.368852459016,0.0,1.065573770492,35.368852459016,0.0,      121P   4964
1.065573770492,35.368852459016,0.0,1.065573770492,                   121P   4965
35.369150657998,0.0,1.062565784605,35.369037921474,0.0,              121P   4966
1.065635615808,35.369638238955,0.0,1.05960531841,                    121P   4967
35.369414488416,0.0,1.065694585906,35.370307944937,0.0,              121P   4968
1.056675277357,35.369791055359,0.0,1.065753556004,                   121P   4969
35.370977650918,0.0,1.053745236303,35.370357128843,0.0,              121P   4970
1.065830771397,35.371831682672,0.0,1.050855403222,                   121P   4971
35.371099799976,0.0,1.065924371364,35.3728549921,0.0,                121P   4972
1.048028868203,35.372585142241,0.0,1.066111571299,                   121P   4973
35.374901610956,0.0,1.042375798166,35.374784457483,0.0,              121P   4974
1.066366143452,35.37763161649,0.0,1.03697701407,35.377519942857,     121P   4975
0.0,1.066667134114,35.380862702986,0.0,1.031907253166,               121P   4976
35.380255428231,0.0,1.066968124777,35.384093789482,0.0,              121P   4977
1.026837492262,35.383526452482,0.0,1.06731608377,35.3878241416,      121P   4978
0.0,1.022092418093,35.38715761761,0.0,1.067694103899,                121P   4979
35.391884937528,0.0,1.017658096758,35.390788782738,0.0,              121P   4980
1.068072124028,35.395945733455,0.0,1.013223775422,                   121P   4981
35.394780773232,0.0,1.068479884544,35.400334168868,0.0,              121P   4982
1.009095997719,35.399016488069,0.0,1.068907031826,                   121P   4983
35.404940703552,0.0,1.005231452074,35.403252202905,0.0,              121P   4984
1.069334179109,35.409547238236,0.0,1.001366906429,                   121P   4985
35.407726547777,0.0,1.069780740808,35.414367736792,0.0,              121P   4986
0.997761658787,35.412368225997,0.0,1.070238781557,                   121P   4987
35.419332463354,0.0,0.994370721823,35.417009904218,0.0,              121P   4988
1.070696822305,35.424297189916,0.0,0.990979784858,                   121P   4989
35.421815467528,0.0,1.071167742981,35.42940605602,0.0,               121P   4990
0.987801721976,35.42674077109,0.0,1.071646577466,                    121P   4991
35.434616484453,0.0,0.984800655319,35.436591378213,0.0,              121P   4992
1.072604246438,35.44503734132,0.0,0.978798522006,                    121P   4993
35.446898334483,0.0,1.073592425796,35.455845784233,0.0,              121P   4994
0.973487324581,35.457449932503,0.0,1.074592524407,                   121P   4995
35.466852031022,0.0,0.968646559229,35.462725731513,0.0,              121P   4996
1.075092573712,35.472355154416,0.0,0.966226176553,                   121P   4997
35.468067866458,0.0,1.075594532663,35.477910839751,0.0,              121P   4998
0.963926452549,35.473461222201,0.0,1.076098958601,                   121P   4999
35.483507985516,0.0,0.961730873862,35.478854577943,0.0,              121P   5000
1.076603384538,35.489105131281,0.0,0.959535295174,                   121P   5001
35.484297560818,0.0,1.077112118344,35.494743737476,0.0,              121P   5002
0.957443861802,35.489781563457,0.0,1.077620178307,                   121P   5003
35.500412702593,0.0,0.955440060389,35.500749568735,0.0,              121P   5004
1.078636298234,35.511750632826,0.0,0.951432457562,                   121P   5005
35.511869896611,0.0,1.079654466011,35.523205466487,0.0,              121P   5006
0.947764847477,35.523099754967,0.0,1.080672601858,                   121P   5007
35.534742031626,0.0,0.944371800034,35.545559471681,0.0,              121P   5008
1.082708873553,35.557815161904,0.0,0.937585705148,                   121P   5009
35.568423345813,0.0,1.084734791098,35.581182612086,0.0,              121P   5010
0.931836266516,35.591499008965,0.0,1.086738339518,                   121P   5011
35.604691244087,0.0,0.926765377674,35.614574672116,0.0,              121P   5012
1.088741887938,35.628199876089,0.0,0.921694488832,                   121P   5013
35.637866730363,0.0,1.090718117126,35.651851146074,0.0,              121P   5014
0.917300892038,35.661288375805,0.0,1.092660146398,                   121P   5015
35.675579251632,0.0,0.913388091996,35.684710021248,0.0,              121P   5016
1.094602175669,35.699307357189,0.0,0.909475291954,                   121P   5017
35.708265043394,0.0,1.096513037142,35.723116334992,0.0,              121P   5018
0.90605346884,35.731903570531,0.0,1.098383470569,                    121P   5019
35.746968300091,0.0,0.902986619265,35.755542097669,0.0,              121P   5020
1.100253903995,35.77082026519,0.0,0.899919769689,                    121P   5021
35.779270543461,0.0,1.10208733678,35.794720925186,0.0,               121P   5022
0.897227713696,35.80305779277,0.0,1.103879854399,                    121P   5023
35.818648756223,0.0,0.894817414092,35.826845042079,0.0,              121P   5024
1.105672372017,35.84257658726,0.0,0.892407114489,35.85069184296,     121P   5025
0.0,1.10742369117,35.866532068952,0.0,0.890279861087,                121P   5026
35.874583804063,0.0,1.109132845312,35.890506216608,0.0,              121P   5027
0.888388808742,35.886529784615,0.0,1.109987422382,                   121P   5028
35.902493290436,0.0,0.88744328257,35.898488430669,0.0,               121P   5029
1.110831548021,35.914485875247,0.0,0.886561368056,                   121P   5030
35.910455103359,0.0,1.111664736828,35.926481169926,0.0,              121P   5031
0.885726801248,35.92242177605,0.0,1.112497925635,                    121P   5032
35.938476464605,0.0,0.88489223444,35.934397345122,0.0,               121P   5033
1.113320470423,35.950475007284,0.0,0.884108572927,                   121P   5034
35.946382788959,0.0,1.114132143251,35.962477348079,0.0,              121P   5035
0.883378551099,35.970353676632,0.0,1.115755488907,                   121P   5036
35.986482029671,0.0,0.881918507444,35.994355287314,0.0,              121P   5037
1.117335184794,36.010496947675,0.0,0.880642188362,                   121P   5038
36.018384863032,0.0,1.11887047741,36.034520559123,0.0,               121P   5039
0.879537981414,36.066444014467,0.0,1.121941062642,                   121P   5040
36.082567782018,0.0,0.877329567519,36.11459885286,0.0,               121P   5041
1.124834402272,36.130641346354,0.0,0.875749803055,                   121P   5042
36.162818919285,0.0,1.127545050595,36.178726768752,0.0,              121P   5043
0.874662873914,36.259259052135,0.0,1.13296634724,                    121P   5044
36.274897613547,0.0,0.872489015633,36.355931065689,0.0,              121P   5045
1.13766302354,36.371102616487,0.0,0.872179993453,                    121P   5046
36.452684669038,0.0,1.141603167891,36.467293518348,0.0,              121P   5047
0.872926339755,36.476873069875,0.0,1.142588203979,                   121P   5048
36.491341243813,0.0,0.873112926331,36.501067098101,0.0,              121P   5049
1.143529032545,36.515388482892,0.0,0.873373328196,                   121P   5050
36.52526550145,0.0,1.144423002179,36.539434992055,0.0,               121P   5051
0.873695041024,36.549463904798,0.0,1.145316971814,                   121P   5052
36.563481501218,0.0,0.874016753852,36.573666536012,0.0,              121P   5053
1.146159197386,36.587526985954,0.0,0.874390007379,                   121P   5054
36.597872365702,0.0,1.146958303173,36.611571648487,0.0,              121P   5055
0.874824848651,36.646284025081,0.0,1.148556514746,                   121P   5056
36.659660973553,0.0,0.875694531196,36.694706993191,0.0,              121P   5057
1.14996500068,36.707746350509,0.0,0.876767975264,36.74313545609,     121P   5058
0.0,1.151183833495,36.755827564175,0.0,0.878007508845,               121P   5059
36.76734968754,0.0,1.151793249902,36.779868171008,0.0,               121P   5060
0.878627275635,36.791564122453,0.0,1.152354672553,                   121P   5061
36.80390777677,0.0,0.879279048023,36.815779439477,0.0,               121P   5062
1.152870363308,36.827946316497,0.0,0.879972475663,36.8399947565,     121P   5063
0.0,1.153386054064,36.851984856223,0.0,0.880665903303,               121P   5064
36.864211180315,0.0,1.15385350597,36.876022376476,0.0,               121P   5065
0.881397291335,36.888426763592,0.0,1.154272288636,                   121P   5066
36.900059061184,0.0,0.882151274345,36.912642346868,0.0,              121P   5067
1.154691071302,36.924095745892,0.0,0.882905257356,                   121P   5068
36.936856902698,0.0,1.155066417805,36.948131415579,0.0,              121P   5069
0.883691671413,36.961071574379,0.0,1.155390616952,                   121P   5070
36.972166266932,0.0,0.8845025488,36.98528624606,0.0,                 121P   5071
1.155714816098,36.996201118286,0.0,0.885313426187,                   121P   5072
37.009500363759,0.0,1.155990310494,37.020235151305,0.0,              121P   5073
0.886148766905,37.033712330064,0.0,1.156219372353,                   121P   5074
37.044268562679,0.0,0.887000603238,37.05792429637,0.0,               121P   5075
1.156448434213,37.068301974053,0.0,0.887852439571,                   121P   5076
37.082135273674,0.0,1.156627072222,37.092334539854,0.0,              121P   5077
0.888728011547,37.10634469535,0.0,1.156759750081,                    121P   5078
37.116366421881,0.0,0.889622445431,37.130554117026,0.0,              121P   5079
1.156892427941,37.140398303908,0.0,0.890516879314,                   121P   5080
37.154761560587,0.0,1.156984553983,37.16442950216,0.0,               121P   5081
0.891430175106,37.178966671532,0.0,1.157029477758,                   121P   5082
37.188460178434,0.0,0.892357459071,37.203171782477,0.0,              121P   5083
1.157074401533,37.212490854708,0.0,0.893284743035,                   121P   5084
37.227375003065,0.0,1.157066851089,37.2365209443,0.0,                121P   5085
0.89422846515,37.251575581517,0.0,1.157037922238,                    121P   5086
37.260549396729,0.0,0.895210239665,37.275776159969,0.0,              121P   5087
1.157008993388,37.284577849159,0.0,0.89619201418,37.29997387093,     121P   5088
0.0,1.156967525644,37.308604447213,0.0,0.89721678857,                121P   5089
37.324169254058,0.0,1.156903111721,37.332629734038,0.0,              121P   5090
0.898274546395,37.348364637186,0.0,1.156838697798,                   121P   5091
37.356655020863,0.0,0.89933230422,37.372557581125,0.0,               121P   5092
1.156749227542,37.380678871267,0.0,0.900421856348,                   121P   5093
37.396747673253,0.0,1.156638992434,37.404701328524,0.0,              121P   5094
0.901541165319,37.420937765382,0.0,1.156528757326,                   121P   5095
37.428723785781,0.0,0.90266047429,37.445124881016,0.0,               121P   5096
1.156399265972,37.452744849892,0.0,0.903809540104,                   121P   5097
37.46930938887,0.0,1.156245643788,37.476764564132,0.0,               121P   5098
0.904986325301,37.517678404576,0.0,1.155938399422,                   121P   5099
37.524803992611,0.0,0.907339895695,37.56603587543,0.0,               121P   5100
1.155545708408,37.572838021606,0.0,0.90980434362,                    121P   5101
37.614381332723,0.0,1.155065310994,37.62086699732,0.0,               121P   5102
0.9123633694,37.711072247311,0.0,1.154104516166,37.716924948746,     121P   5103
0.0,0.917481420958,37.807714312426,0.0,1.152793133885,               121P   5104
37.812963495193,0.0,0.922951006025,37.904305278462,0.0,              121P   5105
1.151132697334,37.9089872119,0.0,0.928673247939,38.000896244499,     121P   5106
0.0,1.149472260783,38.005010928607,0.0,0.934395489853,               121P   5107
38.097435420604,0.0,1.147471758953,38.101019815574,0.0,              121P   5108
0.940370388613,38.193921944485,0.0,1.145118883897,                   121P   5109
38.197018448042,0.0,0.946499067559,38.290408468367,0.0,              121P   5110
1.142766008841,38.29301708051,0.0,0.952627746505,38.38684212912,     121P   5111
0.0,1.140067396595,38.389005470388,0.0,0.958915886132,               121P   5112
38.483221290894,0.0,1.137024587149,38.484987360221,0.0,              121P   5113
0.965301119464,38.579600452668,0.0,1.133981777703,                   121P   5114
38.580969250054,0.0,0.971686352795,38.675925602278,0.0,              121P   5115
1.130592276831,38.676944431291,0.0,0.9781723256,38.772194284528,     121P   5116
0.0,1.126858855599,38.772915552072,0.0,0.984717507419,               121P   5117
38.964731649027,0.0,1.119392013134,38.964857793634,0.0,              121P   5118
0.997807871057,39.157044865495,0.0,1.110548336734,                   121P   5119
39.15678499051,0.0,1.01111822155,39.349098371604,0.0,                121P   5120
1.100332804315,39.348701965831,0.0,1.02457387924,                    121P   5121
39.541151877713,0.0,1.090117271895,39.540618941151,0.0,              121P   5122
1.038029536929,39.732946047479,0.0,1.078530092888,                   121P   5123
39.732525691703,0.0,1.051632678957,39.924408014572,0.0,              121P   5124
1.065573770492,39.924408014572,0.0,1.065573770492,0.0,1.0,0.0,       121P   5125
41.0,,1,123;                                                         121P   5126
406,1,34HSurf_HRCRMCDIOI, Tail, 1, 1, lower;                         123P   5127
128,1,123,1,3,0,0,1,0,0,0.0,0.0,1.0,1.0,0.0,0.0,0.0,0.0,1.0,1.0,     125P   5128
1.0,2.0,2.0,2.0,3.0,3.0,3.0,4.0,4.0,4.0,5.0,5.0,5.0,6.0,6.0,6.0,     125P   5129
7.0,7.0,7.0,8.0,8.0,8.0,9.0,9.0,9.0,10.0,10.0,10.0,11.0,11.0,        125P   5130
11.0,12.0,12.0,12.0,13.0,13.0,13.0,14.0,14.0,14.0,15.0,15.0,         125P   5131
15.0,16.0,16.0,16.0,17.0,17.0,17.0,18.0,18.0,18.0,19.0,19.0,         125P   5132
19.0,20.0,20.0,20.0,21.0,21.0,21.0,22.0,22.0,22.0,23.0,23.0,         125P   5133
23.0,24.0,24.0,24.0,25.0,25.0,25.0,26.0,26.0,26.0,27.0,27.0,         125P   5134
27.0,28.0,28.0,28.0,29.0,29.0,29.0,30.0,30.0,30.0,31.0,31.0,         125P   5135
31.0,32.0,32.0,32.0,33.0,33.0,33.0,34.0,34.0,34.0,35.0,35.0,         125P   5136
35.0,36.0,36.0,36.0,37.0,37.0,37.0,38.0,38.0,38.0,39.0,39.0,         125P   5137
39.0,40.0,40.0,40.0,41.0,41.0,41.0,41.0,1.0,1.0,1.0,1.0,1.0,1.0,     125P   5138
1.0,1.0,1.0,1.0,1.0,1.0,1.0,1.0,1.0,1.0,1.0,1.0,1.0,1.0,1.0,1.0,     125P   5139
1.0,1.0,1.0,1.0,1.0,1.0,1.0,1.0,1.0,1.0,1.0,1.0,1.0,1.0,1.0,1.0,     125P   5140
1.0,1.0,1.0,1.0,1.0,1.0,1.0,1.0,1.0,1.0,1.0,1.0,1.0,1.0,1.0,1.0,     125P   5141
1.0,1.0,1.0,1.0,1.0,1.0,1.0,1.0,1.0,1.0,1.0,1.0,1.0,1.0,1.0,1.0,     125P   5142
1.0,1.0,1.0,1.0,1.0,1.0,1.0,1.0,1.0,1.0,1.0,1.0,1.0,1.0,1.0,1.0,     125P   5143
1.0,1.0,1.0,1.0,1.0,1.0,1.0,1.0,1.0,1.0,1.0,1.0,1.0,1.0,1.0,1.0,     125P   5144
1.0,1.0,1.0,1.0,1.0,1.0,1.0,1.0,1.0,1.0,1.0,1.0,1.0,1.0,1.0,1.0,     125P   5145
1.0,1.0,1.0,1.0,1.0,1.0,1.0,1.0,1.0,1.0,1.0,1.0,1.0,1.0,1.0,1.0,     125P   5146
1.0,1.0,1.0,1.0,1.0,1.0,1.0,1.0,1.0,1.0,1.0,1.0,1.0,1.0,1.0,1.0,     125P   5147
1.0,1.0,1.0,1.0,1.0,1.0,1.0,1.0,1.0,1.0,1.0,1.0,1.0,1.0,1.0,1.0,     125P   5148
1.0,1.0,1.0,1.0,1.0,1.0,1.0,1.0,1.0,1.0,1.0,1.0,1.0,1.0,1.0,1.0,     125P   5149
1.0,1.0,1.0,1.0,1.0,1.0,1.0,1.0,1.0,1.0,1.0,1.0,1.0,1.0,1.0,1.0,     125P   5150
1.0,1.0,1.0,1.0,1.0,1.0,1.0,1.0,1.0,1.0,1.0,1.0,1.0,1.0,1.0,1.0,     125P   5151
1.0,1.0,1.0,1.0,1.0,1.0,1.0,1.0,1.0,1.0,1.0,1.0,1.0,1.0,1.0,1.0,     125P   5152
1.0,1.0,1.0,1.0,1.0,1.0,1.0,1.0,1.0,1.0,1.0,1.0,1.0,1.0,1.0,1.0,     125P   5153
1.0,1.0,39.924408014572,0.0,1.065573770492,39.924408014572,0.0,      125P   5154
1.065573770492,39.732946047479,0.0,1.078530092888,                   125P   5155
39.733366403255,0.0,1.105427506818,39.541151877713,0.0,              125P   5156
1.090117271895,39.541684814275,0.0,1.14220500686,                    125P   5157
39.349098371604,0.0,1.100332804315,39.349494777378,0.0,              125P   5158
1.17609172939,39.157044865495,0.0,1.110548336734,39.15730474048,     125P   5159
0.0,1.209978451919,38.964731649027,0.0,1.119392013134,               125P   5160
38.964605504419,0.0,1.240976155211,38.772194284528,0.0,              125P   5161
1.126858855599,38.771473016983,0.0,1.269000203778,                   125P   5162
38.675925602278,0.0,1.130592276831,38.674906773265,0.0,              125P   5163
1.283012228062,38.579600452668,0.0,1.133981777703,                   125P   5164
38.578231655283,0.0,1.29627720261,38.483221290894,0.0,               125P   5165
1.137024587149,38.481455221567,0.0,1.308748054834,                   125P   5166
38.38684212912,0.0,1.140067396595,38.384678787852,0.0,               125P   5167
1.321218907058,38.290408468367,0.0,1.142766008841,                   125P   5168
38.287799856223,0.0,1.332904271176,38.193921944485,0.0,              125P   5169
1.145118883897,38.190825440929,0.0,1.343738700234,                   125P   5170
38.097435420604,0.0,1.147471758953,38.093851025634,0.0,              125P   5171
1.354573129292,38.000896244499,0.0,1.149472260783,                   125P   5172
37.99678156039,0.0,1.364549031713,37.904305278462,0.0,               125P   5173
1.151132697334,37.899623345025,0.0,1.373592146729,                   125P   5174
37.807714312426,0.0,1.152793133885,37.802465129659,0.0,              125P   5175
1.382635261744,37.711072247311,0.0,1.154104516166,                   125P   5176
37.705219545876,0.0,1.390727611375,37.614381332723,0.0,              125P   5177
1.155065310994,37.607895668127,0.0,1.397767252588,                   125P   5178
37.56603587543,0.0,1.155545708408,37.559233729253,0.0,               125P   5179
1.401287073195,37.517678404576,0.0,1.155938399422,                   125P   5180
37.510552816542,0.0,1.404536903149,37.46930938887,0.0,               125P   5181
1.156245643788,37.461854213608,0.0,1.407504962276,                   125P   5182
37.445124881016,0.0,1.156399265972,37.437504912141,0.0,              125P   5183
1.408988991839,37.420937765382,0.0,1.156528757326,                   125P   5184
37.413151744982,0.0,1.410397040361,37.396747673253,0.0,              125P   5185
1.156638992434,37.388794017983,0.0,1.411736819549,                   125P   5186
37.372557581125,0.0,1.156749227542,37.364436290984,0.0,              125P   5187
1.413076598736,37.348364637186,0.0,1.156838697798,                   125P   5188
37.340074253508,0.0,1.414345091377,37.324169254058,0.0,              125P   5189
1.156903111721,37.315708774077,0.0,1.415531677047,                   125P   5190
37.29997387093,0.0,1.156967525644,37.291343294646,0.0,               125P   5191
1.416718262717,37.275776159969,0.0,1.157008993388,                   125P   5192
37.266974470779,0.0,1.417825972597,37.251575581517,0.0,              125P   5193
1.157037922238,37.242601766305,0.0,1.418865604812,                   125P   5194
37.227375003065,0.0,1.157066851089,37.218229061831,0.0,              125P   5195
1.419905237027,37.203171782477,0.0,1.157074401533,                   125P   5196
37.193852710245,0.0,1.420864060031,37.178966671532,0.0,              125P   5197
1.157029477758,37.16947316463,0.0,1.421701496445,                    125P   5198
37.154761560587,0.0,1.156984553983,37.145093619014,0.0,              125P   5199
1.422538932859,37.130554117026,0.0,1.156892427941,                   125P   5200
37.120709930144,0.0,1.423267976567,37.10634469535,0.0,               125P   5201
1.156759750081,37.096322968819,0.0,1.423897054732,                   125P   5202
37.082135273674,0.0,1.156627072222,37.071936007494,0.0,              125P   5203
1.424526132896,37.05792429637,0.0,1.156448434213,                    125P   5204
37.047546618687,0.0,1.425044428854,37.033712330064,0.0,              125P   5205
1.156219372353,37.02315609745,0.0,1.425438141469,                    125P   5206
37.009500363759,0.0,1.155990310494,36.998765576213,0.0,              125P   5207
1.425831854083,36.98528624606,0.0,1.155714816098,                    125P   5208
36.974371373834,0.0,1.42611620601,36.961071574379,0.0,               125P   5209
1.155390616952,36.949976881826,0.0,1.426278685104,                   125P   5210
36.936856902698,0.0,1.155066417805,36.925582389818,0.0,              125P   5211
1.426441164198,36.912642346868,0.0,1.154691071302,                   125P   5212
36.901188947844,0.0,1.426476885248,36.888426763592,0.0,              125P   5213
1.154272288636,36.876794465999,0.0,1.426393302927,                   125P   5214
36.864211180315,0.0,1.15385350597,36.852399984154,0.0,               125P   5215
1.426309720606,36.8399947565,0.0,1.153386054064,36.828004656777,     125P   5216
0.0,1.426106204824,36.815779439477,0.0,1.152870363308,               125P   5217
36.803612562456,0.0,1.425768250954,36.791564122453,0.0,              125P   5218
1.152354672553,36.779220468135,0.0,1.425430297083,                   125P   5219
36.76734968754,0.0,1.151793249902,36.754831204071,0.0,               125P   5220
1.424959224169,36.74313545609,0.0,1.151183833495,                    125P   5221
36.730443348005,0.0,1.424360158144,36.694706993191,0.0,              125P   5222
1.14996500068,36.681667635873,0.0,1.423162026096,                    125P   5223
36.646284025081,0.0,1.148556514746,36.632907076609,0.0,              125P   5224
1.421418498296,36.597872365702,0.0,1.146958303173,                   125P   5225
36.584173082917,0.0,1.419091757695,36.573666536012,0.0,              125P   5226
1.146159197386,36.559806086071,0.0,1.417928387394,                   125P   5227
36.549463904798,0.0,1.145316971814,36.535446308378,0.0,              125P   5228
1.416617189777,36.52526550145,0.0,1.144423002179,                    125P   5229
36.511096010845,0.0,1.415150963335,36.501067098101,0.0,              125P   5230
1.143529032545,36.486745713311,0.0,1.413684736893,                   125P   5231
36.476873069875,0.0,1.142588203979,36.462404895937,0.0,              125P   5232
1.412063481626,36.452684669038,0.0,1.141603167891,                   125P   5233
36.438075819728,0.0,1.410279996026,36.355931065689,0.0,              125P   5234
1.13766302354,36.34075951489,0.0,1.403146053627,36.259259052135,     125P   5235
0.0,1.13296634724,36.243620490723,0.0,1.393443678848,                125P   5236
36.162818919285,0.0,1.127545050595,36.146911069818,0.0,              125P   5237
1.380427227276,36.11459885286,0.0,1.124834402272,                    125P   5238
36.098556359366,0.0,1.37391900149,36.066444014467,0.0,               125P   5239
1.121941062642,36.050320246917,0.0,1.366552557766,                   125P   5240
36.018384863032,0.0,1.11887047741,36.002249166941,0.0,               125P   5241
1.358202973406,35.994355287314,0.0,1.117335184794,                   125P   5242
35.978213626953,0.0,1.354028181226,35.970353676632,0.0,              125P   5243
1.115755488907,35.954225323594,0.0,1.349592470369,                   125P   5244
35.946382788959,0.0,1.114132143251,35.930288229839,0.0,              125P   5245
1.344885735402,35.934397345122,0.0,1.113320470423,                   125P   5246
35.918319682961,0.0,1.342532367918,35.92242177605,0.0,               125P   5247
1.112497925635,35.906367087495,0.0,1.34010361683,                    125P   5248
35.910455103359,0.0,1.111664736828,35.894429036793,0.0,              125P   5249
1.337602672408,35.898488430669,0.0,1.110831548021,                   125P   5250
35.882490986091,0.0,1.335101727986,35.886529784615,0.0,              125P   5251
1.109987422382,35.870566278793,0.0,1.332531562195,                   125P   5252
35.874583804063,0.0,1.109132845312,35.858661391518,0.0,              125P   5253
1.329876881881,35.85069184296,0.0,1.10742369117,35.834851616968,     125P   5254
0.0,1.324567521254,35.826845042079,0.0,1.105672372017,               125P   5255
35.811113496898,0.0,1.318937629546,35.80305779277,0.0,               125P   5256
1.103879854399,35.787466829317,0.0,1.312942294705,                   125P   5257
35.779270543461,0.0,1.10208733678,35.763820161737,0.0,               125P   5258
1.306946959865,35.755542097669,0.0,1.100253903995,                   125P   5259
35.740263930148,0.0,1.300588038302,35.731903570531,0.0,              125P   5260
1.098383470569,35.716838840971,0.0,1.293780321873,                   125P   5261
35.708265043394,0.0,1.096513037142,35.693413751795,0.0,              125P   5262
1.286972605445,35.684710021248,0.0,1.094602175669,                   125P   5263
35.670112685307,0.0,1.279729059385,35.661288375805,0.0,              125P   5264
1.092660146398,35.646997499979,0.0,1.271932200799,                   125P   5265
35.637866730363,0.0,1.090718117126,35.623882314651,0.0,              125P   5266
1.264135342213,35.614574672116,0.0,1.088741887938,                   125P   5267
35.600949468144,0.0,1.255789287043,35.591499008965,0.0,              125P   5268
1.086738339518,35.578306773842,0.0,1.246711301361,                   125P   5269
35.568423345813,0.0,1.084734791098,35.555664079541,0.0,              125P   5270
1.23763331568,35.545559471681,0.0,1.082708873553,                    125P   5271
35.533303781457,0.0,1.227832041958,35.523099754967,0.0,              125P   5272
1.080672601858,35.511457478308,0.0,1.216973403683,                   125P   5273
35.511869896611,0.0,1.079654466011,35.500534326734,0.0,              125P   5274
1.211544084545,35.500749568735,0.0,1.078636298234,                   125P   5275
35.489748504643,0.0,1.205840138907,35.489781563457,0.0,              125P   5276
1.077620178307,35.479150424321,0.0,1.199800296226,                   125P   5277
35.484297560818,0.0,1.077112118344,35.47385138416,0.0,               125P   5278
1.196780374885,35.478854577943,0.0,1.076603384538,                   125P   5279
35.468604024606,0.0,1.193671473902,35.473461222201,0.0,              125P   5280
1.076098958601,35.463414458886,0.0,1.190467043339,                   125P   5281
35.468067866458,0.0,1.075594532663,35.458224893165,0.0,              125P   5282
1.187262612777,35.462725731513,0.0,1.075092573712,                   125P   5283
35.453096308611,0.0,1.183958970872,35.457449932503,0.0,              125P   5284
1.074592524407,35.448047833985,0.0,1.180538489585,                   125P   5285
35.446898334483,0.0,1.073592425796,35.437950884733,0.0,              125P   5286
1.173697527011,35.436591378213,0.0,1.072604246438,                   125P   5287
35.428145415107,0.0,1.166409970869,35.42674077109,0.0,               125P   5288
1.071646577466,35.418865057726,0.0,1.158492499614,                   125P   5289
35.421815467528,0.0,1.071167742981,35.414224879036,0.0,              125P   5290
1.154533763986,35.417009904218,0.0,1.070696822305,                   125P   5291
35.40972261852,0.0,1.150413859752,35.412368225997,0.0,               125P   5292
1.070238781557,35.405403988641,0.0,1.146106841291,                   125P   5293
35.407726547777,0.0,1.069780740808,35.401085358761,0.0,              125P   5294
1.141799822829,35.403252202905,0.0,1.069334179109,                   125P   5295
35.396957167573,0.0,1.137301451789,35.399016488069,0.0,              125P   5296
1.068907031826,35.393092272585,0.0,1.132582611579,                   125P   5297
35.394780773232,0.0,1.068479884544,35.389227377596,0.0,              125P   5298
1.127863771368,35.390788782738,0.0,1.068072124028,                   125P   5299
35.385631832021,0.0,1.122920472633,35.38715761761,0.0,               125P   5300
1.067694103899,35.382430297692,0.0,1.117730111041,                   125P   5301
35.383526452482,0.0,1.06731608377,35.379228763364,0.0,               125P   5302
1.112539749448,35.380255428231,0.0,1.066968124777,                   125P   5303
35.376417066981,0.0,1.107098757292,35.377519942857,0.0,              125P   5304
1.066667134114,35.374177182729,0.0,1.101427015063,                   125P   5305
35.374784457483,0.0,1.066366143452,35.371937298477,0.0,              125P   5306
1.095755272833,35.372585142241,0.0,1.066111571299,                   125P   5307
35.370268673525,0.0,1.089847344432,35.371099799976,0.0,              125P   5308
1.065924371364,35.369344607851,0.0,1.083819874525,                   125P   5309
35.370357128843,0.0,1.065830771397,35.368882575014,0.0,              125P   5310
1.080806139572,35.369791055359,0.0,1.065753556004,                   125P   5311
35.368604459799,0.0,1.077761875705,35.369414488416,0.0,              125P   5312
1.065694585906,35.368521031896,0.0,1.074713894456,                   125P   5313
35.369037921474,0.0,1.065635615808,35.368437603994,0.0,              125P   5314
1.071665913207,35.368852459016,0.0,1.065573770492,                   125P   5315
35.368554260035,0.0,1.068581756379,35.368852459016,0.0,              125P   5316
1.065573770492,35.368852459016,0.0,1.065573770492,0.0,1.0,0.0,       125P   5317
41.0,,1,127;                                                         125P   5318
406,1,34HSurf_HRCRMCDIOI, Tail, 1, 4, upper;                         127P   5319
128,1,123,1,3,0,0,1,0,0,0.0,0.0,1.0,1.0,0.0,0.0,0.0,0.0,1.0,1.0,     129P   5320
1.0,2.0,2.0,2.0,3.0,3.0,3.0,4.0,4.0,4.0,5.0,5.0,5.0,6.0,6.0,6.0,     129P   5321
7.0,7.0,7.0,8.0,8.0,8.0,9.0,9.0,9.0,10.0,10.0,10.0,11.0,11.0,        129P   5322
11.0,12.0,12.0,12.0,13.0,13.0,13.0,14.0,14.0,14.0,15.0,15.0,         129P   5323
15.0,16.0,16.0,16.0,17.0,17.0,17.0,18.0,18.0,18.0,19.0,19.0,         129P   5324
19.0,20.0,20.0,20.0,21.0,21.0,21.0,22.0,22.0,22.0,23.0,23.0,         129P   5325
23.0,24.0,24.0,24.0,25.0,25.0,25.0,26.0,26.0,26.0,27.0,27.0,         129P   5326
27.0,28.0,28.0,28.0,29.0,29.0,29.0,30.0,30.0,30.0,31.0,31.0,         129P   5327
31.0,32.0,32.0,32.0,33.0,33.0,33.0,34.0,34.0,34.0,35.0,35.0,         129P   5328
35.0,36.0,36.0,36.0,37.0,37.0,37.0,38.0,38.0,38.0,39.0,39.0,         129P   5329
39.0,40.0,40.0,40.0,41.0,41.0,41.0,41.0,1.0,1.0,1.0,1.0,1.0,1.0,     129P   5330
1.0,1.0,1.0,1.0,1.0,1.0,1.0,1.0,1.0,1.0,1.0,1.0,1.0,1.0,1.0,1.0,     129P   5331
1.0,1.0,1.0,1.0,1.0,1.0,1.0,1.0,1.0,1.0,1.0,1.0,1.0,1.0,1.0,1.0,     129P   5332
1.0,1.0,1.0,1.0,1.0,1.0,1.0,1.0,1.0,1.0,1.0,1.0,1.0,1.0,1.0,1.0,     129P   5333
1.0,1.0,1.0,1.0,1.0,1.0,1.0,1.0,1.0,1.0,1.0,1.0,1.0,1.0,1.0,1.0,     129P   5334
1.0,1.0,1.0,1.0,1.0,1.0,1.0,1.0,1.0,1.0,1.0,1.0,1.0,1.0,1.0,1.0,     129P   5335
1.0,1.0,1.0,1.0,1.0,1.0,1.0,1.0,1.0,1.0,1.0,1.0,1.0,1.0,1.0,1.0,     129P   5336
1.0,1.0,1.0,1.0,1.0,1.0,1.0,1.0,1.0,1.0,1.0,1.0,1.0,1.0,1.0,1.0,     129P   5337
1.0,1.0,1.0,1.0,1.0,1.0,1.0,1.0,1.0,1.0,1.0,1.0,1.0,1.0,1.0,1.0,     129P   5338
1.0,1.0,1.0,1.0,1.0,1.0,1.0,1.0,1.0,1.0,1.0,1.0,1.0,1.0,1.0,1.0,     129P   5339
1.0,1.0,1.0,1.0,1.0,1.0,1.0,1.0,1.0,1.0,1.0,1.0,1.0,1.0,1.0,1.0,     129P   5340
1.0,1.0,1.0,1.0,1.0,1.0,1.0,1.0,1.0,1.0,1.0,1.0,1.0,1.0,1.0,1.0,     129P   5341
1.0,1.0,1.0,1.0,1.0,1.0,1.0,1.0,1.0,1.0,1.0,1.0,1.0,1.0,1.0,1.0,     129P   5342
1.0,1.0,1.0,1.0,1.0,1.0,1.0,1.0,1.0,1.0,1.0,1.0,1.0,1.0,1.0,1.0,     129P   5343
1.0,1.0,1.0,1.0,1.0,1.0,1.0,1.0,1.0,1.0,1.0,1.0,1.0,1.0,1.0,1.0,     129P   5344
1.0,1.0,1.0,1.0,1.0,1.0,1.0,1.0,1.0,1.0,1.0,1.0,1.0,1.0,1.0,1.0,     129P   5345
1.0,1.0,35.368852459016,0.0,1.065573770492,40.859368711051,          129P   5346
-7.747765148668,2.272904680235,35.369150657998,0.0,                  129P   5347
1.062565784605,40.859474431422,-7.747765148668,2.271838260151,       129P   5348
35.369638238955,0.0,1.05960531841,40.859647293312,                   129P   5349
-7.747765148668,2.270788687206,35.370307944937,0.0,                  129P   5350
1.056675277357,40.859884723917,-7.747765148668,2.269749900874,       129P   5351
35.370977650918,0.0,1.053745236303,40.860122154522,                  129P   5352
-7.747765148668,2.268711114543,35.371831682672,0.0,                  129P   5353
1.050855403222,40.860424934072,-7.747765148668,2.267686583128,       129P   5354
35.3728549921,0.0,1.048028868203,40.860787727571,                    129P   5355
-7.747765148668,2.266684492751,35.374901610956,0.0,                  129P   5356
1.042375798166,40.86151331457,-7.747765148668,2.264680311998,        129P   5357
35.37763161649,0.0,1.03697701407,40.862481182385,                    129P   5358
-7.747765148668,2.262766283141,35.380862702986,0.0,                  129P   5359
1.031907253166,40.863626698242,-7.747765148668,2.260968902751,       129P   5360
35.384093789482,0.0,1.026837492262,40.8647722141,                    129P   5361
-7.747765148668,2.259171522361,35.3878241416,0.0,1.022092418093,     129P   5362
40.866094734406,-7.747765148668,2.257489253034,35.391884937528,      129P   5363
0.0,1.017658096758,40.86753440683,-7.747765148668,                   129P   5364
2.255917154791,35.395945733455,0.0,1.013223775422,                   129P   5365
40.868974079254,-7.747765148668,2.254345056547,35.400334168868,      129P   5366
0.0,1.009095997719,40.870529909579,-7.747765148668,2.2528816371,     129P   5367
35.404940703552,0.0,1.005231452074,40.872163062555,                  129P   5368
-7.747765148668,2.251511541214,35.409547238236,0.0,                  129P   5369
1.001366906429,40.873796215531,-7.747765148668,2.250141445328,       129P   5370
35.414367736792,0.0,0.997761658787,40.875505225036,                  129P   5371
-7.747765148668,2.248863278263,35.419332463354,0.0,                  129P   5372
0.994370721823,40.877265367641,-7.747765148668,2.247661090681,       129P   5373
35.424297189916,0.0,0.990979784858,40.879025510246,                  129P   5374
-7.747765148668,2.246458903098,35.42940605602,0.0,                   129P   5375
0.987801721976,40.880836754588,-7.747765148668,2.245332185683,       129P   5376
35.434616484453,0.0,0.984800655319,40.882684005784,                  129P   5377
-7.747765148668,2.244268218671,35.44503734132,0.0,                   129P   5378
0.978798522006,40.886378508174,-7.747765148668,2.242140284648,       129P   5379
35.455845784233,0.0,0.973487324581,40.890210421298,                  129P   5380
-7.747765148668,2.240257307861,35.466852031022,0.0,                  129P   5381
0.968646559229,40.894112461753,-7.747765148668,2.238541113176,       129P   5382
35.472355154416,0.0,0.966226176553,40.896063481981,                  129P   5383
-7.747765148668,2.237683015833,35.477910839751,0.0,                  129P   5384
0.963926452549,40.898033136973,-7.747765148668,2.236867695564,       129P   5385
35.483507985516,0.0,0.961730873862,40.900017490916,                  129P   5386
-7.747765148668,2.236089297893,35.489105131281,0.0,                  129P   5387
0.959535295174,40.902001844859,-7.747765148668,2.235310900223,       129P   5388
35.494743737476,0.0,0.957443861802,40.904000897752,                  129P   5389
-7.747765148668,2.234569425151,35.500412702593,0.0,                  129P   5390
0.955440060389,40.906010713783,-7.747765148668,2.233859018204,       129P   5391
35.511750632826,0.0,0.951432457562,40.910030345843,                  129P   5392
-7.747765148668,2.232438204309,35.523205466487,0.0,                  129P   5393
0.947764847477,40.91409142363,-7.747765148668,2.231137927912,        129P   5394
35.534742031626,0.0,0.944371800034,40.918181477647,                  129P   5395
-7.747765148668,2.229934992102,35.557815161904,0.0,                  129P   5396
0.937585705148,40.926361585681,-7.747765148668,2.227529120483,       129P   5397
35.581182612086,0.0,0.931836266516,40.934646038838,                  129P   5398
-7.747765148668,2.225490774208,35.604691244087,0.0,                  129P   5399
0.926765377674,40.942980545131,-7.747765148668,2.223692993931,       129P   5400
35.628199876089,0.0,0.921694488832,40.951315051424,                  129P   5401
-7.747765148668,2.221895213654,35.651851146074,0.0,                  129P   5402
0.917300892038,40.959700127107,-7.747765148668,2.220337553466,       129P   5403
35.675579251632,0.0,0.913388091996,40.968112443276,                  129P   5404
-7.747765148668,2.218950349967,35.699307357189,0.0,                  129P   5405
0.909475291954,40.976524759445,-7.747765148668,2.217563146468,       129P   5406
35.723116334992,0.0,0.90605346884,40.98496574722,                    129P   5407
-7.747765148668,2.216350008831,35.746968300091,0.0,                  129P   5408
0.902986619265,40.993421975265,-7.747765148668,2.215262719826,       129P   5409
35.77082026519,0.0,0.899919769689,41.00187820331,                    129P   5410
-7.747765148668,2.214175430821,35.794720925186,0.0,                  129P   5411
0.897227713696,41.010351695137,-7.747765148668,2.213221017242,       129P   5412
35.818648756223,0.0,0.894817414092,41.018834819904,                  129P   5413
-7.747765148668,2.212366494647,35.84257658726,0.0,                   129P   5414
0.892407114489,41.027317944671,-7.747765148668,2.211511972053,       129P   5415
35.866532068952,0.0,0.890279861087,41.035810872413,                  129P   5416
-7.747765148668,2.21075779772,35.890506216608,0.0,                   129P   5417
0.888388808742,41.044310417793,-7.747765148668,2.210087363656,       129P   5418
35.902493290436,0.0,0.88744328257,41.048560190483,                   129P   5419
-7.747765148668,2.209752146625,35.914485875247,0.0,                  129P   5420
0.886561368056,41.05281191698,-7.747765148668,2.20943948181,         129P   5421
35.926481169926,0.0,0.885726801248,41.057064604205,                  129P   5422
-7.747765148668,2.20914360316,35.938476464605,0.0,0.88489223444,     129P   5423
41.06131729143,-7.747765148668,2.208847724509,35.950475007284,       129P   5424
0.0,0.884108572927,41.065571130167,-7.747765148668,                  129P   5425
2.208569893293,35.962477348079,0.0,0.883378551099,                   129P   5426
41.069826315449,-7.747765148668,2.208311078935,35.986482029671,      129P   5427
0.0,0.881918507444,41.078336686013,-7.747765148668,                  129P   5428
2.207793450217,36.010496947675,0.0,0.880642188362,                   129P   5429
41.086850685689,-7.747765148668,2.207340957302,36.034520559123,      129P   5430
0.0,0.879537981414,41.095367767448,-7.747765148668,                  129P   5431
2.206949483236,36.082567782018,0.0,0.877329567519,                   129P   5432
41.112401930965,-7.747765148668,2.206166535104,36.130641346354,      129P   5433
0.0,0.875749803055,41.129445433304,-7.747765148668,                  129P   5434
2.205606461814,36.178726768752,0.0,0.874662873914,                   129P   5435
41.146493139677,-7.747765148668,2.205221113243,36.274897613547,      129P   5436
0.0,0.872489015633,41.180588552422,-7.747765148668,                  129P   5437
2.204450416099,36.371102616487,0.0,0.872179993453,                   129P   5438
41.214696075241,-7.747765148668,2.204340858585,36.467293518348,      129P   5439
0.0,0.872926339755,41.248798598811,-7.747765148668,                  129P   5440
2.204605460453,36.491341243813,0.0,0.873112926331,                   129P   5441
41.257324229703,-7.747765148668,2.20467161092,36.515388482892,       129P   5442
0.0,0.873373328196,41.265849688157,-7.747765148668,                  129P   5443
2.204763931094,36.539434992055,0.0,0.873695041024,                   129P   5444
41.274374887834,-7.747765148668,2.204877987819,36.563481501218,      129P   5445
0.0,0.874016753852,41.282900087511,-7.747765148668,                  129P   5446
2.204992044545,36.587526985954,0.0,0.874390007379,                   129P   5447
41.291424923998,-7.747765148668,2.205124373974,36.611571648487,      129P   5448
0.0,0.874824848651,41.299949468991,-7.747765148668,                  129P   5449
2.205278538084,36.659660973553,0.0,0.875694531196,                   129P   5450
41.316998558975,-7.747765148668,2.205586866304,36.707746350509,      129P   5451
0.0,0.876767975264,41.334046249237,-7.747765148668,                  129P   5452
2.205967434017,36.755827564175,0.0,0.878007508845,                   129P   5453
41.35109246349,-7.747765148668,2.206406885383,36.779868171008,       129P   5454
0.0,0.878627275635,41.359615570616,-7.747765148668,                  129P   5455
2.206626611065,36.80390777677,0.0,0.879279048023,                    129P   5456
41.368138322833,-7.747765148668,2.20685768368,36.827946316497,       129P   5457
0.0,0.879972475663,41.376660697109,-7.747765148668,                  129P   5458
2.207103524316,36.851984856223,0.0,0.880665903303,                   129P   5459
41.385183071385,-7.747765148668,2.207349364951,36.876022376476,      129P   5460
0.0,0.881397291335,41.393705084227,-7.747765148668,                  129P   5461
2.20760866367,36.900059061184,0.0,0.882151274345,                    129P   5462
41.402226800844,-7.747765148668,2.207875972977,36.924095745892,      129P   5463
0.0,0.882905257356,41.410748517461,-7.747765148668,                  129P   5464
2.208143282285,36.948131415579,0.0,0.883691671413,                   129P   5465
41.419269874223,-7.747765148668,2.208422089359,36.972166266932,      129P   5466
0.0,0.8845025488,41.427790940861,-7.747765148668,2.208709569409,     129P   5467
36.996201118286,0.0,0.885313426187,41.436312007499,                  129P   5468
-7.747765148668,2.208997049458,37.020235151305,0.0,                  129P   5469
0.886148766905,41.444832784014,-7.747765148668,2.209293202482,       129P   5470
37.044268562679,0.0,0.887000603238,41.453353340137,                  129P   5471
-7.747765148668,2.209595203691,37.068301974053,0.0,                  129P   5472
0.887852439571,41.46187389626,-7.747765148668,2.2098972049,          129P   5473
37.092334539854,0.0,0.888728011547,41.470394152603,                  129P   5474
-7.747765148668,2.210207621097,37.116366421881,0.0,                  129P   5475
0.889622445431,41.478914166527,-7.747765148668,2.210524724399,       129P   5476
37.140398303908,0.0,0.890516879314,41.487434180451,                  129P   5477
-7.747765148668,2.210841827701,37.16442950216,0.0,                   129P   5478
0.891430175106,41.495953951956,-7.747765148668,2.211165618108,       129P   5479
37.188460178434,0.0,0.892357459071,41.504473538406,                  129P   5480
-7.747765148668,2.211494367736,37.212490854708,0.0,                  129P   5481
0.893284743035,41.512993124855,-7.747765148668,2.211823117365,       129P   5482
37.2365209443,0.0,0.89422846515,41.521512503308,-7.747765148668,     129P   5483
2.212157694805,37.260549396729,0.0,0.895210239665,                   129P   5484
41.530031301338,-7.747765148668,2.212505762947,37.284577849159,      129P   5485
0.0,0.89619201418,41.538550099368,-7.747765148668,                   129P   5486
2.212853831089,37.308604447213,0.0,0.89721678857,                    129P   5487
41.547068239968,-7.747765148668,2.213217143961,37.332629734038,      129P   5488
0.0,0.898274546395,41.555585915697,-7.747765148668,                  129P   5489
2.213592150438,37.356655020863,0.0,0.89933230422,                    129P   5490
41.564103591427,-7.747765148668,2.213967156914,37.380678871267,      129P   5491
0.0,0.900421856348,41.572620757903,-7.747765148668,                  129P   5492
2.214353435412,37.404701328524,0.0,0.901541165319,                   129P   5493
41.581137430467,-7.747765148668,2.214750263593,37.428723785781,      129P   5494
0.0,0.90266047429,41.589654103031,-7.747765148668,                   129P   5495
2.215147091773,37.452744849892,0.0,0.903809540104,                   129P   5496
41.598170281684,-7.747765148668,2.215554469636,37.476764564132,      129P   5497
0.0,0.904986325301,41.606685981767,-7.747765148668,                  129P   5498
2.215971674841,37.524803992611,0.0,0.907339895695,                   129P   5499
41.623717381934,-7.747765148668,2.21680608525,37.572838021606,       129P   5500
0.0,0.90980434362,41.640746867823,-7.747765148668,                   129P   5501
2.217679805029,37.62086699732,0.0,0.9123633694,41.657774562174,      129P   5502
-7.747765148668,2.218587055457,37.716924948746,0.0,                  129P   5503
0.917481420958,41.691829950877,-7.747765148668,2.220401556315,       129P   5504
37.812963495193,0.0,0.922951006025,41.725878459939,                  129P   5505
-7.747765148668,2.222340686212,37.9089872119,0.0,0.928673247939,     129P   5506
41.75992171142,-7.747765148668,2.224369390445,38.005010928607,       129P   5507
0.0,0.934395489853,41.793964962901,-7.747765148668,                  129P   5508
2.226398094677,38.101019815574,0.0,0.940370388613,                   129P   5509
41.828002956799,-7.747765148668,2.228516373245,38.197018448042,      129P   5510
0.0,0.946499067559,41.862037315174,-7.747765148668,                  129P   5511
2.230689171443,38.29301708051,0.0,0.952627746505,                    129P   5512
41.896071673549,-7.747765148668,2.23286196964,38.389005470388,       129P   5513
0.0,0.958915886132,41.930102400623,-7.747765148668,                  129P   5514
2.235091301372,38.484987360221,0.0,0.965301119464,                   129P   5515
41.964130823238,-7.747765148668,2.237355055698,38.580969250054,      129P   5516
0.0,0.971686352795,41.998159245853,-7.747765148668,                  129P   5517
2.239618810024,38.676944431291,0.0,0.9781723256,42.032185290072,     129P   5518
-7.747765148668,2.241918279476,38.772915552072,0.0,                  129P   5519
0.984717507419,42.066209894739,-7.747765148668,2.244238740278,       129P   5520
38.964857793634,0.0,0.997807871057,42.134259104073,                  129P   5521
-7.747765148668,2.248879661881,39.15678499051,0.0,1.01111822155,     129P   5522
42.202302979621,-7.747765148668,2.25359857534,39.348701965831,       129P   5523
0.0,1.02457387924,42.270343231324,-7.747765148668,                   129P   5524
2.258369004504,39.540618941151,0.0,1.038029536929,                   129P   5525
42.338383483027,-7.747765148668,2.263139433667,39.732525691703,      129P   5526
0.0,1.051632678957,42.406420109747,-7.747765148668,                  129P   5527
2.267962150396,39.924408014572,0.0,1.065573770492,                   129P   5528
42.47444807613,-7.747765148668,2.272904680235,0.0,1.0,0.0,41.0,,     129P   5529
1,131;                                                               129P   5530
406,1,34HSurf_HRCRMCDIOI, Tail, 1, 7, lower;                         131P   5531
128,1,123,1,3,0,0,1,0,0,0.0,0.0,1.0,1.0,0.0,0.0,0.0,0.0,1.0,1.0,     133P   5532
1.0,2.0,2.0,2.0,3.0,3.0,3.0,4.0,4.0,4.0,5.0,5.0,5.0,6.0,6.0,6.0,     133P   5533
7.0,7.0,7.0,8.0,8.0,8.0,9.0,9.0,9.0,10.0,10.0,10.0,11.0,11.0,        133P   5534
11.0,12.0,12.0,12.0,13.0,13.0,13.0,14.0,14.0,14.0,15.0,15.0,         133P   5535
15.0,16.0,16.0,16.0,17.0,17.0,17.0,18.0,18.0,18.0,19.0,19.0,         133P   5536
19.0,20.0,20.0,20.0,21.0,21.0,21.0,22.0,22.0,22.0,23.0,23.0,         133P   5537
23.0,24.0,24.0,24.0,25.0,25.0,25.0,26.0,26.0,26.0,27.0,27.0,         133P   5538
27.0,28.0,28.0,28.0,29.0,29.0,29.0,30.0,30.0,30.0,31.0,31.0,         133P   5539
31.0,32.0,32.0,32.0,33.0,33.0,33.0,34.0,34.0,34.0,35.0,35.0,         133P   5540
35.0,36.0,36.0,36.0,37.0,37.0,37.0,38.0,38.0,38.0,39.0,39.0,         133P   5541
39.0,40.0,40.0,40.0,41.0,41.0,41.0,41.0,1.0,1.0,1.0,1.0,1.0,1.0,     133P   5542
1.0,1.0,1.0,1.0,1.0,1.0,1.0,1.0,1.0,1.0,1.0,1.0,1.0,1.0,1.0,1.0,     133P   5543
1.0,1.0,1.0,1.0,1.0,1.0,1.0,1.0,1.0,1.0,1.0,1.0,1.0,1.0,1.0,1.0,     133P   5544
1.0,1.0,1.0,1.0,1.0,1.0,1.0,1.0,1.0,1.0,1.0,1.0,1.0,1.0,1.0,1.0,     133P   5545
1.0,1.0,1.0,1.0,1.0,1.0,1.0,1.0,1.0,1.0,1.0,1.0,1.0,1.0,1.0,1.0,     133P   5546
1.0,1.0,1.0,1.0,1.0,1.0,1.0,1.0,1.0,1.0,1.0,1.0,1.0,1.0,1.0,1.0,     133P   5547
1.0,1.0,1.0,1.0,1.0,1.0,1.0,1.0,1.0,1.0,1.0,1.0,1.0,1.0,1.0,1.0,     133P   5548
1.0,1.0,1.0,1.0,1.0,1.0,1.0,1.0,1.0,1.0,1.0,1.0,1.0,1.0,1.0,1.0,     133P   5549
1.0,1.0,1.0,1.0,1.0,1.0,1.0,1.0,1.0,1.0,1.0,1.0,1.0,1.0,1.0,1.0,     133P   5550
1.0,1.0,1.0,1.0,1.0,1.0,1.0,1.0,1.0,1.0,1.0,1.0,1.0,1.0,1.0,1.0,     133P   5551
1.0,1.0,1.0,1.0,1.0,1.0,1.0,1.0,1.0,1.0,1.0,1.0,1.0,1.0,1.0,1.0,     133P   5552
1.0,1.0,1.0,1.0,1.0,1.0,1.0,1.0,1.0,1.0,1.0,1.0,1.0,1.0,1.0,1.0,     133P   5553
1.0,1.0,1.0,1.0,1.0,1.0,1.0,1.0,1.0,1.0,1.0,1.0,1.0,1.0,1.0,1.0,     133P   5554
1.0,1.0,1.0,1.0,1.0,1.0,1.0,1.0,1.0,1.0,1.0,1.0,1.0,1.0,1.0,1.0,     133P   5555
1.0,1.0,1.0,1.0,1.0,1.0,1.0,1.0,1.0,1.0,1.0,1.0,1.0,1.0,1.0,1.0,     133P   5556
1.0,1.0,1.0,1.0,1.0,1.0,1.0,1.0,1.0,1.0,1.0,1.0,1.0,1.0,1.0,1.0,     133P   5557
1.0,1.0,39.924408014572,0.0,1.065573770492,42.47444807613,           133P   5558
-7.747765148668,2.272904680235,39.733366403255,0.0,                  133P   5559
1.105427506818,42.406718166892,-7.747765148668,2.2870340101,         133P   5560
39.541684814275,0.0,1.14220500686,42.338761366618,                   133P   5561
-7.747765148668,2.300072723094,39.349494777378,0.0,                  133P   5562
1.17609172939,42.270624306498,-7.747765148668,2.312086569844,        133P   5563
39.15730474048,0.0,1.209978451919,42.202487246378,                   133P   5564
-7.747765148668,2.324100416595,38.964605504419,0.0,                  133P   5565
1.240976155211,42.134169660074,-7.747765148668,2.335090020462,       133P   5566
38.771473016983,0.0,1.269000203778,42.065698473327,                  133P   5567
-7.747765148668,2.34502537566,38.674906773265,0.0,                   133P   5568
1.283012228062,42.031462879953,-7.747765148668,2.349993053258,       133P   5569
38.578231655283,0.0,1.29627720261,41.997188687428,                   133P   5570
-7.747765148668,2.354695879601,38.481455221567,0.0,                  133P   5571
1.308748054834,41.962878575475,-7.747765148668,2.35911716606,        133P   5572
38.384678787852,0.0,1.321218907058,41.928568463522,                  133P   5573
-7.747765148668,2.363538452519,38.287799856223,0.0,                  133P   5574
1.332904271176,41.894222013023,-7.747765148668,2.367681260181,       133P   5575
38.190825440929,0.0,1.343738700234,41.859841710736,                  133P   5576
-7.747765148668,2.371522386163,38.093851025634,0.0,                  133P   5577
1.354573129292,41.82546140845,-7.747765148668,2.375363512144,        133P   5578
37.99678156039,0.0,1.364549031713,41.791047408141,                   133P   5579
-7.747765148668,2.378900265006,37.899623345025,0.0,                  133P   5580
1.373592146729,41.756601943286,-7.747765148668,2.382106317106,       133P   5581
37.802465129659,0.0,1.382635261744,41.722156478431,                  133P   5582
-7.747765148668,2.385312369207,37.705219545876,0.0,                  133P   5583
1.390727611375,41.687680038884,-7.747765148668,2.38818134682,        133P   5584
37.607895668127,0.0,1.397767252588,41.653175841807,                  133P   5585
-7.747765148668,2.390677108121,37.559233729253,0.0,                  133P   5586
1.401287073195,41.635923743269,-7.747765148668,2.391924988772,       133P   5587
37.510552816542,0.0,1.404536903149,41.618664917944,                  133P   5588
-7.747765148668,2.39307714974,37.461854213608,0.0,                   133P   5589
1.407504962276,41.601399820911,-7.747765148668,2.394129414604,       133P   5590
37.437504912141,0.0,1.408988991839,41.592767272394,                  133P   5591
-7.747765148668,2.394655547037,37.413151744982,0.0,                  133P   5592
1.410397040361,41.584133353375,-7.747765148668,2.39515474194,        133P   5593
37.388794017983,0.0,1.411736819549,41.575497817758,                  133P   5594
-7.747765148668,2.395629733341,37.364436290984,0.0,                  133P   5595
1.413076598736,41.566862282141,-7.747765148668,2.396104724743,       133P   5596
37.340074253508,0.0,1.414345091377,41.558225218332,                  133P   5597
-7.747765148668,2.396554442953,37.315708774077,0.0,                  133P   5598
1.415531677047,41.549586934248,-7.747765148668,2.396975122716,       133P   5599
37.291343294646,0.0,1.416718262717,41.540948650164,                  133P   5600
-7.747765148668,2.397395802479,37.266974470779,0.0,                  133P   5601
1.417825972597,41.532309180378,-7.747765148668,2.397788518438,       133P   5602
37.242601766305,0.0,1.418865604812,41.523668334802,                  133P   5603
-7.747765148668,2.398157098848,37.218229061831,0.0,                  133P   5604
1.419905237027,41.515027489227,-7.747765148668,2.398525679259,       133P   5605
37.193852710245,0.0,1.420864060031,41.506385350642,                  133P   5606
-7.747765148668,2.398865610411,37.16947316463,0.0,                   133P   5607
1.421701496445,41.497742079679,-7.747765148668,2.399162506422,       133P   5608
37.145093619014,0.0,1.422538932859,41.489098808716,                  133P   5609
-7.747765148668,2.399459402433,37.120709930144,0.0,                  133P   5610
1.423267976567,41.480454068846,-7.747765148668,2.399717870019,       133P   5611
37.096322968819,0.0,1.423897054732,41.471808168795,                  133P   5612
-7.747765148668,2.39994089686,37.071936007494,0.0,                   133P   5613
1.424526132896,41.463162268743,-7.747765148668,2.400163923701,       133P   5614
37.047546618687,0.0,1.425044428854,41.454515508077,                  133P   5615
-7.747765148668,2.400347674968,37.02315609745,0.0,                   133P   5616
1.425438141469,41.445868345931,-7.747765148668,2.40048725775,        133P   5617
36.998765576213,0.0,1.425831854083,41.437221183786,                  133P   5618
-7.747765148668,2.400626840533,36.974371373834,0.0,                  133P   5619
1.42611620601,41.428572716566,-7.747765148668,2.400727651712,        133P   5620
36.949976881826,0.0,1.426278685104,41.419924146664,                  133P   5621
-7.747765148668,2.400785255363,36.925582389818,0.0,                  133P   5622
1.426441164198,41.411275576762,-7.747765148668,2.400842859014,       133P   5623
36.901188947844,0.0,1.426476885248,41.402627379129,                  133P   5624
-7.747765148668,2.400855523184,36.876794465999,0.0,                  133P   5625
1.426393302927,41.39397881283,-7.747765148668,2.400825890776,        133P   5626
36.852399984154,0.0,1.426309720606,41.385330246531,                  133P   5627
-7.747765148668,2.400796258368,36.828004656777,0.0,                  133P   5628
1.426106204824,41.376681380466,-7.747765148668,2.400724105996,       133P   5629
36.803612562456,0.0,1.425768250954,41.368033660616,                  133P   5630
-7.747765148668,2.400604291339,36.779220468135,0.0,                  133P   5631
1.425430297083,41.359385940765,-7.747765148668,2.400484476683,       133P   5632
36.754831204071,0.0,1.424959224169,41.350739224324,                  133P   5633
-7.747765148668,2.400317467383,36.730443348005,0.0,                  133P   5634
1.424360158144,41.34209300706,-7.747765148668,2.400105080735,        133P   5635
36.681667635873,0.0,1.423162026096,41.324800572532,                  133P   5636
-7.747765148668,2.399680307439,36.632907076609,0.0,                  133P   5637
1.421418498296,41.307513510145,-7.747765148668,2.399062175197,       133P   5638
36.584173082917,0.0,1.419091757695,41.29023586604,                   133P   5639
-7.747765148668,2.398237276743,36.559806086071,0.0,                  133P   5640
1.417928387394,41.281597043988,-7.747765148668,2.397824827516,       133P   5641
36.535446308378,0.0,1.416617189777,41.272960781339,                  133P   5642
-7.747765148668,2.397359969128,36.511096010845,0.0,                  133P   5643
1.415150963335,41.264327879687,-7.747765148668,2.396840148429,       133P   5644
36.486745713311,0.0,1.413684736893,41.255694978035,                  133P   5645
-7.747765148668,2.396320327731,36.462404895937,0.0,                  133P   5646
1.412063481626,41.247065437381,-7.747765148668,2.395745544722,       133P   5647
36.438075819728,0.0,1.410279996026,41.238440059317,                  133P   5648
-7.747765148668,2.395113246256,36.34075951489,0.0,                   133P   5649
1.403146053627,41.203938547062,-7.747765148668,2.392584052392,       133P   5650
36.243620490723,0.0,1.393443678848,41.169499886055,                  133P   5651
-7.747765148668,2.38914427318,36.146911069818,0.0,                   133P   5652
1.380427227276,41.135213532128,-7.747765148668,2.384529555593,       133P   5653
36.098556359366,0.0,1.37391900149,41.118070355165,                   133P   5654
-7.747765148668,2.3822221968,36.050320246917,0.0,1.366552557766,     133P   5655
41.100969224706,-7.747765148668,2.379610574329,36.002249166941,      133P   5656
0.0,1.358202973406,41.083926603146,-7.747765148668,                  133P   5657
2.376650399387,35.978213626953,0.0,1.354028181226,                   133P   5658
41.075405292366,-7.747765148668,2.375170311915,35.954225323594,      133P   5659
0.0,1.349592470369,41.066900728371,-7.747765148668,                  133P   5660
2.373597721045,35.930288229839,0.0,1.344885735402,                   133P   5661
41.058414319696,-7.747765148668,2.371929044101,35.918319682961,      133P   5662
0.0,1.342532367918,41.054171115359,-7.747765148668,                  133P   5663
2.371094705629,35.906367087495,0.0,1.34010361683,                    133P   5664
41.049933566269,-7.747765148668,2.370233641437,35.894429036793,      133P   5665
0.0,1.337602672408,41.04570117373,-7.747765148668,                   133P   5666
2.369346982569,35.882490986091,0.0,1.335101727986,                   133P   5667
41.04146878119,-7.747765148668,2.368460323702,35.870566278793,       133P   5668
0.0,1.332531562195,41.037241119282,-7.747765148668,                  133P   5669
2.367549123809,35.858661391518,0.0,1.329876881881,                   133P   5670
41.033020484159,-7.747765148668,2.366607961015,35.834851616968,      133P   5671
0.0,1.324567521254,41.024579213914,-7.747765148668,                  133P   5672
2.364725635427,35.811113496898,0.0,1.318937629546,                   133P   5673
41.016163347303,-7.747765148668,2.362729672077,35.787466829317,      133P   5674
0.0,1.312942294705,41.007779903309,-7.747765148668,                  133P   5675
2.360604148314,35.763820161737,0.0,1.306946959865,                   133P   5676
40.999396459315,-7.747765148668,2.358478624551,35.740263930148,      133P   5677
0.0,1.300588038302,40.991045077558,-7.747765148668,                  133P   5678
2.356224198526,35.716838840971,0.0,1.293780321873,                   133P   5679
40.982740189671,-7.747765148668,2.35381066143,35.693413751795,       133P   5680
0.0,1.286972605445,40.974435301784,-7.747765148668,                  133P   5681
2.351397124334,35.670112685307,0.0,1.279729059385,                   133P   5682
40.966174383612,-7.747765148668,2.348829072726,35.646997499979,      133P   5683
0.0,1.271932200799,40.957979365817,-7.747765148668,                  133P   5684
2.34606485544,35.623882314651,0.0,1.264135342213,                    133P   5685
40.949784348023,-7.747765148668,2.343300638153,35.600949468144,      133P   5686
0.0,1.255789287043,40.94165397474,-7.747765148668,                   133P   5687
2.340341714413,35.578306773842,0.0,1.246711301361,                   133P   5688
40.933626469008,-7.747765148668,2.337123299629,35.555664079541,      133P   5689
0.0,1.23763331568,40.925598963275,-7.747765148668,                   133P   5690
2.333904884844,35.533303781457,0.0,1.227832041958,                   133P   5691
40.917671575366,-7.747765148668,2.330430043028,35.511457478308,      133P   5692
0.0,1.216973403683,40.909926413884,-7.747765148668,                  133P   5693
2.326580334162,35.500534326734,0.0,1.211544084545,                   133P   5694
40.906053833143,-7.747765148668,2.32465547973,35.489748504643,       133P   5695
0.0,1.205840138907,40.902229939771,-7.747765148668,                  133P   5696
2.322633262068,35.479150424321,0.0,1.199800296226,                   133P   5697
40.898472606416,-7.747765148668,2.320491958958,35.47385138416,       133P   5698
0.0,1.196780374885,40.896593939739,-7.747765148668,                  133P   5699
2.319421307402,35.468604024606,0.0,1.193671473902,                   133P   5700
40.894733595367,-7.747765148668,2.318319109928,35.463414458886,      133P   5701
0.0,1.190467043339,40.892893740622,-7.747765148668,                  133P   5702
2.317183044389,35.458224893165,0.0,1.187262612777,                   133P   5703
40.891053885876,-7.747765148668,2.31604697885,35.453096308611,       133P   5704
0.0,1.183958970872,40.889235650759,-7.747765148668,                  133P   5705
2.314875739951,35.448047833985,0.0,1.180538489585,                   133P   5706
40.887445816985,-7.747765148668,2.313663078032,35.437950884733,      133P   5707
0.0,1.173697527011,40.883866149437,-7.747765148668,                  133P   5708
2.311237754193,35.428145415107,0.0,1.166409970869,                   133P   5709
40.880389820048,-7.747765148668,2.308654099707,35.418865057726,      133P   5710
0.0,1.158492499614,40.877099658503,-7.747765148668,                  133P   5711
2.305847121657,35.414224879036,0.0,1.154533763986,                   133P   5712
40.875454577731,-7.747765148668,2.304443632632,35.40972261852,       133P   5713
0.0,1.150413859752,40.873858393035,-7.747765148668,                  133P   5714
2.302983004563,35.405403988641,0.0,1.146106841291,                   133P   5715
40.872327310839,-7.747765148668,2.301456038959,35.401085358761,      133P   5716
0.0,1.141799822829,40.870796228644,-7.747765148668,                  133P   5717
2.299929073355,35.396957167573,0.0,1.137301451789,                   133P   5718
40.869332662604,-7.747765148668,2.298334267594,35.393092272585,      133P   5719
0.0,1.132582611579,40.867962442865,-7.747765148668,                  133P   5720
2.296661298983,35.389227377596,0.0,1.127863771368,                   133P   5721
40.866592223126,-7.747765148668,2.294988330371,35.385631832021,      133P   5722
0.0,1.122920472633,40.865317495731,-7.747765148668,                  133P   5723
2.293235784566,35.382430297692,0.0,1.117730111041,                   133P   5724
40.864182456993,-7.747765148668,2.291395647659,35.379228763364,      133P   5725
0.0,1.112539749448,40.863047418254,-7.747765148668,                  133P   5726
2.289555510753,35.376417066981,0.0,1.107098757292,                   133P   5727
40.862050588613,-7.747765148668,2.28762651789,35.374177182729,       133P   5728
0.0,1.101427015063,40.861256483308,-7.747765148668,                  133P   5729
2.285615717291,35.371937298477,0.0,1.095755272833,                   133P   5730
40.860462378003,-7.747765148668,2.283604916692,35.370268673525,      133P   5731
0.0,1.089847344432,40.859870801038,-7.747765148668,2.2815103811,     133P   5732
35.369344607851,0.0,1.083819874525,40.859543192389,                  133P   5733
-7.747765148668,2.279373464505,35.368882575014,0.0,                  133P   5734
1.080806139572,40.859379388064,-7.747765148668,2.278305006207,       133P   5735
35.368604459799,0.0,1.077761875705,40.859280787984,                  133P   5736
-7.747765148668,2.277225724505,35.368521031896,0.0,                  133P   5737
1.074713894456,40.859251210321,-7.747765148668,2.276145124881,       133P   5738
35.368437603994,0.0,1.071665913207,40.859221632659,                  133P   5739
-7.747765148668,2.275064525257,35.368554260035,0.0,                  133P   5740
1.068581756379,40.859262990681,-7.747765148668,2.273971100319,       133P   5741
35.368852459016,0.0,1.065573770492,40.859368711051,                  133P   5742
-7.747765148668,2.272904680235,0.0,1.0,0.0,41.0,,1,135;              133P   5743
406,1,35HSurf_HRCRMCDIOI, Tail, 1, 10, upper;                        135P   5744
128,1,123,1,3,0,0,1,0,0,0.0,0.0,1.0,1.0,0.0,0.0,0.0,0.0,1.0,1.0,     137P   5745
1.0,2.0,2.0,2.0,3.0,3.0,3.0,4.0,4.0,4.0,5.0,5.0,5.0,6.0,6.0,6.0,     137P   5746
7.0,7.0,7.0,8.0,8.0,8.0,9.0,9.0,9.0,10.0,10.0,10.0,11.0,11.0,        137P   5747
11.0,12.0,12.0,12.0,13.0,13.0,13.0,14.0,14.0,14.0,15.0,15.0,         137P   5748
15.0,16.0,16.0,16.0,17.0,17.0,17.0,18.0,18.0,18.0,19.0,19.0,         137P   5749
19.0,20.0,20.0,20.0,21.0,21.0,21.0,22.0,22.0,22.0,23.0,23.0,         137P   5750
23.0,24.0,24.0,24.0,25.0,25.0,25.0,26.0,26.0,26.0,27.0,27.0,         137P   5751
27.0,28.0,28.0,28.0,29.0,29.0,29.0,30.0,30.0,30.0,31.0,31.0,         137P   5752
31.0,32.0,32.0,32.0,33.0,33.0,33.0,34.0,34.0,34.0,35.0,35.0,         137P   5753
35.0,36.0,36.0,36.0,37.0,37.0,37.0,38.0,38.0,38.0,39.0,39.0,         137P   5754
39.0,40.0,40.0,40.0,41.0,41.0,41.0,41.0,1.0,1.0,1.0,1.0,1.0,1.0,     137P   5755
1.0,1.0,1.0,1.0,1.0,1.0,1.0,1.0,1.0,1.0,1.0,1.0,1.0,1.0,1.0,1.0,     137P   5756
1.0,1.0,1.0,1.0,1.0,1.0,1.0,1.0,1.0,1.0,1.0,1.0,1.0,1.0,1.0,1.0,     137P   5757
1.0,1.0,1.0,1.0,1.0,1.0,1.0,1.0,1.0,1.0,1.0,1.0,1.0,1.0,1.0,1.0,     137P   5758
1.0,1.0,1.0,1.0,1.0,1.0,1.0,1.0,1.0,1.0,1.0,1.0,1.0,1.0,1.0,1.0,     137P   5759
1.0,1.0,1.0,1.0,1.0,1.0,1.0,1.0,1.0,1.0,1.0,1.0,1.0,1.0,1.0,1.0,     137P   5760
1.0,1.0,1.0,1.0,1.0,1.0,1.0,1.0,1.0,1.0,1.0,1.0,1.0,1.0,1.0,1.0,     137P   5761
1.0,1.0,1.0,1.0,1.0,1.0,1.0,1.0,1.0,1.0,1.0,1.0,1.0,1.0,1.0,1.0,     137P   5762
1.0,1.0,1.0,1.0,1.0,1.0,1.0,1.0,1.0,1.0,1.0,1.0,1.0,1.0,1.0,1.0,     137P   5763
1.0,1.0,1.0,1.0,1.0,1.0,1.0,1.0,1.0,1.0,1.0,1.0,1.0,1.0,1.0,1.0,     137P   5764
1.0,1.0,1.0,1.0,1.0,1.0,1.0,1.0,1.0,1.0,1.0,1.0,1.0,1.0,1.0,1.0,     137P   5765
1.0,1.0,1.0,1.0,1.0,1.0,1.0,1.0,1.0,1.0,1.0,1.0,1.0,1.0,1.0,1.0,     137P   5766
1.0,1.0,1.0,1.0,1.0,1.0,1.0,1.0,1.0,1.0,1.0,1.0,1.0,1.0,1.0,1.0,     137P   5767
1.0,1.0,1.0,1.0,1.0,1.0,1.0,1.0,1.0,1.0,1.0,1.0,1.0,1.0,1.0,1.0,     137P   5768
1.0,1.0,1.0,1.0,1.0,1.0,1.0,1.0,1.0,1.0,1.0,1.0,1.0,1.0,1.0,1.0,     137P   5769
1.0,1.0,1.0,1.0,1.0,1.0,1.0,1.0,1.0,1.0,1.0,1.0,1.0,1.0,1.0,1.0,     137P   5770
1.0,1.0,40.859368711051,-7.747765148668,2.272904680235,              137P   5771
40.859368711051,-7.747765148668,2.272904680235,40.859474431422,      137P   5772
-7.747765148668,2.271838260151,40.859368711051,-7.747765148668,      137P   5773
2.272904680235,40.859647293312,-7.747765148668,2.270788687206,       137P   5774
40.859434462985,-7.747765148668,2.272926606231,40.859884723917,      137P   5775
-7.747765148668,2.269749900874,40.859567967119,-7.747765148668,      137P   5776
2.272947512878,40.860122154522,-7.747765148668,2.268711114543,       137P   5777
40.859701471253,-7.747765148668,2.272968419524,40.860424934072,      137P   5778
-7.747765148668,2.267686583128,40.859902161068,-7.747765148668,      137P   5779
2.272995794667,40.860787727571,-7.747765148668,2.266684492751,       137P   5780
40.86016545998,-7.747765148668,2.273028978628,40.86151331457,        137P   5781
-7.747765148668,2.264680311998,40.860692057804,-7.747765148668,      137P   5782
2.273095346549,40.862481182385,-7.747765148668,2.262766283141,       137P   5783
40.861471780194,-7.747765148668,2.273185599917,40.863626698242,      137P   5784
-7.747765148668,2.260968902751,40.862441590775,-7.747765148668,      137P   5785
2.273292310021,40.8647722141,-7.747765148668,2.259171522361,         137P   5786
40.863411401356,-7.747765148668,2.273399020125,40.866094734406,      137P   5787
-7.747765148668,2.257489253034,40.86457107633,-7.747765148668,       137P   5788
2.273522381894,40.86753440683,-7.747765148668,2.255917154791,        137P   5789
40.865858431911,-7.747765148668,2.273656401225,40.868974079254,      137P   5790
-7.747765148668,2.254345056547,40.867145787493,-7.747765148668,      137P   5791
2.273790420556,40.870529909579,-7.747765148668,2.2528816371,         137P   5792
40.868561066352,-7.747765148668,2.273934983736,40.872163062555,      137P   5793
-7.747765148668,2.251511541214,40.87006275271,-7.747765148668,       137P   5794
2.274086420098,40.873796215531,-7.747765148668,2.250141445328,       137P   5795
40.871564439067,-7.747765148668,2.274237856461,40.875505225036,      137P   5796
-7.747765148668,2.248863278263,40.87315072684,-7.747765148668,       137P   5797
2.274396175809,40.877265367641,-7.747765148668,2.247661090681,       137P   5798
40.87479633924,-7.747765148668,2.27455856482,40.879025510246,        137P   5799
-7.747765148668,2.246458903098,40.876441951641,-7.747765148668,      137P   5800
2.274720953831,40.880836754588,-7.747765148668,2.245332185683,       137P   5801
40.878145666159,-7.747765148668,2.274887909157,40.882684005784,      137P   5802
-7.747765148668,2.244268218671,40.879891832143,-7.747765148668,      137P   5803
2.275057670164,40.886378508174,-7.747765148668,2.242140284648,       137P   5804
40.883384164111,-7.747765148668,2.275397192177,40.890210421298,      137P   5805
-7.747765148668,2.240257307861,40.887038285367,-7.747765148668,      137P   5806
2.275747531027,40.894112461753,-7.747765148668,2.238541113176,       137P   5807
40.890779139369,-7.747765148668,2.276102095604,40.896063481981,      137P   5808
-7.747765148668,2.237683015833,40.89264956637,-7.747765148668,       137P   5809
2.276279377892,40.898033136973,-7.747765148668,2.236867695564,       137P   5810
40.894543511425,-7.747765148668,2.276457337207,40.900017490916,      137P   5811
-7.747765148668,2.236089297893,40.896455615769,-7.747765148668,      137P   5812
2.276636171141,40.902001844859,-7.747765148668,2.235310900223,       137P   5813
40.898367720113,-7.747765148668,2.276815005075,40.904000897752,      137P   5814
-7.747765148668,2.234569425151,40.900297418746,-7.747765148668,      137P   5815
2.276995366277,40.906010713783,-7.747765148668,2.233859018204,       137P   5816
40.902241660099,-7.747765148668,2.277175488581,40.910030345843,      137P   5817
-7.747765148668,2.232438204309,40.906130142807,-7.747765148668,      137P   5818
2.277535733189,40.91409142363,-7.747765148668,2.231137927912,        137P   5819
40.910072628386,-7.747765148668,2.277896703821,40.918181477647,      137P   5820
-7.747765148668,2.229934992102,40.914053945765,-7.747765148668,      137P   5821
2.278257663132,40.926361585681,-7.747765148668,2.227529120483,       137P   5822
40.922016580524,-7.747765148668,2.278979581756,40.934646038838,      137P   5823
-7.747765148668,2.225490774208,40.930122501057,-7.747765148668,      137P   5824
2.279697829526,40.942980545131,-7.747765148668,2.223692993931,       137P   5825
40.938303507069,-7.747765148668,2.28040814678,40.951315051424,       137P   5826
-7.747765148668,2.221895213654,40.946484513082,-7.747765148668,      137P   5827
2.281118464033,40.959700127107,-7.747765148668,2.220337553466,       137P   5828
40.954742237565,-7.747765148668,2.28181909581,40.968112443276,       137P   5829
-7.747765148668,2.218950349967,40.963045904547,-7.747765148668,      137P   5830
2.282507602703,40.976524759445,-7.747765148668,2.217563146468,       137P   5831
40.971349571529,-7.747765148668,2.283196109597,40.98496574722,       137P   5832
-7.747765148668,2.216350008831,40.979700524502,-7.747765148668,      137P   5833
2.283873566582,40.993421975265,-7.747765148668,2.215262719826,       137P   5834
40.988081082468,-7.747765148668,2.284536690628,41.00187820331,       137P   5835
-7.747765148668,2.214175430821,40.996461640434,-7.747765148668,      137P   5836
2.285199814674,41.010351695137,-7.747765148668,2.213221017242,       137P   5837
41.004874077226,-7.747765148668,2.285849820896,41.018834819904,      137P   5838
-7.747765148668,2.212366494647,41.013307361607,-7.747765148668,      137P   5839
2.286485321481,41.027317944671,-7.747765148668,2.211511972053,       137P   5840
41.021740645987,-7.747765148668,2.287120822065,41.035810872413,      137P   5841
-7.747765148668,2.21075779772,41.030195043163,-7.747765148668,       137P   5842
2.287741716573,41.044310417793,-7.747765148668,2.210087363656,       137P   5843
41.038665450976,-7.747765148668,2.288347662336,41.048560190483,      137P   5844
-7.747765148668,2.209752146625,41.042900654883,-7.747765148668,      137P   5845
2.288650635217,41.05281191698,-7.747765148668,2.20943948181,         137P   5846
41.047140349085,-7.747765148668,2.288949902756,41.057064604205,      137P   5847
-7.747765148668,2.20914360316,41.051382888967,-7.747765148668,       137P   5848
2.289245292865,41.06131729143,-7.747765148668,2.208847724509,        137P   5849
41.05562542885,-7.747765148668,2.289540682973,41.065571130167,       137P   5850
-7.747765148668,2.208569893293,41.059871122763,-7.747765148668,      137P   5851
2.289832299461,41.069826315449,-7.747765148668,2.208311078935,       137P   5852
41.064120317573,-7.747765148668,2.290120061518,41.078336686013,      137P   5853
-7.747765148668,2.207793450217,41.072618707192,-7.747765148668,      137P   5854
2.290695585631,41.086850685689,-7.747765148668,2.207340957302,       137P   5855
41.081127989028,-7.747765148668,2.291255634609,41.095367767448,      137P   5856
-7.747765148668,2.206949483236,41.089647185297,-7.747765148668,      137P   5857
2.291799941311,41.112401930965,-7.747765148668,2.206166535104,       137P   5858
41.106685577836,-7.747765148668,2.292888554717,41.129445433304,      137P   5859
-7.747765148668,2.205606461814,41.123757894234,-7.747765148668,      137P   5860
2.293914329307,41.146493139677,-7.747765148668,2.205221113243,       137P   5861
41.140853335902,-7.747765148668,2.294875334418,41.180588552422,      137P   5862
-7.747765148668,2.204450416099,41.175044219239,-7.747765148668,      137P   5863
2.29679734464,41.214696075241,-7.747765148668,2.204340858585,        137P   5864
41.209317311152,-7.747765148668,2.298462455488,41.248798598811,      137P   5865
-7.747765148668,2.204605460453,41.243619329064,-7.747765148668,      137P   5866
2.299859353355,41.257324229703,-7.747765148668,2.20467161092,        137P   5867
41.252194833542,-7.747765148668,2.300208577821,41.265849688157,      137P   5868
-7.747765148668,2.204763931094,41.260772333096,-7.747765148668,      137P   5869
2.300542129412,41.274374887834,-7.747765148668,2.204877987819,       137P   5870
41.26935138376,-7.747765148668,2.300859068124,41.282900087511,       137P   5871
-7.747765148668,2.204992044545,41.277930434425,-7.747765148668,      137P   5872
2.301176006836,41.291424923998,-7.747765148668,2.205124373974,       137P   5873
41.286510983993,-7.747765148668,2.301474600745,41.299949468991,      137P   5874
-7.747765148668,2.205278538084,41.295092667515,-7.747765148668,      137P   5875
2.301757907414,41.316998558975,-7.747765148668,2.205586866304,       137P   5876
41.31225603456,-7.747765148668,2.30232452075,41.334046249237,        137P   5877
-7.747765148668,2.205967434017,41.329423410885,-7.747765148668,      137P   5878
2.302823870728,41.35109246349,-7.747765148668,2.206406885383,        137P   5879
41.346592735275,-7.747765148668,2.303255983059,41.359615570616,      137P   5880
-7.747765148668,2.206626611065,41.35517739747,-7.747765148668,       137P   5881
2.303472039224,41.368138322833,-7.747765148668,2.20685768368,        137P   5882
41.363762131799,-7.747765148668,2.303671080182,41.376660697109,      137P   5883
-7.747765148668,2.207103524316,41.372347178862,-7.747765148668,      137P   5884
2.303853907828,41.385183071385,-7.747765148668,2.207349364951,       137P   5885
41.380932225926,-7.747765148668,2.304036735473,41.393705084227,      137P   5886
-7.747765148668,2.20760866367,41.389517665379,-7.747765148668,       137P   5887
2.304202461019,41.402226800844,-7.747765148668,2.207875972977,       137P   5888
41.398102806837,-7.747765148668,2.304350931877,41.410748517461,      137P   5889
-7.747765148668,2.208143282285,41.406687948295,-7.747765148668,      137P   5890
2.304499402735,41.419269874223,-7.747765148668,2.208422089359,       137P   5891
41.415272725492,-7.747765148668,2.304632474187,41.427790940861,      137P   5892
-7.747765148668,2.208709569409,41.423857543762,-7.747765148668,      137P   5893
2.304747412386,41.436312007499,-7.747765148668,2.208997049458,       137P   5894
41.432442362032,-7.747765148668,2.304862350585,41.444832784014,      137P   5895
-7.747765148668,2.209293202482,41.4410269839,-7.747765148668,        137P   5896
2.304960021508,41.453353340137,-7.747765148668,2.209595203691,       137P   5897
41.449610843034,-7.747765148668,2.305041230721,41.46187389626,       137P   5898
-7.747765148668,2.2098972049,41.458194702169,-7.747765148668,        137P   5899
2.305122439934,41.470394152603,-7.747765148668,2.210207621097,       137P   5900
41.466778210673,-7.747765148668,2.305185772399,41.478914166527,      137P   5901
-7.747765148668,2.210524724399,41.475361167661,-7.747765148668,      137P   5902
2.305232810629,41.487434180451,-7.747765148668,2.210841827701,       137P   5903
41.483944124649,-7.747765148668,2.30527984886,41.495953951956,       137P   5904
-7.747765148668,2.211165618108,41.492526380336,-7.747765148668,      137P   5905
2.30531251027,41.504473538406,-7.747765148668,2.211494367736,        137P   5906
41.501107809042,-7.747765148668,2.305328437079,41.512993124855,      137P   5907
-7.747765148668,2.211823117365,41.509689237748,-7.747765148668,      137P   5908
2.305344363888,41.521512503308,-7.747765148668,2.212157694805,       137P   5909
41.518269996267,-7.747765148668,2.305341687032,41.530031301338,      137P   5910
-7.747765148668,2.212505762947,41.52684981807,-7.747765148668,       137P   5911
2.305331430898,41.538550099368,-7.747765148668,2.212853831089,       137P   5912
41.535429639873,-7.747765148668,2.305321174764,41.547068239968,      137P   5913
-7.747765148668,2.213217143961,41.544008445066,-7.747765148668,      137P   5914
2.30530647322,41.555585915697,-7.747765148668,2.213592150438,        137P   5915
41.552586424973,-7.747765148668,2.305283636577,41.564103591427,      137P   5916
-7.747765148668,2.213967156914,41.561164404879,-7.747765148668,      137P   5917
2.305260799933,41.572620757903,-7.747765148668,2.214353435412,       137P   5918
41.569741520022,-7.747765148668,2.305229080078,41.581137430467,      137P   5919
-7.747765148668,2.214750263593,41.578317624112,-7.747765148668,      137P   5920
2.305189998467,41.589654103031,-7.747765148668,2.215147091773,       137P   5921
41.586893728203,-7.747765148668,2.305150916856,41.598170281684,      137P   5922
-7.747765148668,2.215554469636,41.595468777039,-7.747765148668,      137P   5923
2.305105008336,41.606685981767,-7.747765148668,2.215971674841,       137P   5924
41.604042901339,-7.747765148668,2.305050544722,41.623717381934,      137P   5925
-7.747765148668,2.21680608525,41.621191149939,-7.747765148668,       137P   5926
2.304941617495,41.640746867823,-7.747765148668,2.217679805029,       137P   5927
41.638335305546,-7.747765148668,2.3048023969,41.657774562174,        137P   5928
-7.747765148668,2.218587055457,41.655475201991,-7.747765148668,      137P   5929
2.304632081789,41.691829950877,-7.747765148668,2.220401556315,       137P   5930
41.68975499488,-7.747765148668,2.304291451567,41.725878459939,       137P   5931
-7.747765148668,2.222340686212,41.724017469185,-7.747765148668,      137P   5932
2.30382652771,41.75992171142,-7.747765148668,2.224369390445,         137P   5933
41.758261827353,-7.747765148668,2.303237853776,41.793964962901,      137P   5934
-7.747765148668,2.226398094677,41.792506185521,-7.747765148668,      137P   5935
2.302649179842,41.828002956799,-7.747765148668,2.228516373245,       137P   5936
41.826732182625,-7.747765148668,2.301939942695,41.862037315174,      137P   5937
-7.747765148668,2.230689171443,41.860939512955,-7.747765148668,      137P   5938
2.301105778803,41.896071673549,-7.747765148668,2.23286196964,        137P   5939
41.895146843286,-7.747765148668,2.300271614911,41.930102400623,      137P   5940
-7.747765148668,2.235091301372,41.929335432072,-7.747765148668,      137P   5941
2.299314876946,41.964130823238,-7.747765148668,2.237355055698,       137P   5942
41.963504699356,-7.747765148668,2.298236110879,41.998159245853,      137P   5943
-7.747765148668,2.239618810024,41.99767396664,-7.747765148668,       137P   5944
2.297157344812,42.032185290072,-7.747765148668,2.241918279476,       137P   5945
42.031824085012,-7.747765148668,2.295955666367,42.066209894739,      137P   5946
-7.747765148668,2.244238740278,42.065954184033,-7.747765148668,      137P   5947
2.294632057969,42.134259104073,-7.747765148668,2.248879661881,       137P   5948
42.134214382074,-7.747765148668,2.291984841172,42.202302979621,      137P   5949
-7.747765148668,2.25359857534,42.202395113,-7.747765148668,          137P   5950
2.288849495967,42.270343231324,-7.747765148668,2.258369004504,       137P   5951
42.270483768911,-7.747765148668,2.285227787174,42.338383483027,      137P   5952
-7.747765148668,2.263139433667,42.338572424822,-7.747765148668,      137P   5953
2.28160607838,42.406420109747,-7.747765148668,2.267962150396,        137P   5954
42.40656913832,-7.747765148668,2.277498080248,42.47444807613,        137P   5955
-7.747765148668,2.272904680235,42.47444807613,-7.747765148668,       137P   5956
2.272904680235,0.0,1.0,0.0,41.0,,1,139;                              137P   5957
406,1,35HSurf_HRCRMCDIOI, Tail, 1, 13, lower;                        139P   5958
128,1,123,1,3,0,0,1,0,0,0.0,0.0,1.0,1.0,0.0,0.0,0.0,0.0,1.0,1.0,     141P   5959
1.0,2.0,2.0,2.0,3.0,3.0,3.0,4.0,4.0,4.0,5.0,5.0,5.0,6.0,6.0,6.0,     141P   5960
7.0,7.0,7.0,8.0,8.0,8.0,9.0,9.0,9.0,10.0,10.0,10.0,11.0,11.0,        141P   5961
11.0,12.0,12.0,12.0,13.0,13.0,13.0,14.0,14.0,14.0,15.0,15.0,         141P   5962
15.0,16.0,16.0,16.0,17.0,17.0,17.0,18.0,18.0,18.0,19.0,19.0,         141P   5963
19.0,20.0,20.0,20.0,21.0,21.0,21.0,22.0,22.0,22.0,23.0,23.0,         141P   5964
23.0,24.0,24.0,24.0,25.0,25.0,25.0,26.0,26.0,26.0,27.0,27.0,         141P   5965
27.0,28.0,28.0,28.0,29.0,29.0,29.0,30.0,30.0,30.0,31.0,31.0,         141P   5966
31.0,32.0,32.0,32.0,33.0,33.0,33.0,34.0,34.0,34.0,35.0,35.0,         141P   5967
35.0,36.0,36.0,36.0,37.0,37.0,37.0,38.0,38.0,38.0,39.0,39.0,         141P   5968
39.0,40.0,40.0,40.0,41.0,41.0,41.0,41.0,1.0,1.0,1.0,1.0,1.0,1.0,     141P   5969
1.0,1.0,1.0,1.0,1.0,1.0,1.0,1.0,1.0,1.0,1.0,1.0,1.0,1.0,1.0,1.0,     141P   5970
1.0,1.0,1.0,1.0,1.0,1.0,1.0,1.0,1.0,1.0,1.0,1.0,1.0,1.0,1.0,1.0,     141P   5971
1.0,1.0,1.0,1.0,1.0,1.0,1.0,1.0,1.0,1.0,1.0,1.0,1.0,1.0,1.0,1.0,     141P   5972
1.0,1.0,1.0,1.0,1.0,1.0,1.0,1.0,1.0,1.0,1.0,1.0,1.0,1.0,1.0,1.0,     141P   5973
1.0,1.0,1.0,1.0,1.0,1.0,1.0,1.0,1.0,1.0,1.0,1.0,1.0,1.0,1.0,1.0,     141P   5974
1.0,1.0,1.0,1.0,1.0,1.0,1.0,1.0,1.0,1.0,1.0,1.0,1.0,1.0,1.0,1.0,     141P   5975
1.0,1.0,1.0,1.0,1.0,1.0,1.0,1.0,1.0,1.0,1.0,1.0,1.0,1.0,1.0,1.0,     141P   5976
1.0,1.0,1.0,1.0,1.0,1.0,1.0,1.0,1.0,1.0,1.0,1.0,1.0,1.0,1.0,1.0,     141P   5977
1.0,1.0,1.0,1.0,1.0,1.0,1.0,1.0,1.0,1.0,1.0,1.0,1.0,1.0,1.0,1.0,     141P   5978
1.0,1.0,1.0,1.0,1.0,1.0,1.0,1.0,1.0,1.0,1.0,1.0,1.0,1.0,1.0,1.0,     141P   5979
1.0,1.0,1.0,1.0,1.0,1.0,1.0,1.0,1.0,1.0,1.0,1.0,1.0,1.0,1.0,1.0,     141P   5980
1.0,1.0,1.0,1.0,1.0,1.0,1.0,1.0,1.0,1.0,1.0,1.0,1.0,1.0,1.0,1.0,     141P   5981
1.0,1.0,1.0,1.0,1.0,1.0,1.0,1.0,1.0,1.0,1.0,1.0,1.0,1.0,1.0,1.0,     141P   5982
1.0,1.0,1.0,1.0,1.0,1.0,1.0,1.0,1.0,1.0,1.0,1.0,1.0,1.0,1.0,1.0,     141P   5983
1.0,1.0,1.0,1.0,1.0,1.0,1.0,1.0,1.0,1.0,1.0,1.0,1.0,1.0,1.0,1.0,     141P   5984
1.0,1.0,42.47444807613,-7.747765148668,2.272904680235,               141P   5985
42.47444807613,-7.747765148668,2.272904680235,42.406718166892,       141P   5986
-7.747765148668,2.2870340101,42.40656913832,-7.747765148668,         141P   5987
2.277498080248,42.338761366618,-7.747765148668,2.300072723094,       141P   5988
42.338572424822,-7.747765148668,2.28160607838,42.270624306498,       141P   5989
-7.747765148668,2.312086569844,42.270483768911,-7.747765148668,      141P   5990
2.285227787174,42.202487246378,-7.747765148668,2.324100416595,       141P   5991
42.202395113,-7.747765148668,2.288849495967,42.134169660074,         141P   5992
-7.747765148668,2.335090020462,42.134214382074,-7.747765148668,      141P   5993
2.291984841172,42.065698473327,-7.747765148668,2.34502537566,        141P   5994
42.065954184033,-7.747765148668,2.294632057969,42.031462879953,      141P   5995
-7.747765148668,2.349993053258,42.031824085012,-7.747765148668,      141P   5996
2.295955666367,41.997188687428,-7.747765148668,2.354695879601,       141P   5997
41.99767396664,-7.747765148668,2.297157344812,41.962878575475,       141P   5998
-7.747765148668,2.35911716606,41.963504699356,-7.747765148668,       141P   5999
2.298236110879,41.928568463522,-7.747765148668,2.363538452519,       141P   6000
41.929335432072,-7.747765148668,2.299314876946,41.894222013023,      141P   6001
-7.747765148668,2.367681260181,41.895146843286,-7.747765148668,      141P   6002
2.300271614911,41.859841710736,-7.747765148668,2.371522386163,       141P   6003
41.860939512955,-7.747765148668,2.301105778803,41.82546140845,       141P   6004
-7.747765148668,2.375363512144,41.826732182625,-7.747765148668,      141P   6005
2.301939942695,41.791047408141,-7.747765148668,2.378900265006,       141P   6006
41.792506185521,-7.747765148668,2.302649179842,41.756601943286,      141P   6007
-7.747765148668,2.382106317106,41.758261827353,-7.747765148668,      141P   6008
2.303237853776,41.722156478431,-7.747765148668,2.385312369207,       141P   6009
41.724017469185,-7.747765148668,2.30382652771,41.687680038884,       141P   6010
-7.747765148668,2.38818134682,41.68975499488,-7.747765148668,        141P   6011
2.304291451567,41.653175841807,-7.747765148668,2.390677108121,       141P   6012
41.655475201991,-7.747765148668,2.304632081789,41.635923743269,      141P   6013
-7.747765148668,2.391924988772,41.638335305546,-7.747765148668,      141P   6014
2.3048023969,41.618664917944,-7.747765148668,2.39307714974,          141P   6015
41.621191149939,-7.747765148668,2.304941617495,41.601399820911,      141P   6016
-7.747765148668,2.394129414604,41.604042901339,-7.747765148668,      141P   6017
2.305050544722,41.592767272394,-7.747765148668,2.394655547037,       141P   6018
41.595468777039,-7.747765148668,2.305105008336,41.584133353375,      141P   6019
-7.747765148668,2.39515474194,41.586893728203,-7.747765148668,       141P   6020
2.305150916856,41.575497817758,-7.747765148668,2.395629733341,       141P   6021
41.578317624112,-7.747765148668,2.305189998467,41.566862282141,      141P   6022
-7.747765148668,2.396104724743,41.569741520022,-7.747765148668,      141P   6023
2.305229080078,41.558225218332,-7.747765148668,2.396554442953,       141P   6024
41.561164404879,-7.747765148668,2.305260799933,41.549586934248,      141P   6025
-7.747765148668,2.396975122716,41.552586424973,-7.747765148668,      141P   6026
2.305283636577,41.540948650164,-7.747765148668,2.397395802479,       141P   6027
41.544008445066,-7.747765148668,2.30530647322,41.532309180378,       141P   6028
-7.747765148668,2.397788518438,41.535429639873,-7.747765148668,      141P   6029
2.305321174764,41.523668334802,-7.747765148668,2.398157098848,       141P   6030
41.52684981807,-7.747765148668,2.305331430898,41.515027489227,       141P   6031
-7.747765148668,2.398525679259,41.518269996267,-7.747765148668,      141P   6032
2.305341687032,41.506385350642,-7.747765148668,2.398865610411,       141P   6033
41.509689237748,-7.747765148668,2.305344363888,41.497742079679,      141P   6034
-7.747765148668,2.399162506422,41.501107809042,-7.747765148668,      141P   6035
2.305328437079,41.489098808716,-7.747765148668,2.399459402433,       141P   6036
41.492526380336,-7.747765148668,2.30531251027,41.480454068846,       141P   6037
-7.747765148668,2.399717870019,41.483944124649,-7.747765148668,      141P   6038
2.30527984886,41.471808168795,-7.747765148668,2.39994089686,         141P   6039
41.475361167661,-7.747765148668,2.305232810629,41.463162268743,      141P   6040
-7.747765148668,2.400163923701,41.466778210673,-7.747765148668,      141P   6041
2.305185772399,41.454515508077,-7.747765148668,2.400347674968,       141P   6042
41.458194702169,-7.747765148668,2.305122439934,41.445868345931,      141P   6043
-7.747765148668,2.40048725775,41.449610843034,-7.747765148668,       141P   6044
2.305041230721,41.437221183786,-7.747765148668,2.400626840533,       141P   6045
41.4410269839,-7.747765148668,2.304960021508,41.428572716566,        141P   6046
-7.747765148668,2.400727651712,41.432442362032,-7.747765148668,      141P   6047
2.304862350585,41.419924146664,-7.747765148668,2.400785255363,       141P   6048
41.423857543762,-7.747765148668,2.304747412386,41.411275576762,      141P   6049
-7.747765148668,2.400842859014,41.415272725492,-7.747765148668,      141P   6050
2.304632474187,41.402627379129,-7.747765148668,2.400855523184,       141P   6051
41.406687948295,-7.747765148668,2.304499402735,41.39397881283,       141P   6052
-7.747765148668,2.400825890776,41.398102806837,-7.747765148668,      141P   6053
2.304350931877,41.385330246531,-7.747765148668,2.400796258368,       141P   6054
41.389517665379,-7.747765148668,2.304202461019,41.376681380466,      141P   6055
-7.747765148668,2.400724105996,41.380932225926,-7.747765148668,      141P   6056
2.304036735473,41.368033660616,-7.747765148668,2.400604291339,       141P   6057
41.372347178862,-7.747765148668,2.303853907828,41.359385940765,      141P   6058
-7.747765148668,2.400484476683,41.363762131799,-7.747765148668,      141P   6059
2.303671080182,41.350739224324,-7.747765148668,2.400317467383,       141P   6060
41.35517739747,-7.747765148668,2.303472039224,41.34209300706,        141P   6061
-7.747765148668,2.400105080735,41.346592735275,-7.747765148668,      141P   6062
2.303255983059,41.324800572532,-7.747765148668,2.399680307439,       141P   6063
41.329423410885,-7.747765148668,2.302823870728,41.307513510145,      141P   6064
-7.747765148668,2.399062175197,41.31225603456,-7.747765148668,       141P   6065
2.30232452075,41.29023586604,-7.747765148668,2.398237276743,         141P   6066
41.295092667515,-7.747765148668,2.301757907414,41.281597043988,      141P   6067
-7.747765148668,2.397824827516,41.286510983993,-7.747765148668,      141P   6068
2.301474600745,41.272960781339,-7.747765148668,2.397359969128,       141P   6069
41.277930434425,-7.747765148668,2.301176006836,41.264327879687,      141P   6070
-7.747765148668,2.396840148429,41.26935138376,-7.747765148668,       141P   6071
2.300859068124,41.255694978035,-7.747765148668,2.396320327731,       141P   6072
41.260772333096,-7.747765148668,2.300542129412,41.247065437381,      141P   6073
-7.747765148668,2.395745544722,41.252194833542,-7.747765148668,      141P   6074
2.300208577821,41.238440059317,-7.747765148668,2.395113246256,       141P   6075
41.243619329064,-7.747765148668,2.299859353355,41.203938547062,      141P   6076
-7.747765148668,2.392584052392,41.209317311152,-7.747765148668,      141P   6077
2.298462455488,41.169499886055,-7.747765148668,2.38914427318,        141P   6078
41.175044219239,-7.747765148668,2.29679734464,41.135213532128,       141P   6079
-7.747765148668,2.384529555593,41.140853335902,-7.747765148668,      141P   6080
2.294875334418,41.118070355165,-7.747765148668,2.3822221968,         141P   6081
41.123757894234,-7.747765148668,2.293914329307,41.100969224706,      141P   6082
-7.747765148668,2.379610574329,41.106685577836,-7.747765148668,      141P   6083
2.292888554717,41.083926603146,-7.747765148668,2.376650399387,       141P   6084
41.089647185297,-7.747765148668,2.291799941311,41.075405292366,      141P   6085
-7.747765148668,2.375170311915,41.081127989028,-7.747765148668,      141P   6086
2.291255634609,41.066900728371,-7.747765148668,2.373597721045,       141P   6087
41.072618707192,-7.747765148668,2.290695585631,41.058414319696,      141P   6088
-7.747765148668,2.371929044101,41.064120317573,-7.747765148668,      141P   6089
2.290120061518,41.054171115359,-7.747765148668,2.371094705629,       141P   6090
41.059871122763,-7.747765148668,2.289832299461,41.049933566269,      141P   6091
-7.747765148668,2.370233641437,41.05562542885,-7.747765148668,       141P   6092
2.289540682973,41.04570117373,-7.747765148668,2.369346982569,        141P   6093
41.051382888967,-7.747765148668,2.289245292865,41.04146878119,       141P   6094
-7.747765148668,2.368460323702,41.047140349085,-7.747765148668,      141P   6095
2.288949902756,41.037241119282,-7.747765148668,2.367549123809,       141P   6096
41.042900654883,-7.747765148668,2.288650635217,41.033020484159,      141P   6097
-7.747765148668,2.366607961015,41.038665450976,-7.747765148668,      141P   6098
2.288347662336,41.024579213914,-7.747765148668,2.364725635427,       141P   6099
41.030195043163,-7.747765148668,2.287741716573,41.016163347303,      141P   6100
-7.747765148668,2.362729672077,41.021740645987,-7.747765148668,      141P   6101
2.287120822065,41.007779903309,-7.747765148668,2.360604148314,       141P   6102
41.013307361607,-7.747765148668,2.286485321481,40.999396459315,      141P   6103
-7.747765148668,2.358478624551,41.004874077226,-7.747765148668,      141P   6104
2.285849820896,40.991045077558,-7.747765148668,2.356224198526,       141P   6105
40.996461640434,-7.747765148668,2.285199814674,40.982740189671,      141P   6106
-7.747765148668,2.35381066143,40.988081082468,-7.747765148668,       141P   6107
2.284536690628,40.974435301784,-7.747765148668,2.351397124334,       141P   6108
40.979700524502,-7.747765148668,2.283873566582,40.966174383612,      141P   6109
-7.747765148668,2.348829072726,40.971349571529,-7.747765148668,      141P   6110
2.283196109597,40.957979365817,-7.747765148668,2.34606485544,        141P   6111
40.963045904547,-7.747765148668,2.282507602703,40.949784348023,      141P   6112
-7.747765148668,2.343300638153,40.954742237565,-7.747765148668,      141P   6113
2.28181909581,40.94165397474,-7.747765148668,2.340341714413,         141P   6114
40.946484513082,-7.747765148668,2.281118464033,40.933626469008,      141P   6115
-7.747765148668,2.337123299629,40.938303507069,-7.747765148668,      141P   6116
2.28040814678,40.925598963275,-7.747765148668,2.333904884844,        141P   6117
40.930122501057,-7.747765148668,2.279697829526,40.917671575366,      141P   6118
-7.747765148668,2.330430043028,40.922016580524,-7.747765148668,      141P   6119
2.278979581756,40.909926413884,-7.747765148668,2.326580334162,       141P   6120
40.914053945765,-7.747765148668,2.278257663132,40.906053833143,      141P   6121
-7.747765148668,2.32465547973,40.910072628386,-7.747765148668,       141P   6122
2.277896703821,40.902229939771,-7.747765148668,2.322633262068,       141P   6123
40.906130142807,-7.747765148668,2.277535733189,40.898472606416,      141P   6124
-7.747765148668,2.320491958958,40.902241660099,-7.747765148668,      141P   6125
2.277175488581,40.896593939739,-7.747765148668,2.319421307402,       141P   6126
40.900297418746,-7.747765148668,2.276995366277,40.894733595367,      141P   6127
-7.747765148668,2.318319109928,40.898367720113,-7.747765148668,      141P   6128
2.276815005075,40.892893740622,-7.747765148668,2.317183044389,       141P   6129
40.896455615769,-7.747765148668,2.276636171141,40.891053885876,      141P   6130
-7.747765148668,2.31604697885,40.894543511425,-7.747765148668,       141P   6131
2.276457337207,40.889235650759,-7.747765148668,2.314875739951,       141P   6132
40.89264956637,-7.747765148668,2.276279377892,40.887445816985,       141P   6133
-7.747765148668,2.313663078032,40.890779139369,-7.747765148668,      141P   6134
2.276102095604,40.883866149437,-7.747765148668,2.311237754193,       141P   6135
40.887038285367,-7.747765148668,2.275747531027,40.880389820048,      141P   6136
-7.747765148668,2.308654099707,40.883384164111,-7.747765148668,      141P   6137
2.275397192177,40.877099658503,-7.747765148668,2.305847121657,       141P   6138
40.879891832143,-7.747765148668,2.275057670164,40.875454577731,      141P   6139
-7.747765148668,2.304443632632,40.878145666159,-7.747765148668,      141P   6140
2.274887909157,40.873858393035,-7.747765148668,2.302983004563,       141P   6141
40.876441951641,-7.747765148668,2.274720953831,40.872327310839,      141P   6142
-7.747765148668,2.301456038959,40.87479633924,-7.747765148668,       141P   6143
2.27455856482,40.870796228644,-7.747765148668,2.299929073355,        141P   6144
40.87315072684,-7.747765148668,2.274396175809,40.869332662604,       141P   6145
-7.747765148668,2.298334267594,40.871564439067,-7.747765148668,      141P   6146
2.274237856461,40.867962442865,-7.747765148668,2.296661298983,       141P   6147
40.87006275271,-7.747765148668,2.274086420098,40.866592223126,       141P   6148
-7.747765148668,2.294988330371,40.868561066352,-7.747765148668,      141P   6149
2.273934983736,40.865317495731,-7.747765148668,2.293235784566,       141P   6150
40.867145787493,-7.747765148668,2.273790420556,40.864182456993,      141P   6151
-7.747765148668,2.291395647659,40.865858431911,-7.747765148668,      141P   6152
2.273656401225,40.863047418254,-7.747765148668,2.289555510753,       141P   6153
40.86457107633,-7.747765148668,2.273522381894,40.862050588613,       141P   6154
-7.747765148668,2.28762651789,40.863411401356,-7.747765148668,       141P   6155
2.273399020125,40.861256483308,-7.747765148668,2.285615717291,       141P   6156
40.862441590775,-7.747765148668,2.273292310021,40.860462378003,      141P   6157
-7.747765148668,2.283604916692,40.861471780194,-7.747765148668,      141P   6158
2.273185599917,40.859870801038,-7.747765148668,2.2815103811,         141P   6159
40.860692057804,-7.747765148668,2.273095346549,40.859543192389,      141P   6160
-7.747765148668,2.279373464505,40.86016545998,-7.747765148668,       141P   6161
2.273028978628,40.859379388064,-7.747765148668,2.278305006207,       141P   6162
40.859902161068,-7.747765148668,2.272995794667,40.859280787984,      141P   6163
-7.747765148668,2.277225724505,40.859701471253,-7.747765148668,      141P   6164
2.272968419524,40.859251210321,-7.747765148668,2.276145124881,       141P   6165
40.859567967119,-7.747765148668,2.272947512878,40.859221632659,      141P   6166
-7.747765148668,2.275064525257,40.859434462985,-7.747765148668,      141P   6167
2.272926606231,40.859262990681,-7.747765148668,2.273971100319,       141P   6168
40.859368711051,-7.747765148668,2.272904680235,40.859368711051,      141P   6169
-7.747765148668,2.272904680235,40.859368711051,-7.747765148668,      141P   6170
2.272904680235,0.0,1.0,0.0,41.0,,1,143;                              141P   6171
406,1,35HSurf_HRCRMCDIOI, Tail, 1, 16, upper;                        143P   6172
128,1,96,1,3,0,0,1,0,0,0.0,0.0,1.0,1.0,0.0,0.0,0.0,0.0,1.0,1.0,      145P   6173
1.0,2.0,2.0,2.0,3.0,3.0,3.0,4.0,4.0,4.0,5.0,5.0,5.0,6.0,6.0,6.0,     145P   6174
7.0,7.0,7.0,8.0,8.0,8.0,9.0,9.0,9.0,10.0,10.0,10.0,11.0,11.0,        145P   6175
11.0,12.0,12.0,12.0,13.0,13.0,13.0,14.0,14.0,14.0,15.0,15.0,         145P   6176
15.0,16.0,16.0,16.0,17.0,17.0,17.0,18.0,18.0,18.0,19.0,19.0,         145P   6177
19.0,20.0,20.0,20.0,21.0,21.0,21.0,22.0,22.0,22.0,23.0,23.0,         145P   6178
23.0,24.0,24.0,24.0,25.0,25.0,25.0,26.0,26.0,26.0,27.0,27.0,         145P   6179
27.0,28.0,28.0,28.0,29.0,29.0,29.0,30.0,30.0,30.0,31.0,31.0,         145P   6180
31.0,32.0,32.0,32.0,32.0,1.0,1.0,1.0,1.0,1.0,1.0,1.0,1.0,1.0,        145P   6181
1.0,1.0,1.0,1.0,1.0,1.0,1.0,1.0,1.0,1.0,1.0,1.0,1.0,1.0,1.0,1.0,     145P   6182
1.0,1.0,1.0,1.0,1.0,1.0,1.0,1.0,1.0,1.0,1.0,1.0,1.0,1.0,1.0,1.0,     145P   6183
1.0,1.0,1.0,1.0,1.0,1.0,1.0,1.0,1.0,1.0,1.0,1.0,1.0,1.0,1.0,1.0,     145P   6184
1.0,1.0,1.0,1.0,1.0,1.0,1.0,1.0,1.0,1.0,1.0,1.0,1.0,1.0,1.0,1.0,     145P   6185
1.0,1.0,1.0,1.0,1.0,1.0,1.0,1.0,1.0,1.0,1.0,1.0,1.0,1.0,1.0,1.0,     145P   6186
1.0,1.0,1.0,1.0,1.0,1.0,1.0,1.0,1.0,1.0,1.0,1.0,1.0,1.0,1.0,1.0,     145P   6187
1.0,1.0,1.0,1.0,1.0,1.0,1.0,1.0,1.0,1.0,1.0,1.0,1.0,1.0,1.0,1.0,     145P   6188
1.0,1.0,1.0,1.0,1.0,1.0,1.0,1.0,1.0,1.0,1.0,1.0,1.0,1.0,1.0,1.0,     145P   6189
1.0,1.0,1.0,1.0,1.0,1.0,1.0,1.0,1.0,1.0,1.0,1.0,1.0,1.0,1.0,1.0,     145P   6190
1.0,1.0,1.0,1.0,1.0,1.0,1.0,1.0,1.0,1.0,1.0,1.0,1.0,1.0,1.0,1.0,     145P   6191
1.0,1.0,1.0,1.0,1.0,1.0,1.0,1.0,1.0,1.0,1.0,1.0,1.0,1.0,1.0,1.0,     145P   6192
1.0,1.0,1.0,1.0,1.0,1.0,1.0,1.0,1.0,39.555555555556,                 145P   6193
0.16393442623,1.72131147541,39.555555555556,0.16393442623,           145P   6194
1.72131147541,39.154315834794,0.16393442623,1.72131147541,           145P   6195
39.154315834794,0.210849351284,1.72131147541,38.752725313374,        145P   6196
0.16393442623,1.72131147541,38.752725313374,0.254752867483,          145P   6197
1.72131147541,38.350863072863,0.16393442623,1.72131147541,           145P   6198
38.350863072863,0.295997832186,1.72131147541,37.949000832353,        145P   6199
0.16393442623,1.72131147541,37.949000832353,0.337242796888,          145P   6200
1.72131147541,37.546865881992,0.16393442623,1.72131147541,           145P   6201
37.546865881992,0.375832194704,1.72131147541,37.14448317856,         145P   6202
0.16393442623,1.72131147541,37.14448317856,0.411646948902,           145P   6203
1.72131147541,36.742100475128,0.16393442623,1.72131147541,           145P   6204
36.742100475128,0.447461703099,1.72131147541,36.339468426999,        145P   6205
0.16393442623,1.72131147541,36.339468426999,0.480499494502,          145P   6206
1.72131147541,35.936580092556,0.16393442623,1.72131147541,           145P   6207
35.936580092556,0.510090287968,1.72131147541,35.533691758113,        145P   6208
0.16393442623,1.72131147541,35.533691758113,0.539681081434,          145P   6209
1.72131147541,35.130543927092,0.16393442623,1.72131147541,           145P   6210
35.130543927092,0.565816067401,1.72131147541,34.727132465402,        145P   6211
0.16393442623,1.72131147541,34.727132465402,0.587143050866,          145P   6212
1.72131147541,34.525426734557,0.16393442623,1.72131147541,           145P   6213
34.525426734557,0.597806542599,1.72131147541,34.323655720424,        145P   6214
0.16393442623,1.72131147541,34.323655720424,0.607225108854,          145P   6215
1.72131147541,34.121824589468,0.16393442623,1.72131147541,           145P   6216
34.121824589468,0.615169456421,1.72131147541,34.02090902399,         145P   6217
0.16393442623,1.72131147541,34.02090902399,0.619141630205,           145P   6218
1.72131147541,33.919978713401,0.16393442623,1.72131147541,           145P   6219
33.919978713401,0.622731974975,1.72131147541,33.819035161851,        145P   6220
0.16393442623,1.72131147541,33.819035161851,0.625909371098,          145P   6221
1.72131147541,33.718091610301,0.16393442623,1.72131147541,           145P   6222
33.718091610301,0.629086767222,1.72131147541,33.61713442641,         145P   6223
0.16393442623,1.72131147541,33.61713442641,0.631850279194,           145P   6224
1.72131147541,33.516167242238,0.16393442623,1.72131147541,           145P   6225
33.516167242238,0.63413738798,1.72131147541,33.314232873895,         145P   6226
0.16393442623,1.72131147541,33.314232873895,0.638711605551,          145P   6227
1.72131147541,33.112253395182,0.16393442623,1.72131147541,           145P   6228
33.112253395182,0.641439279809,1.72131147541,32.910265611242,        145P   6229
0.16393442623,1.72131147541,32.910265611242,0.641806111341,          145P   6230
1.72131147541,32.809271719272,0.16393442623,1.72131147541,           145P   6231
32.809271719272,0.641989527107,1.72131147541,32.70827758937,         145P   6232
0.16393442623,1.72131147541,32.70827758937,0.641567504672,           145P   6233
1.72131147541,32.607288973103,0.16393442623,1.72131147541,           145P   6234
32.607288973103,0.640478916921,1.72131147541,32.556794664969,        145P   6235
0.16393442623,1.72131147541,32.556794664969,0.639934623045,          145P   6236
1.72131147541,32.506303871462,0.16393442623,1.72131147541,           145P   6237
32.506303871462,0.639204752372,1.72131147541,32.455814844346,        145P   6238
0.16393442623,1.72131147541,32.455814844346,0.638303775646,          145P   6239
1.72131147541,32.405325817229,0.16393442623,1.72131147541,           145P   6240
32.405325817229,0.637402798919,1.72131147541,32.354838951134,        145P   6241
0.16393442623,1.72131147541,32.354838951134,0.636327943733,          145P   6242
1.72131147541,32.304359349041,0.16393442623,1.72131147541,           145P   6243
32.304359349041,0.635036725955,1.72131147541,32.102440940668,        145P   6244
0.16393442623,1.72131147541,32.102440940668,0.629871854845,          145P   6245
1.72131147541,31.900581901974,0.16393442623,1.72131147541,           145P   6246
31.900581901974,0.621660570057,1.72131147541,31.698992358858,        145P   6247
0.16393442623,1.72131147541,31.698992358858,0.608980524077,          145P   6248
1.72131147541,31.5981975873,0.16393442623,1.72131147541,             145P   6249
31.5981975873,0.602640501087,1.72131147541,31.497470520313,          145P   6250
0.16393442623,1.72131147541,31.497470520313,0.595187354399,          145P   6251
1.72131147541,31.396867333322,0.16393442623,1.72131147541,           145P   6252
31.396867333322,0.586315973139,1.72131147541,31.296264146332,        145P   6253
0.16393442623,1.72131147541,31.296264146332,0.577444591879,          145P   6254
1.72131147541,31.195781327559,0.16393442623,1.72131147541,           145P   6255
31.195781327559,0.567173812674,1.72131147541,31.095514170728,        145P   6256
0.16393442623,1.72131147541,31.095514170728,0.555062679504,          145P   6257
1.72131147541,31.07044738152,0.16393442623,1.72131147541,            145P   6258
31.07044738152,0.552034896212,1.72131147541,31.04539720956,          145P   6259
0.16393442623,1.72131147541,31.04539720956,0.548879864154,           145P   6260
1.72131147541,31.020362508511,0.16393442623,1.72131147541,           145P   6261
31.020362508511,0.545601420938,1.72131147541,30.995327807461,        145P   6262
0.16393442623,1.72131147541,30.995327807461,0.542322977722,          145P   6263
1.72131147541,30.97030698385,0.16393442623,1.72131147541,            145P   6264
30.97030698385,0.538927847071,1.72131147541,30.945309383806,         145P   6265
0.16393442623,1.72131147541,30.945309383806,0.535379569506,          145P   6266
1.72131147541,30.895314183716,0.16393442623,1.72131147541,           145P   6267
30.895314183716,0.528283014378,1.72131147541,30.84539730256,         145P   6268
0.16393442623,1.72131147541,30.84539730256,0.520628843251,           145P   6269
1.72131147541,30.795589986713,0.16393442623,1.72131147541,           145P   6270
30.795589986713,0.512303432237,1.72131147541,30.745782670866,        145P   6271
0.16393442623,1.72131147541,30.745782670867,0.503978021224,          145P   6272
1.72131147541,30.696096377893,0.16393442623,1.72131147541,           145P   6273
30.696096377893,0.494942681215,1.72131147541,30.646576170573,        145P   6274
0.16393442623,1.72131147541,30.646576170573,0.485051747959,          145P   6275
1.72131147541,30.597055963254,0.16393442623,1.72131147541,           145P   6276
30.597055963254,0.475160814702,1.72131147541,30.547713397584,        145P   6277
0.16393442623,1.72131147541,30.547713397584,0.464377381434,          145P   6278
1.72131147541,30.498653177929,0.16393442623,1.72131147541,           145P   6279
30.498653177929,0.452411161351,1.72131147541,30.474123068102,        145P   6280
0.16393442623,1.72131147541,30.474123068102,0.44642805131,           145P   6281
1.72131147541,30.449665767572,0.16393442623,1.72131147541,           145P   6282
30.449665767572,0.440142417703,1.72131147541,30.425315339611,        145P   6283
0.16393442623,1.72131147541,30.425315339611,0.433473471666,          145P   6284
1.72131147541,30.400964911651,0.16393442623,1.72131147541,           145P   6285
30.400964911651,0.42680452563,1.72131147541,30.376705835483,         145P   6286
0.16393442623,1.72131147541,30.376705835483,0.419787355585,          145P   6287
1.72131147541,30.352589927855,0.16393442623,1.72131147541,           145P   6288
30.352589927855,0.412306731603,1.72131147541,30.328474020227,        145P   6289
0.16393442623,1.72131147541,30.328474020227,0.404826107621,          145P   6290
1.72131147541,30.304506172406,0.16393442623,1.72131147541,           145P   6291
30.304506172406,0.396871661332,1.72131147541,30.280743241018,        145P   6292
0.16393442623,1.72131147541,30.280743241018,0.388334531808,          145P   6293
1.72131147541,30.268861775324,0.16393442623,1.72131147541,           145P   6294
30.268861775324,0.384065967045,1.72131147541,30.257037812117,        145P   6295
0.16393442623,1.72131147541,30.257037812117,0.379640075286,          145P   6296
1.72131147541,30.245279766158,0.16393442623,1.72131147541,           145P   6297
30.245279766158,0.375043226701,1.72131147541,30.233521720198,        145P   6298
0.16393442623,1.72131147541,30.233521720198,0.370446378116,          145P   6299
1.72131147541,30.221830282152,0.16393442623,1.72131147541,           145P   6300
30.221830282152,0.36567585903,1.72131147541,30.21023479842,          145P   6301
0.16393442623,1.72131147541,30.21023479842,0.360687011119,           145P   6302
1.72131147541,30.187043830955,0.16393442623,1.72131147541,           145P   6303
30.187043830955,0.350709315298,1.72131147541,30.164176703266,        145P   6304
0.16393442623,1.72131147541,30.164176703266,0.339937541491,          145P   6305
1.72131147541,30.141967010759,0.16393442623,1.72131147541,           145P   6306
30.141967010759,0.327926024543,1.72131147541,30.130862164505,        145P   6307
0.16393442623,1.72131147541,30.130862164505,0.321920266069,          145P   6308
1.72131147541,30.119926150383,0.16393442623,1.72131147541,           145P   6309
30.119926150383,0.31560149665,1.72131147541,30.109230994499,         145P   6310
0.16393442623,1.72131147541,30.109230994499,0.308892004575,          145P   6311
1.72131147541,30.098535838616,0.16393442623,1.72131147541,           145P   6312
30.098535838616,0.3021825125,1.72131147541,30.088081578836,          145P   6313
0.16393442623,1.72131147541,30.088081578836,0.295079960761,          145P   6314
1.72131147541,30.07801880429,0.16393442623,1.72131147541,            145P   6315
30.07801880429,0.287459186067,1.72131147541,30.067956029745,         145P   6316
0.16393442623,1.72131147541,30.067956029745,0.279838411373,          145P   6317
1.72131147541,30.058262701809,0.16393442623,1.72131147541,           145P   6318
30.058262701809,0.271711664495,1.72131147541,30.049203831683,        145P   6319
0.16393442623,1.72131147541,30.049203831683,0.262916236773,          145P   6320
1.72131147541,30.040144961557,0.16393442623,1.72131147541,           145P   6321
30.040144961557,0.254120809052,1.72131147541,30.031721392612,        145P   6322
0.16393442623,1.72131147541,30.031721392612,0.244646703367,          145P   6323
1.72131147541,30.02441236726,0.16393442623,1.72131147541,            145P   6324
30.02441236726,0.234352207233,1.72131147541,30.017103341908,         145P   6325
0.16393442623,1.72131147541,30.017103341908,0.224057711098,          145P   6326
1.72131147541,30.0109216524,0.16393442623,1.72131147541,             145P   6327
30.0109216524,0.212912285247,1.72131147541,30.006630448401,          145P   6328
0.16393442623,1.72131147541,30.006630448401,0.201041501262,          145P   6329
1.72131147541,30.004484846401,0.16393442623,1.72131147541,           145P   6330
30.004484846401,0.195106109269,1.72131147541,30.0028130155,          145P   6331
0.16393442623,1.72131147541,30.0028130155,0.18899750663,             145P   6332
1.72131147541,30.001690803108,0.16393442623,1.72131147541,           145P   6333
30.001690803108,0.182782012561,1.72131147541,30.000568590717,        145P   6334
0.16393442623,1.72131147541,30.000568590717,0.176566518492,          145P   6335
1.72131147541,30.0,0.16393442623,1.72131147541,30.0,                 145P   6336
0.170231365731,1.72131147541,30.0,0.16393442623,1.72131147541,       145P   6337
30.0,0.16393442623,1.72131147541,0.0,1.0,0.0,32.0,,1,147;            145P   6338
406,1,38HSurf_SJDOJLHFFQ, WingGeom, 0, 1, lower;                     147P   6339
128,1,96,1,3,0,0,1,0,0,0.0,0.0,1.0,1.0,0.0,0.0,0.0,0.0,1.0,1.0,      149P   6340
1.0,2.0,2.0,2.0,3.0,3.0,3.0,4.0,4.0,4.0,5.0,5.0,5.0,6.0,6.0,6.0,     149P   6341
7.0,7.0,7.0,8.0,8.0,8.0,9.0,9.0,9.0,10.0,10.0,10.0,11.0,11.0,        149P   6342
11.0,12.0,12.0,12.0,13.0,13.0,13.0,14.0,14.0,14.0,15.0,15.0,         149P   6343
15.0,16.0,16.0,16.0,17.0,17.0,17.0,18.0,18.0,18.0,19.0,19.0,         149P   6344
19.0,20.0,20.0,20.0,21.0,21.0,21.0,22.0,22.0,22.0,23.0,23.0,         149P   6345
23.0,24.0,24.0,24.0,25.0,25.0,25.0,26.0,26.0,26.0,27.0,27.0,         149P   6346
27.0,28.0,28.0,28.0,29.0,29.0,29.0,30.0,30.0,30.0,31.0,31.0,         149P   6347
31.0,32.0,32.0,32.0,32.0,1.0,1.0,1.0,1.0,1.0,1.0,1.0,1.0,1.0,        149P   6348
1.0,1.0,1.0,1.0,1.0,1.0,1.0,1.0,1.0,1.0,1.0,1.0,1.0,1.0,1.0,1.0,     149P   6349
1.0,1.0,1.0,1.0,1.0,1.0,1.0,1.0,1.0,1.0,1.0,1.0,1.0,1.0,1.0,1.0,     149P   6350
1.0,1.0,1.0,1.0,1.0,1.0,1.0,1.0,1.0,1.0,1.0,1.0,1.0,1.0,1.0,1.0,     149P   6351
1.0,1.0,1.0,1.0,1.0,1.0,1.0,1.0,1.0,1.0,1.0,1.0,1.0,1.0,1.0,1.0,     149P   6352
1.0,1.0,1.0,1.0,1.0,1.0,1.0,1.0,1.0,1.0,1.0,1.0,1.0,1.0,1.0,1.0,     149P   6353
1.0,1.0,1.0,1.0,1.0,1.0,1.0,1.0,1.0,1.0,1.0,1.0,1.0,1.0,1.0,1.0,     149P   6354
1.0,1.0,1.0,1.0,1.0,1.0,1.0,1.0,1.0,1.0,1.0,1.0,1.0,1.0,1.0,1.0,     149P   6355
1.0,1.0,1.0,1.0,1.0,1.0,1.0,1.0,1.0,1.0,1.0,1.0,1.0,1.0,1.0,1.0,     149P   6356
1.0,1.0,1.0,1.0,1.0,1.0,1.0,1.0,1.0,1.0,1.0,1.0,1.0,1.0,1.0,1.0,     149P   6357
1.0,1.0,1.0,1.0,1.0,1.0,1.0,1.0,1.0,1.0,1.0,1.0,1.0,1.0,1.0,1.0,     149P   6358
1.0,1.0,1.0,1.0,1.0,1.0,1.0,1.0,1.0,1.0,1.0,1.0,1.0,1.0,1.0,1.0,     149P   6359
1.0,1.0,1.0,1.0,1.0,1.0,1.0,1.0,1.0,30.0,0.16393442623,              149P   6360
1.72131147541,30.0,0.16393442623,1.72131147541,30.0,                 149P   6361
0.16393442623,1.72131147541,30.0,0.157637486728,1.72131147541,       149P   6362
30.000568590717,0.16393442623,1.72131147541,30.000568590717,         149P   6363
0.151302333967,1.72131147541,30.001690803108,0.16393442623,          149P   6364
1.72131147541,30.001690803108,0.145086839898,1.72131147541,          149P   6365
30.0028130155,0.16393442623,1.72131147541,30.0028130155,             149P   6366
0.138871345829,1.72131147541,30.004484846401,0.16393442623,          149P   6367
1.72131147541,30.004484846401,0.13276274319,1.72131147541,           149P   6368
30.006630448401,0.16393442623,1.72131147541,30.006630448401,         149P   6369
0.126827351197,1.72131147541,30.0109216524,0.16393442623,            149P   6370
1.72131147541,30.0109216524,0.114956567212,1.72131147541,            149P   6371
30.017103341908,0.16393442623,1.72131147541,30.017103341908,         149P   6372
0.103811141361,1.72131147541,30.02441236726,0.16393442623,           149P   6373
1.72131147541,30.02441236726,0.093516645226,1.72131147541,           149P   6374
30.031721392612,0.16393442623,1.72131147541,30.031721392612,         149P   6375
0.083222149092,1.72131147541,30.040144961557,0.16393442623,          149P   6376
1.72131147541,30.040144961557,0.073748043408,1.72131147541,          149P   6377
30.049203831683,0.16393442623,1.72131147541,30.049203831683,         149P   6378
0.064952615686,1.72131147541,30.058262701809,0.16393442623,          149P   6379
1.72131147541,30.058262701809,0.056157187964,1.72131147541,          149P   6380
30.067956029745,0.16393442623,1.72131147541,30.067956029745,         149P   6381
0.048030441086,1.72131147541,30.07801880429,0.16393442623,           149P   6382
1.72131147541,30.07801880429,0.040409666392,1.72131147541,           149P   6383
30.088081578836,0.16393442623,1.72131147541,30.088081578836,         149P   6384
0.032788891698,1.72131147541,30.098535838616,0.16393442623,          149P   6385
1.72131147541,30.098535838616,0.025686339959,1.72131147541,          149P   6386
30.109230994499,0.16393442623,1.72131147541,30.109230994499,         149P   6387
0.018976847884,1.72131147541,30.119926150383,0.16393442623,          149P   6388
1.72131147541,30.119926150383,0.012267355809,1.72131147541,          149P   6389
30.130862164505,0.16393442623,1.72131147541,30.130862164505,         149P   6390
0.00594858639,1.72131147541,30.141967010759,0.16393442623,           149P   6391
1.72131147541,30.141967010759,-5.7172084E-05,1.72131147541,          149P   6392
30.164176703266,0.16393442623,1.72131147541,30.164176703266,         149P   6393
-0.012068689032,1.72131147541,30.187043830955,0.16393442623,         149P   6394
1.72131147541,30.187043830955,-0.022840462839,1.72131147541,         149P   6395
30.21023479842,0.16393442623,1.72131147541,30.21023479842,           149P   6396
-0.03281815866,1.72131147541,30.221830282152,0.16393442623,          149P   6397
1.72131147541,30.221830282152,-0.037807006571,1.72131147541,         149P   6398
30.233521720198,0.16393442623,1.72131147541,30.233521720198,         149P   6399
-0.042577525657,1.72131147541,30.245279766158,0.16393442623,         149P   6400
1.72131147541,30.245279766158,-0.047174374242,1.72131147541,         149P   6401
30.257037812117,0.16393442623,1.72131147541,30.257037812117,         149P   6402
-0.051771222827,1.72131147541,30.268861775324,0.16393442623,         149P   6403
1.72131147541,30.268861775324,-0.056197114586,1.72131147541,         149P   6404
30.280743241018,0.16393442623,1.72131147541,30.280743241018,         149P   6405
-0.060465679348,1.72131147541,30.304506172406,0.16393442623,         149P   6406
1.72131147541,30.304506172406,-0.069002808873,1.72131147541,         149P   6407
30.328474020227,0.16393442623,1.72131147541,30.328474020227,         149P   6408
-0.076957255162,1.72131147541,30.352589927855,0.16393442623,         149P   6409
1.72131147541,30.352589927855,-0.084437879144,1.72131147541,         149P   6410
30.376705835483,0.16393442623,1.72131147541,30.376705835483,         149P   6411
-0.091918503126,1.72131147541,30.400964911651,0.16393442623,         149P   6412
1.72131147541,30.400964911651,-0.098935673171,1.72131147541,         149P   6413
30.425315339611,0.16393442623,1.72131147541,30.425315339611,         149P   6414
-0.105604619207,1.72131147541,30.449665767572,0.16393442623,         149P   6415
1.72131147541,30.449665767572,-0.112273565244,1.72131147541,         149P   6416
30.474123068102,0.16393442623,1.72131147541,30.474123068102,         149P   6417
-0.118559198851,1.72131147541,30.498653177929,0.16393442623,         149P   6418
1.72131147541,30.498653177929,-0.124542308892,1.72131147541,         149P   6419
30.547713397584,0.16393442623,1.72131147541,30.547713397584,         149P   6420
-0.136508528975,1.72131147541,30.597055963254,0.16393442623,         149P   6421
1.72131147541,30.597055963254,-0.147291962243,1.72131147541,         149P   6422
30.646576170573,0.16393442623,1.72131147541,30.646576170573,         149P   6423
-0.1571828955,1.72131147541,30.696096377893,0.16393442623,           149P   6424
1.72131147541,30.696096377893,-0.167073828756,1.72131147541,         149P   6425
30.745782670866,0.16393442623,1.72131147541,30.745782670866,         149P   6426
-0.176109168765,1.72131147541,30.795589986713,0.16393442623,         149P   6427
1.72131147541,30.795589986713,-0.184434579778,1.72131147541,         149P   6428
30.84539730256,0.16393442623,1.72131147541,30.84539730256,           149P   6429
-0.192759990792,1.72131147541,30.895314183716,0.16393442623,         149P   6430
1.72131147541,30.895314183716,-0.200414161919,1.72131147541,         149P   6431
30.945309383806,0.16393442623,1.72131147541,30.945309383806,         149P   6432
-0.207510717047,1.72131147541,30.97030698385,0.16393442623,          149P   6433
1.72131147541,30.97030698385,-0.211058994612,1.72131147541,          149P   6434
30.995327807461,0.16393442623,1.72131147541,30.995327807461,         149P   6435
-0.214454125263,1.72131147541,31.020362508511,0.16393442623,         149P   6436
1.72131147541,31.020362508511,-0.217732568479,1.72131147541,         149P   6437
31.04539720956,0.16393442623,1.72131147541,31.04539720956,           149P   6438
-0.221011011695,1.72131147541,31.07044738152,0.16393442623,          149P   6439
1.72131147541,31.07044738152,-0.224166043753,1.72131147541,          149P   6440
31.095514170728,0.16393442623,1.72131147541,31.095514170728,         149P   6441
-0.227193827045,1.72131147541,31.195781327559,0.16393442623,         149P   6442
1.72131147541,31.195781327559,-0.239304960215,1.72131147541,         149P   6443
31.296264146332,0.16393442623,1.72131147541,31.296264146332,         149P   6444
-0.24957573942,1.72131147541,31.396867333322,0.16393442623,          149P   6445
1.72131147541,31.396867333322,-0.25844712068,1.72131147541,          149P   6446
31.497470520313,0.16393442623,1.72131147541,31.497470520313,         149P   6447
-0.26731850194,1.72131147541,31.5981975873,0.16393442623,            149P   6448
1.72131147541,31.5981975873,-0.274771648628,1.72131147541,           149P   6449
31.698992358858,0.16393442623,1.72131147541,31.698992358858,         149P   6450
-0.281111671618,1.72131147541,31.900581901974,0.16393442623,         149P   6451
1.72131147541,31.900581901974,-0.293791717598,1.72131147541,         149P   6452
32.102440940668,0.16393442623,1.72131147541,32.102440940668,         149P   6453
-0.302003002386,1.72131147541,32.304359349041,0.16393442623,         149P   6454
1.72131147541,32.304359349041,-0.307167873496,1.72131147541,         149P   6455
32.354838951134,0.16393442623,1.72131147541,32.354838951134,         149P   6456
-0.308459091274,1.72131147541,32.405325817229,0.16393442623,         149P   6457
1.72131147541,32.405325817229,-0.30953394646,1.72131147541,          149P   6458
32.455814844346,0.16393442623,1.72131147541,32.455814844346,         149P   6459
-0.310434923187,1.72131147541,32.506303871462,0.16393442623,         149P   6460
1.72131147541,32.506303871462,-0.311335899913,1.72131147541,         149P   6461
32.556794664969,0.16393442623,1.72131147541,32.556794664969,         149P   6462
-0.312065770586,1.72131147541,32.607288973103,0.16393442623,         149P   6463
1.72131147541,32.607288973103,-0.312610064462,1.72131147541,         149P   6464
32.70827758937,0.16393442623,1.72131147541,32.70827758937,           149P   6465
-0.313698652213,1.72131147541,32.809271719272,0.16393442623,         149P   6466
1.72131147541,32.809271719272,-0.314120674648,1.72131147541,         149P   6467
32.910265611242,0.16393442623,1.72131147541,32.910265611242,         149P   6468
-0.313937258882,1.72131147541,33.112253395182,0.16393442623,         149P   6469
1.72131147541,33.112253395182,-0.31357042735,1.72131147541,          149P   6470
33.314232873895,0.16393442623,1.72131147541,33.314232873895,         149P   6471
-0.310842753092,1.72131147541,33.516167242238,0.16393442623,         149P   6472
1.72131147541,33.516167242238,-0.306268535521,1.72131147541,         149P   6473
33.61713442641,0.16393442623,1.72131147541,33.61713442641,           149P   6474
-0.303981426735,1.72131147541,33.718091610301,0.16393442623,         149P   6475
1.72131147541,33.718091610301,-0.301217914763,1.72131147541,         149P   6476
33.819035161851,0.16393442623,1.72131147541,33.819035161851,         149P   6477
-0.298040518639,1.72131147541,33.919978713401,0.16393442623,         149P   6478
1.72131147541,33.919978713401,-0.294863122516,1.72131147541,         149P   6479
34.02090902399,0.16393442623,1.72131147541,34.02090902399,           149P   6480
-0.291272777746,1.72131147541,34.121824589468,0.16393442623,         149P   6481
1.72131147541,34.121824589468,-0.287300603962,1.72131147541,         149P   6482
34.323655720424,0.16393442623,1.72131147541,34.323655720424,         149P   6483
-0.279356256395,1.72131147541,34.525426734557,0.16393442623,         149P   6484
1.72131147541,34.525426734557,-0.26993769014,1.72131147541,          149P   6485
34.727132465402,0.16393442623,1.72131147541,34.727132465402,         149P   6486
-0.259274198407,1.72131147541,35.130543927092,0.16393442623,         149P   6487
1.72131147541,35.130543927092,-0.237947214942,1.72131147541,         149P   6488
35.533691758113,0.16393442623,1.72131147541,35.533691758113,         149P   6489
-0.211812228975,1.72131147541,35.936580092556,0.16393442623,         149P   6490
1.72131147541,35.936580092556,-0.182221435509,1.72131147541,         149P   6491
36.339468426999,0.16393442623,1.72131147541,36.339468426999,         149P   6492
-0.152630642043,1.72131147541,36.742100475128,0.16393442623,         149P   6493
1.72131147541,36.742100475128,-0.11959285064,1.72131147541,          149P   6494
37.14448317856,0.16393442623,1.72131147541,37.14448317856,           149P   6495
-0.083778096443,1.72131147541,37.546865881992,0.16393442623,         149P   6496
1.72131147541,37.546865881992,-0.047963342245,1.72131147541,         149P   6497
37.949000832353,0.16393442623,1.72131147541,37.949000832353,         149P   6498
-0.009373944429,1.72131147541,38.350863072863,0.16393442623,         149P   6499
1.72131147541,38.350863072863,0.031871020273,1.72131147541,          149P   6500
38.752725313374,0.16393442623,1.72131147541,38.752725313374,         149P   6501
0.073115984976,1.72131147541,39.154315834794,0.16393442623,          149P   6502
1.72131147541,39.154315834794,0.117019501175,1.72131147541,          149P   6503
39.555555555556,0.16393442623,1.72131147541,39.555555555556,         149P   6504
0.16393442623,1.72131147541,0.0,1.0,0.0,32.0,,1,151;                 149P   6505
406,1,38HSurf_SJDOJLHFFQ, WingGeom, 0, 4, upper;                     151P   6506
128,1,96,1,3,0,0,1,0,0,0.0,0.0,1.0,1.0,0.0,0.0,0.0,0.0,1.0,1.0,      153P   6507
1.0,2.0,2.0,2.0,3.0,3.0,3.0,4.0,4.0,4.0,5.0,5.0,5.0,6.0,6.0,6.0,     153P   6508
7.0,7.0,7.0,8.0,8.0,8.0,9.0,9.0,9.0,10.0,10.0,10.0,11.0,11.0,        153P   6509
11.0,12.0,12.0,12.0,13.0,13.0,13.0,14.0,14.0,14.0,15.0,15.0,         153P   6510
15.0,16.0,16.0,16.0,17.0,17.0,17.0,18.0,18.0,18.0,19.0,19.0,         153P   6511
19.0,20.0,20.0,20.0,21.0,21.0,21.0,22.0,22.0,22.0,23.0,23.0,         153P   6512
23.0,24.0,24.0,24.0,25.0,25.0,25.0,26.0,26.0,26.0,27.0,27.0,         153P   6513
27.0,28.0,28.0,28.0,29.0,29.0,29.0,30.0,30.0,30.0,31.0,31.0,         153P   6514
31.0,32.0,32.0,32.0,32.0,1.0,1.0,1.0,1.0,1.0,1.0,1.0,1.0,1.0,        153P   6515
1.0,1.0,1.0,1.0,1.0,1.0,1.0,1.0,1.0,1.0,1.0,1.0,1.0,1.0,1.0,1.0,     153P   6516
1.0,1.0,1.0,1.0,1.0,1.0,1.0,1.0,1.0,1.0,1.0,1.0,1.0,1.0,1.0,1.0,     153P   6517
1.0,1.0,1.0,1.0,1.0,1.0,1.0,1.0,1.0,1.0,1.0,1.0,1.0,1.0,1.0,1.0,     153P   6518
1.0,1.0,1.0,1.0,1.0,1.0,1.0,1.0,1.0,1.0,1.0,1.0,1.0,1.0,1.0,1.0,     153P   6519
1.0,1.0,1.0,1.0,1.0,1.0,1.0,1.0,1.0,1.0,1.0,1.0,1.0,1.0,1.0,1.0,     153P   6520
1.0,1.0,1.0,1.0,1.0,1.0,1.0,1.0,1.0,1.0,1.0,1.0,1.0,1.0,1.0,1.0,     153P   6521
1.0,1.0,1.0,1.0,1.0,1.0,1.0,1.0,1.0,1.0,1.0,1.0,1.0,1.0,1.0,1.0,     153P   6522
1.0,1.0,1.0,1.0,1.0,1.0,1.0,1.0,1.0,1.0,1.0,1.0,1.0,1.0,1.0,1.0,     153P   6523
1.0,1.0,1.0,1.0,1.0,1.0,1.0,1.0,1.0,1.0,1.0,1.0,1.0,1.0,1.0,1.0,     153P   6524
1.0,1.0,1.0,1.0,1.0,1.0,1.0,1.0,1.0,1.0,1.0,1.0,1.0,1.0,1.0,1.0,     153P   6525
1.0,1.0,1.0,1.0,1.0,1.0,1.0,1.0,1.0,1.0,1.0,1.0,1.0,1.0,1.0,1.0,     153P   6526
1.0,1.0,1.0,1.0,1.0,1.0,1.0,1.0,1.0,39.555555555556,                 153P   6527
0.16393442623,1.72131147541,39.828615691736,0.16393442623,           153P   6528
3.681628935817,39.154315834794,0.210849351284,1.72131147541,         153P   6529
39.626996064609,0.18750878641,3.681628935817,38.752725313374,        153P   6530
0.254752867483,1.72131147541,39.425200163065,0.209569938654,         153P   6531
3.681628935817,38.350863072863,0.295997832186,1.72131147541,         153P   6532
39.223267724934,0.23029519085,3.681628935817,37.949000832353,        153P   6533
0.337242796888,1.72131147541,39.021335286804,0.251020443047,         153P   6534
3.681628935817,37.546865881992,0.375832194704,1.72131147541,         153P   6535
38.819265814239,0.27041129494,3.681628935817,37.14448317856,         153P   6536
0.411646948902,1.72131147541,38.617071847814,0.288407911459,         153P   6537
3.681628935817,36.742100475128,0.447461703099,1.72131147541,         153P   6538
38.414877881388,0.306404527979,3.681628935817,36.339468426999,       153P   6539
0.480499494502,1.72131147541,38.212558621323,0.323005743759,         153P   6540
3.681628935817,35.936580092556,0.510090287968,1.72131147541,         153P   6541
38.010110579514,0.337874871704,3.681628935817,35.533691758113,       153P   6542
0.539681081434,1.72131147541,37.807662537705,0.35274399965,          153P   6543
3.681628935817,35.130543927092,0.565816067401,1.72131147541,         153P   6544
37.605084101021,0.365876613031,3.681628935817,34.727132465402,       153P   6545
0.587143050866,1.72131147541,37.402373192115,0.376593245088,         153P   6546
3.681628935817,34.525426734557,0.597806542599,1.72131147541,         153P   6547
37.301017737662,0.381951561116,3.681628935817,34.323655720424,       153P   6548
0.607225108854,1.72131147541,37.1996294789,0.386684312432,           153P   6549
3.681628935817,34.121824589468,0.615169456421,1.72131147541,         153P   6550
37.098211011932,0.390676281102,3.681628935817,34.02090902399,        153P   6551
0.619141630205,1.72131147541,37.047501778449,0.392672265436,         153P   6552
3.681628935817,33.919978713401,0.622731974975,1.72131147541,         153P   6553
36.99678513567,0.394476383863,3.681628935817,33.819035161851,        153P   6554
0.625909371098,1.72131147541,36.946061839417,0.396072999025,         153P   6555
3.681628935817,33.718091610301,0.629086767222,1.72131147541,         153P   6556
36.895338543165,0.397669614187,3.681628935817,33.61713442641,        153P   6557
0.631850279194,1.72131147541,36.844608396775,0.399058256,            153P   6558
3.681628935817,33.516167242238,0.63413738798,1.72131147541,          153P   6559
36.793873225326,0.400207509169,3.681628935817,33.314232873895,       153P   6560
0.638711605551,1.72131147541,36.69240288243,0.402506015506,          153P   6561
3.681628935817,33.112253395182,0.641439279809,1.72131147541,         153P   6562
36.590909871946,0.403876649166,3.681628935817,32.910265611242,       153P   6563
0.641806111341,1.72131147541,36.489412688156,0.404060978964,         153P   6564
3.681628935817,32.809271719272,0.641989527107,1.72131147541,         153P   6565
36.438664096261,0.404153143863,3.681628935817,32.70827758937,        153P   6566
0.641567504672,1.72131147541,36.387915384807,0.403941081095,         153P   6567
3.681628935817,32.607288973103,0.640478916921,1.72131147541,         153P   6568
36.337169443909,0.403394074791,3.681628935817,32.556794664969,       153P   6569
0.639934623045,1.72131147541,36.311796473459,0.403120571639,         153P   6570
3.681628935817,32.506303871462,0.639204752372,1.72131147541,         153P   6571
36.286425269081,0.402753817688,3.681628935817,32.455814844346,       153P   6572
0.638303775646,1.72131147541,36.261054952299,0.402301084366,         153P   6573
3.681628935817,32.405325817229,0.637402798919,1.72131147541,         153P   6574
36.235684635517,0.401848351045,3.681628935817,32.354838951134,       153P   6575
0.636327943733,1.72131147541,36.21031540463,0.401308245241,          153P   6576
3.681628935817,32.304359349041,0.635036725955,1.72131147541,         153P   6577
36.184949823844,0.400659419032,3.681628935817,32.102440940668,       153P   6578
0.629871854845,1.72131147541,36.0834875007,0.398064114196,           153P   6579
3.681628935817,31.900581901974,0.621660570057,1.72131147541,         153P   6580
35.982055010326,0.393938011791,3.681628935817,31.698992358858,       153P   6581
0.608980524077,1.72131147541,35.880757939242,0.387566394002,         153P   6582
3.681628935817,31.5981975873,0.602640501087,1.72131147541,           153P   6583
35.8301094037,0.384380585107,3.681628935817,31.497470520313,         153P   6584
0.595187354399,1.72131147541,35.779494889143,0.3806354408,           153P   6585
3.681628935817,31.396867333322,0.586315973139,1.72131147541,         153P   6586
35.728942623255,0.376177645399,3.681628935817,31.296264146332,       153P   6587
0.577444591879,1.72131147541,35.678390357367,0.371719849999,         153P   6588
3.681628935817,31.195781327559,0.567173812674,1.72131147541,         153P   6589
35.627898575508,0.366558868754,3.681628935817,31.095514170728,       153P   6590
0.555062679504,1.72131147541,35.577515161984,0.360473124927,         153P   6591
3.681628935817,31.07044738152,0.552034896212,1.72131147541,          153P   6592
35.564919308603,0.35895168897,3.681628935817,31.04539720956,         153P   6593
0.548879864154,1.72131147541,35.552331805251,0.357366311566,         153P   6594
3.681628935817,31.020362508511,0.545601420938,1.72131147541,         153P   6595
35.539752075903,0.355718921079,3.681628935817,30.995327807461,       153P   6596
0.542322977722,1.72131147541,35.527172346555,0.354071530592,         153P   6597
3.681628935817,30.97030698385,0.538927847071,1.72131147541,          153P   6598
35.514599590505,0.352365505639,3.681628935817,30.945309383806,       153P   6599
0.535379569506,1.72131147541,35.502038504104,0.350582525634,         153P   6600
3.681628935817,30.895314183716,0.528283014378,1.72131147541,         153P   6601
35.476916331301,0.347016565623,3.681628935817,30.84539730256,        153P   6602
0.520628843251,1.72131147541,35.451833513112,0.343170408205,         153P   6603
3.681628935817,30.795589986713,0.512303432237,1.72131147541,         153P   6604
35.426805750581,0.338986958318,3.681628935817,30.745782670867,       153P   6605
0.503978021224,1.72131147541,35.401777988051,0.334803508432,         153P   6606
3.681628935817,30.696096377893,0.494942681215,1.72131147541,         153P   6607
35.376811038508,0.330263325122,3.681628935817,30.646576170573,       153P   6608
0.485051747959,1.72131147541,35.351927545628,0.325293213311,         153P   6609
3.681628935817,30.597055963254,0.475160814702,1.72131147541,         153P   6610
35.327044052747,0.3203231015,3.681628935817,30.547713397584,         153P   6611
0.464377381434,1.72131147541,35.30224982332,0.314904515846,          153P   6612
3.681628935817,30.498653177929,0.452411161351,1.72131147541,         153P   6613
35.27759747042,0.308891589642,3.681628935817,30.474123068102,        153P   6614
0.44642805131,1.72131147541,35.26527129397,0.30588512654,            153P   6615
3.681628935817,30.449665767572,0.440142417703,1.72131147541,         153P   6616
35.252981703588,0.302726647858,3.681628935817,30.425315339611,       153P   6617
0.433473471666,1.72131147541,35.240745815784,0.299375557865,         153P   6618
3.681628935817,30.400964911651,0.42680452563,1.72131147541,          153P   6619
35.228509927979,0.296024467872,3.681628935817,30.376705835483,       153P   6620
0.419787355585,1.72131147541,35.216319943693,0.292498398207,         153P   6621
3.681628935817,30.352589927855,0.412306731603,1.72131147541,         153P   6622
35.204201900408,0.288739446787,3.681628935817,30.328474020227,       153P   6623
0.404826107621,1.72131147541,35.192083857123,0.284980495368,         153P   6624
3.681628935817,30.304506172406,0.396871661332,1.72131147541,         153P   6625
35.180040212661,0.280983452174,3.681628935817,30.280743241018,       153P   6626
0.388334531808,1.72131147541,35.168099537005,0.276693615494,         153P   6627
3.681628935817,30.268861775324,0.384065967045,1.72131147541,         153P   6628
35.162129199177,0.274548697154,3.681628935817,30.257037812117,       153P   6629
0.379640075286,1.72131147541,35.156187755872,0.272324723305,         153P   6630
3.681628935817,30.245279766158,0.375043226701,1.72131147541,         153P   6631
35.150279435435,0.270014845071,3.681628935817,30.233521720198,       153P   6632
0.370446378116,1.72131147541,35.144371114999,0.267704966837,         153P   6633
3.681628935817,30.221830282152,0.36567585903,1.72131147541,          153P   6634
35.138496264486,0.265307820618,3.681628935817,30.21023479842,        153P   6635
0.360687011119,1.72131147541,35.132669630218,0.262800965979,         153P   6636
3.681628935817,30.187043830955,0.350709315298,1.72131147541,         153P   6637
35.121016361683,0.2577872567,3.681628935817,30.164176703266,         153P   6638
0.339937541491,1.72131147541,35.109525819946,0.252374529828,         153P   6639
3.681628935817,30.141967010759,0.327926024543,1.72131147541,         153P   6640
35.098365633927,0.246338842326,3.681628935817,30.130862164505,       153P   6641
0.321920266069,1.72131147541,35.092785540917,0.243320998574,         153P   6642
3.681628935817,30.119926150383,0.31560149665,1.72131147541,          153P   6643
35.087290284651,0.240145869422,3.681628935817,30.109230994499,       153P   6644
0.308892004575,1.72131147541,35.08191605765,0.236774405382,          153P   6645
3.681628935817,30.098535838616,0.3021825125,1.72131147541,           153P   6646
35.076541830649,0.233402941341,3.681628935817,30.088081578836,       153P   6647
0.295079960761,1.72131147541,35.071288651939,0.229833968083,         153P   6648
3.681628935817,30.07801880429,0.287459186067,1.72131147541,          153P   6649
35.066232191308,0.226004592095,3.681628935817,30.067956029745,       153P   6650
0.279838411373,1.72131147541,35.061175730676,0.222175216106,         153P   6651
3.681628935817,30.058262701809,0.271711664495,1.72131147541,         153P   6652
35.056304913898,0.218091593298,3.681628935817,30.049203831683,       153P   6653
0.262916236773,1.72131147541,35.051752906899,0.21367196392,          153P   6654
3.681628935817,30.040144961557,0.254120809052,1.72131147541,         153P   6655
35.047200899901,0.209252334541,3.681628935817,30.031721392612,       153P   6656
0.244646703367,1.72131147541,35.042968126469,0.204491675123,         153P   6657
3.681628935817,30.02441236726,0.234352207233,1.72131147541,          153P   6658
35.039295401936,0.199318776318,3.681628935817,30.017103341908,       153P   6659
0.224057711098,1.72131147541,35.035622677403,0.194145877513,         153P   6660
3.681628935817,30.0109216524,0.212912285247,1.72131147541,           153P   6661
35.032516429768,0.188545393593,3.681628935817,30.006630448401,       153P   6662
0.201041501262,1.72131147541,35.0303601354,0.182580423235,           153P   6663
3.681628935817,30.004484846401,0.195106109269,1.72131147541,         153P   6664
35.029281988215,0.179597938056,3.681628935817,30.0028130155,         153P   6665
0.18899750663,1.72131147541,35.028441907073,0.176528415966,          153P   6666
3.681628935817,30.001690803108,0.182782012561,1.72131147541,         153P   6667
35.027878004667,0.17340518182,3.681628935817,30.000568590717,        153P   6668
0.176566518492,1.72131147541,35.027314102261,0.170281947674,         153P   6669
3.681628935817,30.0,0.170231365731,1.72131147541,                    153P   6670
35.027028390148,0.167098586029,3.681628935817,30.0,                  153P   6671
0.16393442623,1.72131147541,35.027028390148,0.16393442623,           153P   6672
3.681628935817,0.0,1.0,0.0,32.0,,1,155;                              153P   6673
406,1,38HSurf_SJDOJLHFFQ, WingGeom, 0, 7, lower;                     155P   6674
128,1,96,1,3,0,0,1,0,0,0.0,0.0,1.0,1.0,0.0,0.0,0.0,0.0,1.0,1.0,      157P   6675
1.0,2.0,2.0,2.0,3.0,3.0,3.0,4.0,4.0,4.0,5.0,5.0,5.0,6.0,6.0,6.0,     157P   6676
7.0,7.0,7.0,8.0,8.0,8.0,9.0,9.0,9.0,10.0,10.0,10.0,11.0,11.0,        157P   6677
11.0,12.0,12.0,12.0,13.0,13.0,13.0,14.0,14.0,14.0,15.0,15.0,         157P   6678
15.0,16.0,16.0,16.0,17.0,17.0,17.0,18.0,18.0,18.0,19.0,19.0,         157P   6679
19.0,20.0,20.0,20.0,21.0,21.0,21.0,22.0,22.0,22.0,23.0,23.0,         157P   6680
23.0,24.0,24.0,24.0,25.0,25.0,25.0,26.0,26.0,26.0,27.0,27.0,         157P   6681
27.0,28.0,28.0,28.0,29.0,29.0,29.0,30.0,30.0,30.0,31.0,31.0,         157P   6682
31.0,32.0,32.0,32.0,32.0,1.0,1.0,1.0,1.0,1.0,1.0,1.0,1.0,1.0,        157P   6683
1.0,1.0,1.0,1.0,1.0,1.0,1.0,1.0,1.0,1.0,1.0,1.0,1.0,1.0,1.0,1.0,     157P   6684
1.0,1.0,1.0,1.0,1.0,1.0,1.0,1.0,1.0,1.0,1.0,1.0,1.0,1.0,1.0,1.0,     157P   6685
1.0,1.0,1.0,1.0,1.0,1.0,1.0,1.0,1.0,1.0,1.0,1.0,1.0,1.0,1.0,1.0,     157P   6686
1.0,1.0,1.0,1.0,1.0,1.0,1.0,1.0,1.0,1.0,1.0,1.0,1.0,1.0,1.0,1.0,     157P   6687
1.0,1.0,1.0,1.0,1.0,1.0,1.0,1.0,1.0,1.0,1.0,1.0,1.0,1.0,1.0,1.0,     157P   6688
1.0,1.0,1.0,1.0,1.0,1.0,1.0,1.0,1.0,1.0,1.0,1.0,1.0,1.0,1.0,1.0,     157P   6689
1.0,1.0,1.0,1.0,1.0,1.0,1.0,1.0,1.0,1.0,1.0,1.0,1.0,1.0,1.0,1.0,     157P   6690
1.0,1.0,1.0,1.0,1.0,1.0,1.0,1.0,1.0,1.0,1.0,1.0,1.0,1.0,1.0,1.0,     157P   6691
1.0,1.0,1.0,1.0,1.0,1.0,1.0,1.0,1.0,1.0,1.0,1.0,1.0,1.0,1.0,1.0,     157P   6692
1.0,1.0,1.0,1.0,1.0,1.0,1.0,1.0,1.0,1.0,1.0,1.0,1.0,1.0,1.0,1.0,     157P   6693
1.0,1.0,1.0,1.0,1.0,1.0,1.0,1.0,1.0,1.0,1.0,1.0,1.0,1.0,1.0,1.0,     157P   6694
1.0,1.0,1.0,1.0,1.0,1.0,1.0,1.0,1.0,30.0,0.16393442623,              157P   6695
1.72131147541,35.027028390148,0.16393442623,3.681628935817,30.0,     157P   6696
0.157637486728,1.72131147541,35.027028390148,0.16077026643,          157P   6697
3.681628935817,30.000568590717,0.151302333967,1.72131147541,         157P   6698
35.027314102261,0.157586904785,3.681628935817,30.001690803108,       157P   6699
0.145086839898,1.72131147541,35.027878004667,0.154463670639,         157P   6700
3.681628935817,30.0028130155,0.138871345829,1.72131147541,           157P   6701
35.028441907073,0.151340436493,3.681628935817,30.004484846401,       157P   6702
0.13276274319,1.72131147541,35.029281988215,0.148270914403,          157P   6703
3.681628935817,30.006630448401,0.126827351197,1.72131147541,         157P   6704
35.0303601354,0.145288429224,3.681628935817,30.0109216524,           157P   6705
0.114956567212,1.72131147541,35.032516429768,0.139323458866,         157P   6706
3.681628935817,30.017103341908,0.103811141361,1.72131147541,         157P   6707
35.035622677403,0.133722974946,3.681628935817,30.02441236726,        157P   6708
0.093516645226,1.72131147541,35.039295401936,0.128550076141,         157P   6709
3.681628935817,30.031721392612,0.083222149092,1.72131147541,         157P   6710
35.042968126469,0.123377177336,3.681628935817,30.040144961557,       157P   6711
0.073748043408,1.72131147541,35.047200899901,0.118616517918,         157P   6712
3.681628935817,30.049203831683,0.064952615686,1.72131147541,         157P   6713
35.051752906899,0.114196888539,3.681628935817,30.058262701809,       157P   6714
0.056157187964,1.72131147541,35.056304913898,0.109777259161,         157P   6715
3.681628935817,30.067956029745,0.048030441086,1.72131147541,         157P   6716
35.061175730676,0.105693636353,3.681628935817,30.07801880429,        157P   6717
0.040409666392,1.72131147541,35.066232191308,0.101864260364,         157P   6718
3.681628935817,30.088081578836,0.032788891698,1.72131147541,         157P   6719
35.071288651939,0.098034884376,3.681628935817,30.098535838616,       157P   6720
0.025686339959,1.72131147541,35.076541830649,0.094465911118,         157P   6721
3.681628935817,30.109230994499,0.018976847884,1.72131147541,         157P   6722
35.08191605765,0.091094447078,3.681628935817,30.119926150383,        157P   6723
0.012267355809,1.72131147541,35.087290284651,0.087722983037,         157P   6724
3.681628935817,30.130862164505,0.00594858639,1.72131147541,          157P   6725
35.092785540917,0.084547853885,3.681628935817,30.141967010759,       157P   6726
-5.7172084E-05,1.72131147541,35.098365633927,0.081530010133,         157P   6727
3.681628935817,30.164176703266,-0.012068689032,1.72131147541,        157P   6728
35.109525819946,0.075494322631,3.681628935817,30.187043830955,       157P   6729
-0.022840462839,1.72131147541,35.121016361683,0.070081595759,        157P   6730
3.681628935817,30.21023479842,-0.03281815866,1.72131147541,          157P   6731
35.132669630218,0.06506788648,3.681628935817,30.221830282152,        157P   6732
-0.037807006571,1.72131147541,35.138496264486,0.062561031841,        157P   6733
3.681628935817,30.233521720198,-0.042577525657,1.72131147541,        157P   6734
35.144371114999,0.060163885622,3.681628935817,30.245279766158,       157P   6735
-0.047174374242,1.72131147541,35.150279435435,0.057854007388,        157P   6736
3.681628935817,30.257037812117,-0.051771222827,1.72131147541,        157P   6737
35.156187755872,0.055544129154,3.681628935817,30.268861775324,       157P   6738
-0.056197114586,1.72131147541,35.162129199177,0.053320155305,        157P   6739
3.681628935817,30.280743241018,-0.060465679348,1.72131147541,        157P   6740
35.168099537005,0.051175236965,3.681628935817,30.304506172406,       157P   6741
-0.069002808873,1.72131147541,35.180040212661,0.046885400285,        157P   6742
3.681628935817,30.328474020227,-0.076957255162,1.72131147541,        157P   6743
35.192083857123,0.042888357092,3.681628935817,30.352589927855,       157P   6744
-0.084437879144,1.72131147541,35.204201900408,0.039129405672,        157P   6745
3.681628935817,30.376705835483,-0.091918503126,1.72131147541,        157P   6746
35.216319943693,0.035370454253,3.681628935817,30.400964911651,       157P   6747
-0.098935673171,1.72131147541,35.228509927979,0.031844384587,        157P   6748
3.681628935817,30.425315339611,-0.105604619207,1.72131147541,        157P   6749
35.240745815784,0.028493294594,3.681628935817,30.449665767572,       157P   6750
-0.112273565244,1.72131147541,35.252981703588,0.025142204601,        157P   6751
3.681628935817,30.474123068102,-0.118559198851,1.72131147541,        157P   6752
35.26527129397,0.021983725919,3.681628935817,30.498653177929,        157P   6753
-0.124542308892,1.72131147541,35.27759747042,0.018977262817,         157P   6754
3.681628935817,30.547713397584,-0.136508528975,1.72131147541,        157P   6755
35.30224982332,0.012964336613,3.681628935817,30.597055963254,        157P   6756
-0.147291962243,1.72131147541,35.327044052747,0.007545750959,        157P   6757
3.681628935817,30.646576170573,-0.1571828955,1.72131147541,          157P   6758
35.351927545628,0.002575639148,3.681628935817,30.696096377893,       157P   6759
-0.167073828756,1.72131147541,35.376811038508,-0.002394472663,       157P   6760
3.681628935817,30.745782670866,-0.176109168765,1.72131147541,        157P   6761
35.401777988051,-0.006934655973,3.681628935817,30.795589986713,      157P   6762
-0.184434579778,1.72131147541,35.426805750581,-0.011118105859,       157P   6763
3.681628935817,30.84539730256,-0.192759990792,1.72131147541,         157P   6764
35.451833513112,-0.015301555746,3.681628935817,30.895314183716,      157P   6765
-0.200414161919,1.72131147541,35.476916331301,-0.019147713164,       157P   6766
3.681628935817,30.945309383806,-0.207510717047,1.72131147541,        157P   6767
35.502038504104,-0.022713673175,3.681628935817,30.97030698385,       157P   6768
-0.211058994612,1.72131147541,35.514599590505,-0.02449665318,        157P   6769
3.681628935817,30.995327807461,-0.214454125263,1.72131147541,        157P   6770
35.527172346555,-0.026202678133,3.681628935817,31.020362508511,      157P   6771
-0.217732568479,1.72131147541,35.539752075903,-0.02785006862,        157P   6772
3.681628935817,31.04539720956,-0.221011011695,1.72131147541,         157P   6773
35.552331805251,-0.029497459106,3.681628935817,31.07044738152,       157P   6774
-0.224166043753,1.72131147541,35.564919308603,-0.031082836511,       157P   6775
3.681628935817,31.095514170728,-0.227193827045,1.72131147541,        157P   6776
35.577515161984,-0.032604272468,3.681628935817,31.195781327559,      157P   6777
-0.239304960215,1.72131147541,35.627898575508,-0.038690016295,       157P   6778
3.681628935817,31.296264146332,-0.24957573942,1.72131147541,         157P   6779
35.678390357367,-0.04385099754,3.681628935817,31.396867333322,       157P   6780
-0.25844712068,1.72131147541,35.728942623255,-0.04830879294,         157P   6781
3.681628935817,31.497470520313,-0.26731850194,1.72131147541,         157P   6782
35.779494889143,-0.052766588341,3.681628935817,31.5981975873,        157P   6783
-0.274771648628,1.72131147541,35.8301094037,-0.056511732648,         157P   6784
3.681628935817,31.698992358858,-0.281111671618,1.72131147541,        157P   6785
35.880757939242,-0.059697541543,3.681628935817,31.900581901974,      157P   6786
-0.293791717598,1.72131147541,35.982055010326,-0.066069159332,       157P   6787
3.681628935817,32.102440940668,-0.302003002386,1.72131147541,        157P   6788
36.0834875007,-0.070195261737,3.681628935817,32.304359349041,        157P   6789
-0.307167873496,1.72131147541,36.184949823844,-0.072790566573,       157P   6790
3.681628935817,32.354838951134,-0.308459091274,1.72131147541,        157P   6791
36.21031540463,-0.073439392782,3.681628935817,32.405325817229,       157P   6792
-0.30953394646,1.72131147541,36.235684635517,-0.073979498586,        157P   6793
3.681628935817,32.455814844346,-0.310434923187,1.72131147541,        157P   6794
36.261054952299,-0.074432231907,3.681628935817,32.506303871462,      157P   6795
-0.311335899913,1.72131147541,36.286425269081,-0.074884965229,       157P   6796
3.681628935817,32.556794664969,-0.312065770586,1.72131147541,        157P   6797
36.311796473459,-0.07525171918,3.681628935817,32.607288973103,       157P   6798
-0.312610064462,1.72131147541,36.337169443909,-0.075525222332,       157P   6799
3.681628935817,32.70827758937,-0.313698652213,1.72131147541,         157P   6800
36.387915384807,-0.076072228636,3.681628935817,32.809271719272,      157P   6801
-0.314120674648,1.72131147541,36.438664096261,-0.076284291404,       157P   6802
3.681628935817,32.910265611242,-0.313937258882,1.72131147541,        157P   6803
36.489412688156,-0.076192126505,3.681628935817,33.112253395182,      157P   6804
-0.31357042735,1.72131147541,36.590909871946,-0.076007796707,        157P   6805
3.681628935817,33.314232873895,-0.310842753092,1.72131147541,        157P   6806
36.69240288243,-0.074637163047,3.681628935817,33.516167242238,       157P   6807
-0.306268535521,1.72131147541,36.793873225326,-0.07233865671,        157P   6808
3.681628935817,33.61713442641,-0.303981426735,1.72131147541,         157P   6809
36.844608396775,-0.071189403541,3.681628935817,33.718091610301,      157P   6810
-0.301217914763,1.72131147541,36.895338543165,-0.069800761727,       157P   6811
3.681628935817,33.819035161851,-0.298040518639,1.72131147541,        157P   6812
36.946061839417,-0.068204146566,3.681628935817,33.919978713401,      157P   6813
-0.294863122516,1.72131147541,36.99678513567,-0.066607531404,        157P   6814
3.681628935817,34.02090902399,-0.291272777746,1.72131147541,         157P   6815
37.047501778449,-0.064803412977,3.681628935817,34.121824589468,      157P   6816
-0.287300603962,1.72131147541,37.098211011932,-0.062807428643,       157P   6817
3.681628935817,34.323655720424,-0.279356256395,1.72131147541,        157P   6818
37.1996294789,-0.058815459973,3.681628935817,34.525426734557,        157P   6819
-0.26993769014,1.72131147541,37.301017737662,-0.054082708657,        157P   6820
3.681628935817,34.727132465402,-0.259274198407,1.72131147541,        157P   6821
37.402373192115,-0.048724392629,3.681628935817,35.130543927092,      157P   6822
-0.237947214942,1.72131147541,37.605084101021,-0.038007760572,       157P   6823
3.681628935817,35.533691758113,-0.211812228975,1.72131147541,        157P   6824
37.807662537705,-0.024875147191,3.681628935817,35.936580092556,      157P   6825
-0.182221435509,1.72131147541,38.010110579514,-0.010006019245,       157P   6826
3.681628935817,36.339468426999,-0.152630642043,1.72131147541,        157P   6827
38.212558621323,0.0048631087,3.681628935817,36.742100475128,         157P   6828
-0.11959285064,1.72131147541,38.414877881388,0.02146432448,          157P   6829
3.681628935817,37.14448317856,-0.083778096443,1.72131147541,         157P   6830
38.617071847814,0.039460941,3.681628935817,37.546865881992,          157P   6831
-0.047963342245,1.72131147541,38.819265814239,0.057457557519,        157P   6832
3.681628935817,37.949000832353,-0.009373944429,1.72131147541,        157P   6833
39.021335286804,0.076848409412,3.681628935817,38.350863072863,       157P   6834
0.031871020273,1.72131147541,39.223267724934,0.097573661609,         157P   6835
3.681628935817,38.752725313374,0.073115984976,1.72131147541,         157P   6836
39.425200163065,0.118298913805,3.681628935817,39.154315834794,       157P   6837
0.117019501175,1.72131147541,39.626996064609,0.140360066049,         157P   6838
3.681628935817,39.555555555556,0.16393442623,1.72131147541,          157P   6839
39.828615691736,0.16393442623,3.681628935817,0.0,1.0,0.0,32.0,,      157P   6840
1,159;                                                               157P   6841
406,1,39HSurf_SJDOJLHFFQ, WingGeom, 0, 10, upper;                    159P   6842
128,1,96,1,3,0,0,1,0,0,0.0,0.0,1.0,1.0,0.0,0.0,0.0,0.0,1.0,1.0,      161P   6843
1.0,2.0,2.0,2.0,3.0,3.0,3.0,4.0,4.0,4.0,5.0,5.0,5.0,6.0,6.0,6.0,     161P   6844
7.0,7.0,7.0,8.0,8.0,8.0,9.0,9.0,9.0,10.0,10.0,10.0,11.0,11.0,        161P   6845
11.0,12.0,12.0,12.0,13.0,13.0,13.0,14.0,14.0,14.0,15.0,15.0,         161P   6846
15.0,16.0,16.0,16.0,17.0,17.0,17.0,18.0,18.0,18.0,19.0,19.0,         161P   6847
19.0,20.0,20.0,20.0,21.0,21.0,21.0,22.0,22.0,22.0,23.0,23.0,         161P   6848
23.0,24.0,24.0,24.0,25.0,25.0,25.0,26.0,26.0,26.0,27.0,27.0,         161P   6849
27.0,28.0,28.0,28.0,29.0,29.0,29.0,30.0,30.0,30.0,31.0,31.0,         161P   6850
31.0,32.0,32.0,32.0,32.0,1.0,1.0,1.0,1.0,1.0,1.0,1.0,1.0,1.0,        161P   6851
1.0,1.0,1.0,1.0,1.0,1.0,1.0,1.0,1.0,1.0,1.0,1.0,1.0,1.0,1.0,1.0,     161P   6852
1.0,1.0,1.0,1.0,1.0,1.0,1.0,1.0,1.0,1.0,1.0,1.0,1.0,1.0,1.0,1.0,     161P   6853
1.0,1.0,1.0,1.0,1.0,1.0,1.0,1.0,1.0,1.0,1.0,1.0,1.0,1.0,1.0,1.0,     161P   6854
1.0,1.0,1.0,1.0,1.0,1.0,1.0,1.0,1.0,1.0,1.0,1.0,1.0,1.0,1.0,1.0,     161P   6855
1.0,1.0,1.0,1.0,1.0,1.0,1.0,1.0,1.0,1.0,1.0,1.0,1.0,1.0,1.0,1.0,     161P   6856
1.0,1.0,1.0,1.0,1.0,1.0,1.0,1.0,1.0,1.0,1.0,1.0,1.0,1.0,1.0,1.0,     161P   6857
1.0,1.0,1.0,1.0,1.0,1.0,1.0,1.0,1.0,1.0,1.0,1.0,1.0,1.0,1.0,1.0,     161P   6858
1.0,1.0,1.0,1.0,1.0,1.0,1.0,1.0,1.0,1.0,1.0,1.0,1.0,1.0,1.0,1.0,     161P   6859
1.0,1.0,1.0,1.0,1.0,1.0,1.0,1.0,1.0,1.0,1.0,1.0,1.0,1.0,1.0,1.0,     161P   6860
1.0,1.0,1.0,1.0,1.0,1.0,1.0,1.0,1.0,1.0,1.0,1.0,1.0,1.0,1.0,1.0,     161P   6861
1.0,1.0,1.0,1.0,1.0,1.0,1.0,1.0,1.0,1.0,1.0,1.0,1.0,1.0,1.0,1.0,     161P   6862
1.0,1.0,1.0,1.0,1.0,1.0,1.0,1.0,1.0,39.828615691736,                 161P   6863
0.16393442623,3.681628935817,41.248608262456,0.16393442623,          161P   6864
10.356232110474,39.626996064609,0.18750878641,3.681628935817,        161P   6865
41.195453997122,0.170149484823,10.356232110474,39.425200163065,      161P   6866
0.209569938654,3.681628935817,41.142253259442,0.175965606778,        161P   6867
10.356232110474,39.223267724934,0.23029519085,3.681628935817,        161P   6868
41.089016525754,0.181429536902,10.356232110474,39.021335286804,      161P   6869
0.251020443047,3.681628935817,41.035779792065,0.186893467027,        161P   6870
10.356232110474,38.819265814239,0.27041129494,3.681628935817,        161P   6871
40.982506931116,0.192005600708,10.356232110474,38.617071847814,      161P   6872
0.288407911459,3.681628935817,40.929201249058,0.196750163245,        161P   6873
10.356232110474,38.414877881388,0.306404527979,3.681628935817,       161P   6874
40.875895567,0.201494725782,10.356232110474,38.212558621323,         161P   6875
0.323005743759,3.681628935817,40.822556852983,0.205871409942,        161P   6876
10.356232110474,38.010110579514,0.337874871704,3.681628935817,       161P   6877
40.769184187416,0.209791452764,10.356232110474,37.807662537705,      161P   6878
0.35274399965,3.681628935817,40.715811521848,0.213711495586,         161P   6879
10.356232110474,37.605084101021,0.365876613031,3.681628935817,       161P   6880
40.662404479449,0.217173730023,10.356232110474,37.402373192115,      161P   6881
0.376593245088,3.681628935817,40.608962512556,0.219999023928,        161P   6882
10.356232110474,37.301017737662,0.381951561116,3.681628935817,       161P   6883
40.582241529109,0.221411670881,10.356232110474,37.1996294789,        161P   6884
0.386684312432,3.681628935817,40.555511897253,0.222659396228,        161P   6885
10.356232110474,37.098211011932,0.390676281102,3.681628935817,       161P   6886
40.528774301417,0.223711824332,10.356232110474,37.047501778449,      161P   6887
0.392672265436,3.681628935817,40.515405503498,0.224238038384,        161P   6888
10.356232110474,36.99678513567,0.394476383863,3.681628935817,        161P   6889
40.50203475222,0.224713669606,10.356232110474,36.946061839417,       161P   6890
0.396072999025,3.681628935817,40.488662246845,0.225134595421,        161P   6891
10.356232110474,36.895338543165,0.397669614187,3.681628935817,       161P   6892
40.475289741469,0.225555521236,10.356232110474,36.844608396775,      161P   6893
0.399058256,3.681628935817,40.461915430148,0.225921617714,           161P   6894
10.356232110474,36.793873225326,0.400207509169,3.681628935817,       161P   6895
40.448539794039,0.226224602641,10.356232110474,36.69240288243,       161P   6896
0.402506015506,3.681628935817,40.421788521821,0.226830572493,        161P   6897
10.356232110474,36.590909871946,0.403876649166,3.681628935817,       161P   6898
40.395031273602,0.227191921367,10.356232110474,36.489412688156,      161P   6899
0.404060978964,3.681628935817,40.368272925148,0.227240517405,        161P   6900
10.356232110474,36.438664096261,0.404153143863,3.681628935817,       161P   6901
40.354893750922,0.227264815424,10.356232110474,36.387915384807,      161P   6902
0.403941081095,3.681628935817,40.341514545175,0.227208907967,        161P   6903
10.356232110474,36.337169443909,0.403394074791,3.681628935817,       161P   6904
40.328136069847,0.227064697214,10.356232110474,36.311796473459,      161P   6905
0.403120571639,3.681628935817,40.321446832183,0.226992591838,        161P   6906
10.356232110474,36.286425269081,0.402753817688,3.681628935817,       161P   6907
40.314758060119,0.226895902159,10.356232110474,36.261054952299,      161P   6908
0.402301084366,3.681628935817,40.308069522059,0.226776545193,        161P   6909
10.356232110474,36.235684635517,0.401848351045,3.681628935817,       161P   6910
40.301380983998,0.226657188226,10.356232110474,36.21031540463,       161P   6911
0.401308245241,3.681628935817,40.294692732219,0.226514796696,        161P   6912
10.356232110474,36.184949823844,0.400659419032,3.681628935817,       161P   6913
40.288005442739,0.226343742514,10.356232110474,36.0834875007,        161P   6914
0.398064114196,3.681628935817,40.261256284819,0.225659525784,        161P   6915
10.356232110474,35.982055010326,0.393938011791,3.681628935817,       161P   6916
40.234514991902,0.22457173515,10.356232110474,35.880757939242,       161P   6917
0.387566394002,3.681628935817,40.207809400435,0.222891945006,        161P   6918
10.356232110474,35.8301094037,0.384380585107,3.681628935817,         161P   6919
40.194456604701,0.222052049934,10.356232110474,35.779494889143,      161P   6920
0.3806354408,3.681628935817,40.181112778136,0.221064693707,          161P   6921
10.356232110474,35.728942623255,0.376177645399,3.681628935817,       161P   6922
40.167785362583,0.219889456738,10.356232110474,35.678390357367,      161P   6923
0.371719849999,3.681628935817,40.154457947031,0.218714219769,        161P   6924
10.356232110474,35.627898575508,0.366558868754,3.681628935817,       161P   6925
40.141146477268,0.21735359744,10.356232110474,35.577515161984,       161P   6926
0.360473124927,3.681628935817,40.127863577339,0.215749174068,        161P   6927
10.356232110474,35.564919308603,0.35895168897,3.681628935817,        161P   6928
40.124542852357,0.215348068225,10.356232110474,35.552331805251,      161P   6929
0.357366311566,3.681628935817,40.121224328746,0.214930105091,        161P   6930
10.356232110474,35.539752075903,0.355718921079,3.681628935817,       161P   6931
40.117907854645,0.214495793053,10.356232110474,35.527172346555,      161P   6932
0.354071530592,3.681628935817,40.114591380545,0.214061481016,        161P   6933
10.356232110474,35.514599590505,0.352365505639,3.681628935817,       161P   6934
40.111276744859,0.213611710801,10.356232110474,35.502038504104,      161P   6935
0.350582525634,3.681628935817,40.107965185716,0.213141652436,        161P   6936
10.356232110474,35.476916331301,0.347016565623,3.681628935817,       161P   6937
40.101342067432,0.212201535706,10.356232110474,35.451833513112,      161P   6938
0.343170408205,3.681628935817,40.094729324455,0.21118754875,         161P   6939
10.356232110474,35.426805750581,0.338986958318,3.681628935817,       161P   6940
40.088131096151,0.210084639235,10.356232110474,35.401777988051,      161P   6941
0.334803508432,3.681628935817,40.081532867848,0.208981729719,        161P   6942
10.356232110474,35.376811038508,0.330263325122,3.681628935817,       161P   6943
40.074950672059,0.207784772301,10.356232110474,35.351927545628,      161P   6944
0.325293213311,3.681628935817,40.068390478482,0.206474470096,        161P   6945
10.356232110474,35.327044052747,0.3203231015,3.681628935817,         161P   6946
40.061830284904,0.205164167892,10.356232110474,35.30224982332,       161P   6947
0.314904515846,3.681628935817,40.055293624419,0.203735631674,        161P   6948
10.356232110474,35.27759747042,0.308891589642,3.681628935817,        161P   6949
40.048794367745,0.202150405675,10.356232110474,35.26527129397,       161P   6950
0.30588512654,3.681628935817,40.045544739409,0.201357792675,         161P   6951
10.356232110474,35.252981703588,0.302726647858,3.681628935817,       161P   6952
40.04230475649,0.200525102841,10.356232110474,35.240745815784,       161P   6953
0.299375557865,3.681628935817,40.039078931523,0.199641633661,        161P   6954
10.356232110474,35.228509927979,0.296024467872,3.681628935817,       161P   6955
40.035853106556,0.198758164481,10.356232110474,35.216319943693,      161P   6956
0.292498398207,3.681628935817,40.032639383426,0.197828564296,        161P   6957
10.356232110474,35.204201900408,0.288739446787,3.681628935817,       161P   6958
40.02944462656,0.196837568013,10.356232110474,35.192083857123,       161P   6959
0.284980495368,3.681628935817,40.026249869694,0.19584657173,         161P   6960
10.356232110474,35.180040212661,0.280983452174,3.681628935817,       161P   6961
40.023074727063,0.194792805797,10.356232110474,35.168099537005,      161P   6962
0.276693615494,3.681628935817,40.019926730754,0.193661848854,        161P   6963
10.356232110474,35.162129199177,0.274548697154,3.681628935817,       161P   6964
40.018352732599,0.193096370382,10.356232110474,35.156187755872,      161P   6965
0.272324723305,3.681628935817,40.016786352092,0.192510050004,        161P   6966
10.356232110474,35.150279435435,0.270014845071,3.681628935817,       161P   6967
40.015228703977,0.191901082106,10.356232110474,35.144371114999,      161P   6968
0.267704966837,3.681628935817,40.013671055861,0.191292114208,        161P   6969
10.356232110474,35.138496264486,0.265307820618,3.681628935817,       161P   6970
40.012122231635,0.190660139296,10.356232110474,35.132669630218,      161P   6971
0.262800965979,3.681628935817,40.010586118965,0.189999241254,        161P   6972
10.356232110474,35.121016361683,0.2577872567,3.681628935817,         161P   6973
40.007513893624,0.188677445172,10.356232110474,35.109525819946,      161P   6974
0.252374529828,3.681628935817,40.004484568984,0.187250453542,        161P   6975
10.356232110474,35.098365633927,0.246338842326,3.681628935817,       161P   6976
40.001542338124,0.185659226837,10.356232110474,35.092785540917,      161P   6977
0.243320998574,3.681628935817,40.000071222694,0.184863613484,        161P   6978
10.356232110474,35.087290284651,0.240145869422,3.681628935817,       161P   6979
39.998622473315,0.18402653398,10.356232110474,35.08191605765,        161P   6980
0.236774405382,3.681628935817,39.997205631651,0.18313769346,         161P   6981
10.356232110474,35.076541830649,0.233402941341,3.681628935817,       161P   6982
39.995788789987,0.182248852941,10.356232110474,35.071288651939,      161P   6983
0.229833968083,3.681628935817,39.994403861055,0.181307941809,        161P   6984
10.356232110474,35.066232191308,0.226004592095,3.681628935817,       161P   6985
39.993070794161,0.180298379049,10.356232110474,35.061175730676,      161P   6986
0.222175216106,3.681628935817,39.991737727267,0.179288816288,        161P   6987
10.356232110474,35.056304913898,0.218091593298,3.681628935817,       161P   6988
39.990453602844,0.17821222482,10.356232110474,35.051752906899,       161P   6989
0.21367196392,3.681628935817,39.989253528272,0.177047049802,         161P   6990
10.356232110474,35.047200899901,0.209252334541,3.681628935817,       161P   6991
39.988053453699,0.175881874784,10.356232110474,35.042968126469,      161P   6992
0.204491675123,3.681628935817,39.986937540704,0.174626791847,        161P   6993
10.356232110474,35.039295401936,0.199318776318,3.681628935817,       161P   6994
39.985969276963,0.173263027617,10.356232110474,35.035622677403,      161P   6995
0.194145877513,3.681628935817,39.985001013222,0.171899263386,        161P   6996
10.356232110474,35.032516429768,0.188545393593,3.681628935817,       161P   6997
39.984182093392,0.170422772171,10.356232110474,35.0303601354,        161P   6998
0.182580423235,3.681628935817,39.983613615785,0.168850189076,        161P   6999
10.356232110474,35.029281988215,0.179597938056,3.681628935817,       161P   7000
39.983329376982,0.168063897529,10.356232110474,35.028441907073,      161P   7001
0.176528415966,3.681628935817,39.983107901045,0.167254659887,        161P   7002
10.356232110474,35.027878004667,0.17340518182,3.681628935817,        161P   7003
39.982959235865,0.166431261794,10.356232110474,35.027314102261,      161P   7004
0.170281947674,3.681628935817,39.982810570685,0.165607863701,        161P   7005
10.356232110474,35.027028390148,0.167098586029,3.681628935817,       161P   7006
39.982735246583,0.164768613813,10.356232110474,35.027028390148,      161P   7007
0.16393442623,3.681628935817,39.982735246583,0.16393442623,          161P   7008
10.356232110474,0.0,1.0,0.0,32.0,,1,163;                             161P   7009
406,1,39HSurf_SJDOJLHFFQ, WingGeom, 0, 13, lower;                    163P   7010
128,1,96,1,3,0,0,1,0,0,0.0,0.0,1.0,1.0,0.0,0.0,0.0,0.0,1.0,1.0,      165P   7011
1.0,2.0,2.0,2.0,3.0,3.0,3.0,4.0,4.0,4.0,5.0,5.0,5.0,6.0,6.0,6.0,     165P   7012
7.0,7.0,7.0,8.0,8.0,8.0,9.0,9.0,9.0,10.0,10.0,10.0,11.0,11.0,        165P   7013
11.0,12.0,12.0,12.0,13.0,13.0,13.0,14.0,14.0,14.0,15.0,15.0,         165P   7014
15.0,16.0,16.0,16.0,17.0,17.0,17.0,18.0,18.0,18.0,19.0,19.0,         165P   7015
19.0,20.0,20.0,20.0,21.0,21.0,21.0,22.0,22.0,22.0,23.0,23.0,         165P   7016
23.0,24.0,24.0,24.0,25.0,25.0,25.0,26.0,26.0,26.0,27.0,27.0,         165P   7017
27.0,28.0,28.0,28.0,29.0,29.0,29.0,30.0,30.0,30.0,31.0,31.0,         165P   7018
31.0,32.0,32.0,32.0,32.0,1.0,1.0,1.0,1.0,1.0,1.0,1.0,1.0,1.0,        165P   7019
1.0,1.0,1.0,1.0,1.0,1.0,1.0,1.0,1.0,1.0,1.0,1.0,1.0,1.0,1.0,1.0,     165P   7020
1.0,1.0,1.0,1.0,1.0,1.0,1.0,1.0,1.0,1.0,1.0,1.0,1.0,1.0,1.0,1.0,     165P   7021
1.0,1.0,1.0,1.0,1.0,1.0,1.0,1.0,1.0,1.0,1.0,1.0,1.0,1.0,1.0,1.0,     165P   7022
1.0,1.0,1.0,1.0,1.0,1.0,1.0,1.0,1.0,1.0,1.0,1.0,1.0,1.0,1.0,1.0,     165P   7023
1.0,1.0,1.0,1.0,1.0,1.0,1.0,1.0,1.0,1.0,1.0,1.0,1.0,1.0,1.0,1.0,     165P   7024
1.0,1.0,1.0,1.0,1.0,1.0,1.0,1.0,1.0,1.0,1.0,1.0,1.0,1.0,1.0,1.0,     165P   7025
1.0,1.0,1.0,1.0,1.0,1.0,1.0,1.0,1.0,1.0,1.0,1.0,1.0,1.0,1.0,1.0,     165P   7026
1.0,1.0,1.0,1.0,1.0,1.0,1.0,1.0,1.0,1.0,1.0,1.0,1.0,1.0,1.0,1.0,     165P   7027
1.0,1.0,1.0,1.0,1.0,1.0,1.0,1.0,1.0,1.0,1.0,1.0,1.0,1.0,1.0,1.0,     165P   7028
1.0,1.0,1.0,1.0,1.0,1.0,1.0,1.0,1.0,1.0,1.0,1.0,1.0,1.0,1.0,1.0,     165P   7029
1.0,1.0,1.0,1.0,1.0,1.0,1.0,1.0,1.0,1.0,1.0,1.0,1.0,1.0,1.0,1.0,     165P   7030
1.0,1.0,1.0,1.0,1.0,1.0,1.0,1.0,1.0,35.027028390148,                 165P   7031
0.16393442623,3.681628935817,39.982735246583,0.16393442623,          165P   7032
10.356232110474,35.027028390148,0.16077026643,3.681628935817,        165P   7033
39.982735246583,0.163100238646,10.356232110474,35.027314102261,      165P   7034
0.157586904785,3.681628935817,39.982810570685,0.162260988758,        165P   7035
10.356232110474,35.027878004667,0.154463670639,3.681628935817,       165P   7036
39.982959235865,0.161437590665,10.356232110474,35.028441907073,      165P   7037
0.151340436493,3.681628935817,39.983107901045,0.160614192572,        165P   7038
10.356232110474,35.029281988215,0.148270914403,3.681628935817,       165P   7039
39.983329376982,0.15980495493,10.356232110474,35.0303601354,         165P   7040
0.145288429224,3.681628935817,39.983613615785,0.159018663383,        165P   7041
10.356232110474,35.032516429768,0.139323458866,3.681628935817,       165P   7042
39.984182093392,0.157446080288,10.356232110474,35.035622677403,      165P   7043
0.133722974946,3.681628935817,39.985001013222,0.155969589073,        165P   7044
10.356232110474,35.039295401936,0.128550076141,3.681628935817,       165P   7045
39.985969276963,0.154605824842,10.356232110474,35.042968126469,      165P   7046
0.123377177336,3.681628935817,39.986937540704,0.153242060612,        165P   7047
10.356232110474,35.047200899901,0.118616517918,3.681628935817,       165P   7048
39.988053453699,0.151986977675,10.356232110474,35.051752906899,      165P   7049
0.114196888539,3.681628935817,39.989253528272,0.150821802657,        165P   7050
10.356232110474,35.056304913898,0.109777259161,3.681628935817,       165P   7051
39.990453602844,0.149656627639,10.356232110474,35.061175730676,      165P   7052
0.105693636353,3.681628935817,39.991737727267,0.148580036171,        165P   7053
10.356232110474,35.066232191308,0.101864260364,3.681628935817,       165P   7054
39.993070794161,0.14757047341,10.356232110474,35.071288651939,       165P   7055
0.098034884376,3.681628935817,39.994403861055,0.14656091065,         165P   7056
10.356232110474,35.076541830649,0.094465911118,3.681628935817,       165P   7057
39.995788789987,0.145619999518,10.356232110474,35.08191605765,       165P   7058
0.091094447078,3.681628935817,39.997205631651,0.144731158999,        165P   7059
10.356232110474,35.087290284651,0.087722983037,3.681628935817,       165P   7060
39.998622473315,0.143842318479,10.356232110474,35.092785540917,      165P   7061
0.084547853885,3.681628935817,40.000071222694,0.143005238975,        165P   7062
10.356232110474,35.098365633927,0.081530010133,3.681628935817,       165P   7063
40.001542338124,0.142209625622,10.356232110474,35.109525819946,      165P   7064
0.075494322631,3.681628935817,40.004484568984,0.140618398917,        165P   7065
10.356232110474,35.121016361683,0.070081595759,3.681628935817,       165P   7066
40.007513893624,0.139191407287,10.356232110474,35.132669630218,      165P   7067
0.06506788648,3.681628935817,40.010586118965,0.137869611205,         165P   7068
10.356232110474,35.138496264486,0.062561031841,3.681628935817,       165P   7069
40.012122231635,0.137208713163,10.356232110474,35.144371114999,      165P   7070
0.060163885622,3.681628935817,40.013671055861,0.136576738251,        165P   7071
10.356232110474,35.150279435435,0.057854007388,3.681628935817,       165P   7072
40.015228703977,0.135967770353,10.356232110474,35.156187755872,      165P   7073
0.055544129154,3.681628935817,40.016786352092,0.135358802455,        165P   7074
10.356232110474,35.162129199177,0.053320155305,3.681628935817,       165P   7075
40.018352732599,0.134772482077,10.356232110474,35.168099537005,      165P   7076
0.051175236965,3.681628935817,40.019926730754,0.134207003605,        165P   7077
10.356232110474,35.180040212661,0.046885400285,3.681628935817,       165P   7078
40.023074727063,0.133076046662,10.356232110474,35.192083857123,      165P   7079
0.042888357092,3.681628935817,40.026249869694,0.132022280729,        165P   7080
10.356232110474,35.204201900408,0.039129405672,3.681628935817,       165P   7081
40.02944462656,0.131031284446,10.356232110474,35.216319943693,       165P   7082
0.035370454253,3.681628935817,40.032639383426,0.130040288163,        165P   7083
10.356232110474,35.228509927979,0.031844384587,3.681628935817,       165P   7084
40.035853106556,0.129110687978,10.356232110474,35.240745815784,      165P   7085
0.028493294594,3.681628935817,40.039078931523,0.128227218798,        165P   7086
10.356232110474,35.252981703588,0.025142204601,3.681628935817,       165P   7087
40.04230475649,0.127343749618,10.356232110474,35.26527129397,        165P   7088
0.021983725919,3.681628935817,40.045544739409,0.126511059784,        165P   7089
10.356232110474,35.27759747042,0.018977262817,3.681628935817,        165P   7090
40.048794367745,0.125718446784,10.356232110474,35.30224982332,       165P   7091
0.012964336613,3.681628935817,40.055293624419,0.124133220785,        165P   7092
10.356232110474,35.327044052747,0.007545750959,3.681628935817,       165P   7093
40.061830284904,0.122704684567,10.356232110474,35.351927545628,      165P   7094
0.002575639148,3.681628935817,40.068390478482,0.121394382363,        165P   7095
10.356232110474,35.376811038508,-0.002394472663,3.681628935817,      165P   7096
40.074950672059,0.120084080158,10.356232110474,35.401777988051,      165P   7097
-0.006934655973,3.681628935817,40.081532867848,0.11888712274,        165P   7098
10.356232110474,35.426805750581,-0.011118105859,3.681628935817,      165P   7099
40.088131096151,0.117784213224,10.356232110474,35.451833513112,      165P   7100
-0.015301555746,3.681628935817,40.094729324455,0.116681303709,       165P   7101
10.356232110474,35.476916331301,-0.019147713164,3.681628935817,      165P   7102
40.101342067432,0.115667316753,10.356232110474,35.502038504104,      165P   7103
-0.022713673175,3.681628935817,40.107965185716,0.114727200023,       165P   7104
10.356232110474,35.514599590505,-0.02449665318,3.681628935817,       165P   7105
40.111276744859,0.114257141658,10.356232110474,35.527172346555,      165P   7106
-0.026202678133,3.681628935817,40.114591380545,0.113807371443,       165P   7107
10.356232110474,35.539752075903,-0.02785006862,3.681628935817,       165P   7108
40.117907854645,0.113373059406,10.356232110474,35.552331805251,      165P   7109
-0.029497459106,3.681628935817,40.121224328746,0.112938747368,       165P   7110
10.356232110474,35.564919308603,-0.031082836511,3.681628935817,      165P   7111
40.124542852357,0.112520784234,10.356232110474,35.577515161984,      165P   7112
-0.032604272468,3.681628935817,40.127863577339,0.112119678391,       165P   7113
10.356232110474,35.627898575508,-0.038690016295,3.681628935817,      165P   7114
40.141146477268,0.110515255019,10.356232110474,35.678390357367,      165P   7115
-0.04385099754,3.681628935817,40.154457947031,0.10915463269,         165P   7116
10.356232110474,35.728942623255,-0.04830879294,3.681628935817,       165P   7117
40.167785362583,0.107979395721,10.356232110474,35.779494889143,      165P   7118
-0.052766588341,3.681628935817,40.181112778136,0.106804158752,       165P   7119
10.356232110474,35.8301094037,-0.056511732648,3.681628935817,        165P   7120
40.194456604701,0.105816802525,10.356232110474,35.880757939242,      165P   7121
-0.059697541543,3.681628935817,40.207809400435,0.104976907453,       165P   7122
10.356232110474,35.982055010326,-0.066069159332,3.681628935817,      165P   7123
40.234514991902,0.103297117309,10.356232110474,36.0834875007,        165P   7124
-0.070195261737,3.681628935817,40.261256284819,0.102209326675,       165P   7125
10.356232110474,36.184949823844,-0.072790566573,3.681628935817,      165P   7126
40.288005442739,0.101525109945,10.356232110474,36.21031540463,       165P   7127
-0.073439392782,3.681628935817,40.294692732219,0.101354055763,       165P   7128
10.356232110474,36.235684635517,-0.073979498586,3.681628935817,      165P   7129
40.301380983998,0.101211664233,10.356232110474,36.261054952299,      165P   7130
-0.074432231907,3.681628935817,40.308069522059,0.101092307266,       165P   7131
10.356232110474,36.286425269081,-0.074884965229,3.681628935817,      165P   7132
40.314758060119,0.1009729503,10.356232110474,36.311796473459,        165P   7133
-0.07525171918,3.681628935817,40.321446832183,0.100876260621,        165P   7134
10.356232110474,36.337169443909,-0.075525222332,3.681628935817,      165P   7135
40.328136069847,0.100804155245,10.356232110474,36.387915384807,      165P   7136
-0.076072228636,3.681628935817,40.341514545175,0.100659944492,       165P   7137
10.356232110474,36.438664096261,-0.076284291404,3.681628935817,      165P   7138
40.354893750922,0.100604037035,10.356232110474,36.489412688156,      165P   7139
-0.076192126505,3.681628935817,40.368272925148,0.100628335054,       165P   7140
10.356232110474,36.590909871946,-0.076007796707,3.681628935817,      165P   7141
40.395031273602,0.100676931092,10.356232110474,36.69240288243,       165P   7142
-0.074637163047,3.681628935817,40.421788521821,0.101038279966,       165P   7143
10.356232110474,36.793873225326,-0.07233865671,3.681628935817,       165P   7144
40.448539794039,0.101644249818,10.356232110474,36.844608396775,      165P   7145
-0.071189403541,3.681628935817,40.461915430148,0.101947234745,       165P   7146
10.356232110474,36.895338543165,-0.069800761727,3.681628935817,      165P   7147
40.475289741469,0.102313331223,10.356232110474,36.946061839417,      165P   7148
-0.068204146566,3.681628935817,40.488662246845,0.102734257038,       165P   7149
10.356232110474,36.99678513567,-0.066607531404,3.681628935817,       165P   7150
40.50203475222,0.103155182853,10.356232110474,37.047501778449,       165P   7151
-0.064803412977,3.681628935817,40.515405503498,0.103630814075,       165P   7152
10.356232110474,37.098211011932,-0.062807428643,3.681628935817,      165P   7153
40.528774301417,0.104157028127,10.356232110474,37.1996294789,        165P   7154
-0.058815459973,3.681628935817,40.555511897253,0.105209456231,       165P   7155
10.356232110474,37.301017737662,-0.054082708657,3.681628935817,      165P   7156
40.582241529109,0.106457181578,10.356232110474,37.402373192115,      165P   7157
-0.048724392629,3.681628935817,40.608962512556,0.107869828531,       165P   7158
10.356232110474,37.605084101021,-0.038007760572,3.681628935817,      165P   7159
40.662404479449,0.110695122436,10.356232110474,37.807662537705,      165P   7160
-0.024875147191,3.681628935817,40.715811521848,0.114157356873,       165P   7161
10.356232110474,38.010110579514,-0.010006019245,3.681628935817,      165P   7162
40.769184187416,0.118077399695,10.356232110474,38.212558621323,      165P   7163
0.0048631087,3.681628935817,40.822556852983,0.121997442517,          165P   7164
10.356232110474,38.414877881388,0.02146432448,3.681628935817,        165P   7165
40.875895567,0.126374126677,10.356232110474,38.617071847814,         165P   7166
0.039460941,3.681628935817,40.929201249058,0.131118689214,           165P   7167
10.356232110474,38.819265814239,0.057457557519,3.681628935817,       165P   7168
40.982506931116,0.135863251751,10.356232110474,39.021335286804,      165P   7169
0.076848409412,3.681628935817,41.035779792065,0.140975385432,        165P   7170
10.356232110474,39.223267724934,0.097573661609,3.681628935817,       165P   7171
41.089016525754,0.146439315557,10.356232110474,39.425200163065,      165P   7172
0.118298913805,3.681628935817,41.142253259442,0.151903245681,        165P   7173
10.356232110474,39.626996064609,0.140360066049,3.681628935817,       165P   7174
41.195453997122,0.157719367636,10.356232110474,39.828615691736,      165P   7175
0.16393442623,3.681628935817,41.248608262456,0.16393442623,          165P   7176
10.356232110474,0.0,1.0,0.0,32.0,,1,167;                             165P   7177
406,1,39HSurf_SJDOJLHFFQ, WingGeom, 0, 16, upper;                    167P   7178
128,1,96,1,3,0,0,1,0,0,0.0,0.0,1.0,1.0,0.0,0.0,0.0,0.0,1.0,1.0,      169P   7179
1.0,2.0,2.0,2.0,3.0,3.0,3.0,4.0,4.0,4.0,5.0,5.0,5.0,6.0,6.0,6.0,     169P   7180
7.0,7.0,7.0,8.0,8.0,8.0,9.0,9.0,9.0,10.0,10.0,10.0,11.0,11.0,        169P   7181
11.0,12.0,12.0,12.0,13.0,13.0,13.0,14.0,14.0,14.0,15.0,15.0,         169P   7182
15.0,16.0,16.0,16.0,17.0,17.0,17.0,18.0,18.0,18.0,19.0,19.0,         169P   7183
19.0,20.0,20.0,20.0,21.0,21.0,21.0,22.0,22.0,22.0,23.0,23.0,         169P   7184
23.0,24.0,24.0,24.0,25.0,25.0,25.0,26.0,26.0,26.0,27.0,27.0,         169P   7185
27.0,28.0,28.0,28.0,29.0,29.0,29.0,30.0,30.0,30.0,31.0,31.0,         169P   7186
31.0,32.0,32.0,32.0,32.0,1.0,1.0,1.0,1.0,1.0,1.0,1.0,1.0,1.0,        169P   7187
1.0,1.0,1.0,1.0,1.0,1.0,1.0,1.0,1.0,1.0,1.0,1.0,1.0,1.0,1.0,1.0,     169P   7188
1.0,1.0,1.0,1.0,1.0,1.0,1.0,1.0,1.0,1.0,1.0,1.0,1.0,1.0,1.0,1.0,     169P   7189
1.0,1.0,1.0,1.0,1.0,1.0,1.0,1.0,1.0,1.0,1.0,1.0,1.0,1.0,1.0,1.0,     169P   7190
1.0,1.0,1.0,1.0,1.0,1.0,1.0,1.0,1.0,1.0,1.0,1.0,1.0,1.0,1.0,1.0,     169P   7191
1.0,1.0,1.0,1.0,1.0,1.0,1.0,1.0,1.0,1.0,1.0,1.0,1.0,1.0,1.0,1.0,     169P   7192
1.0,1.0,1.0,1.0,1.0,1.0,1.0,1.0,1.0,1.0,1.0,1.0,1.0,1.0,1.0,1.0,     169P   7193
1.0,1.0,1.0,1.0,1.0,1.0,1.0,1.0,1.0,1.0,1.0,1.0,1.0,1.0,1.0,1.0,     169P   7194
1.0,1.0,1.0,1.0,1.0,1.0,1.0,1.0,1.0,1.0,1.0,1.0,1.0,1.0,1.0,1.0,     169P   7195
1.0,1.0,1.0,1.0,1.0,1.0,1.0,1.0,1.0,1.0,1.0,1.0,1.0,1.0,1.0,1.0,     169P   7196
1.0,1.0,1.0,1.0,1.0,1.0,1.0,1.0,1.0,1.0,1.0,1.0,1.0,1.0,1.0,1.0,     169P   7197
1.0,1.0,1.0,1.0,1.0,1.0,1.0,1.0,1.0,1.0,1.0,1.0,1.0,1.0,1.0,1.0,     169P   7198
1.0,1.0,1.0,1.0,1.0,1.0,1.0,1.0,1.0,41.248608262456,                 169P   7199
0.16393442623,10.356232110474,41.248608262456,0.16393442623,         169P   7200
10.356232110474,41.195453997122,0.170149484823,10.356232110474,      169P   7201
41.195453997122,0.16393442623,10.356232110474,41.142253259442,       169P   7202
0.175965606778,10.356232110474,41.142253259442,0.16393442623,        169P   7203
10.356232110474,41.089016525754,0.181429536902,10.356232110474,      169P   7204
41.089016525754,0.16393442623,10.356232110474,41.035779792065,       169P   7205
0.186893467027,10.356232110474,41.035779792065,0.16393442623,        169P   7206
10.356232110474,40.982506931116,0.192005600708,10.356232110474,      169P   7207
40.982506931116,0.16393442623,10.356232110474,40.929201249058,       169P   7208
0.196750163245,10.356232110474,40.929201249058,0.16393442623,        169P   7209
10.356232110474,40.875895567,0.201494725782,10.356232110474,         169P   7210
40.875895567,0.16393442623,10.356232110474,40.822556852983,          169P   7211
0.205871409942,10.356232110474,40.822556852983,0.16393442623,        169P   7212
10.356232110474,40.769184187416,0.209791452764,10.356232110474,      169P   7213
40.769184187416,0.16393442623,10.356232110474,40.715811521848,       169P   7214
0.213711495586,10.356232110474,40.715811521848,0.16393442623,        169P   7215
10.356232110474,40.662404479449,0.217173730023,10.356232110474,      169P   7216
40.662404479449,0.16393442623,10.356232110474,40.608962512556,       169P   7217
0.219999023928,10.356232110474,40.608962512556,0.16393442623,        169P   7218
10.356232110474,40.582241529109,0.221411670881,10.356232110474,      169P   7219
40.582241529109,0.16393442623,10.356232110474,40.555511897253,       169P   7220
0.222659396228,10.356232110474,40.555511897253,0.16393442623,        169P   7221
10.356232110474,40.528774301417,0.223711824332,10.356232110474,      169P   7222
40.528774301417,0.16393442623,10.356232110474,40.515405503498,       169P   7223
0.224238038384,10.356232110474,40.515405503498,0.16393442623,        169P   7224
10.356232110474,40.50203475222,0.224713669606,10.356232110474,       169P   7225
40.50203475222,0.16393442623,10.356232110474,40.488662246845,        169P   7226
0.225134595421,10.356232110474,40.488662246845,0.16393442623,        169P   7227
10.356232110474,40.475289741469,0.225555521236,10.356232110474,      169P   7228
40.475289741469,0.16393442623,10.356232110474,40.461915430148,       169P   7229
0.225921617714,10.356232110474,40.461915430148,0.16393442623,        169P   7230
10.356232110474,40.448539794039,0.226224602641,10.356232110474,      169P   7231
40.448539794039,0.16393442623,10.356232110474,40.421788521821,       169P   7232
0.226830572493,10.356232110474,40.421788521821,0.16393442623,        169P   7233
10.356232110474,40.395031273602,0.227191921367,10.356232110474,      169P   7234
40.395031273602,0.16393442623,10.356232110474,40.368272925148,       169P   7235
0.227240517405,10.356232110474,40.368272925148,0.16393442623,        169P   7236
10.356232110474,40.354893750922,0.227264815424,10.356232110474,      169P   7237
40.354893750922,0.16393442623,10.356232110474,40.341514545175,       169P   7238
0.227208907967,10.356232110474,40.341514545175,0.16393442623,        169P   7239
10.356232110474,40.328136069847,0.227064697214,10.356232110474,      169P   7240
40.328136069847,0.16393442623,10.356232110474,40.321446832183,       169P   7241
0.226992591838,10.356232110474,40.321446832183,0.16393442623,        169P   7242
10.356232110474,40.314758060119,0.226895902159,10.356232110474,      169P   7243
40.314758060119,0.16393442623,10.356232110474,40.308069522059,       169P   7244
0.226776545193,10.356232110474,40.308069522059,0.16393442623,        169P   7245
10.356232110474,40.301380983998,0.226657188226,10.356232110474,      169P   7246
40.301380983998,0.16393442623,10.356232110474,40.294692732219,       169P   7247
0.226514796696,10.356232110474,40.294692732219,0.16393442623,        169P   7248
10.356232110474,40.288005442739,0.226343742514,10.356232110474,      169P   7249
40.288005442739,0.16393442623,10.356232110474,40.261256284819,       169P   7250
0.225659525784,10.356232110474,40.261256284819,0.16393442623,        169P   7251
10.356232110474,40.234514991902,0.22457173515,10.356232110474,       169P   7252
40.234514991902,0.16393442623,10.356232110474,40.207809400435,       169P   7253
0.222891945006,10.356232110474,40.207809400435,0.16393442623,        169P   7254
10.356232110474,40.194456604701,0.222052049934,10.356232110474,      169P   7255
40.194456604701,0.16393442623,10.356232110474,40.181112778136,       169P   7256
0.221064693707,10.356232110474,40.181112778136,0.16393442623,        169P   7257
10.356232110474,40.167785362583,0.219889456738,10.356232110474,      169P   7258
40.167785362583,0.16393442623,10.356232110474,40.154457947031,       169P   7259
0.218714219769,10.356232110474,40.154457947031,0.16393442623,        169P   7260
10.356232110474,40.141146477268,0.21735359744,10.356232110474,       169P   7261
40.141146477268,0.16393442623,10.356232110474,40.127863577339,       169P   7262
0.215749174068,10.356232110474,40.127863577339,0.16393442623,        169P   7263
10.356232110474,40.124542852357,0.215348068225,10.356232110474,      169P   7264
40.124542852357,0.16393442623,10.356232110474,40.121224328746,       169P   7265
0.214930105091,10.356232110474,40.121224328746,0.16393442623,        169P   7266
10.356232110474,40.117907854645,0.214495793053,10.356232110474,      169P   7267
40.117907854645,0.16393442623,10.356232110474,40.114591380545,       169P   7268
0.214061481016,10.356232110474,40.114591380545,0.16393442623,        169P   7269
10.356232110474,40.111276744859,0.213611710801,10.356232110474,      169P   7270
40.111276744859,0.16393442623,10.356232110474,40.107965185716,       169P   7271
0.213141652436,10.356232110474,40.107965185716,0.16393442623,        169P   7272
10.356232110474,40.101342067432,0.212201535706,10.356232110474,      169P   7273
40.101342067432,0.16393442623,10.356232110474,40.094729324455,       169P   7274
0.21118754875,10.356232110474,40.094729324455,0.16393442623,         169P   7275
10.356232110474,40.088131096151,0.210084639235,10.356232110474,      169P   7276
40.088131096151,0.16393442623,10.356232110474,40.081532867848,       169P   7277
0.208981729719,10.356232110474,40.081532867848,0.16393442623,        169P   7278
10.356232110474,40.074950672059,0.207784772301,10.356232110474,      169P   7279
40.074950672059,0.16393442623,10.356232110474,40.068390478482,       169P   7280
0.206474470096,10.356232110474,40.068390478482,0.16393442623,        169P   7281
10.356232110474,40.061830284904,0.205164167892,10.356232110474,      169P   7282
40.061830284904,0.16393442623,10.356232110474,40.055293624419,       169P   7283
0.203735631674,10.356232110474,40.055293624419,0.16393442623,        169P   7284
10.356232110474,40.048794367745,0.202150405675,10.356232110474,      169P   7285
40.048794367745,0.16393442623,10.356232110474,40.045544739409,       169P   7286
0.201357792675,10.356232110474,40.045544739409,0.16393442623,        169P   7287
10.356232110474,40.04230475649,0.200525102841,10.356232110474,       169P   7288
40.04230475649,0.16393442623,10.356232110474,40.039078931523,        169P   7289
0.199641633661,10.356232110474,40.039078931523,0.16393442623,        169P   7290
10.356232110474,40.035853106556,0.198758164481,10.356232110474,      169P   7291
40.035853106556,0.16393442623,10.356232110474,40.032639383426,       169P   7292
0.197828564296,10.356232110474,40.032639383426,0.16393442623,        169P   7293
10.356232110474,40.02944462656,0.196837568013,10.356232110474,       169P   7294
40.02944462656,0.16393442623,10.356232110474,40.026249869694,        169P   7295
0.19584657173,10.356232110474,40.026249869694,0.16393442623,         169P   7296
10.356232110474,40.023074727063,0.194792805797,10.356232110474,      169P   7297
40.023074727063,0.16393442623,10.356232110474,40.019926730754,       169P   7298
0.193661848854,10.356232110474,40.019926730754,0.16393442623,        169P   7299
10.356232110474,40.018352732599,0.193096370382,10.356232110474,      169P   7300
40.018352732599,0.16393442623,10.356232110474,40.016786352092,       169P   7301
0.192510050004,10.356232110474,40.016786352092,0.16393442623,        169P   7302
10.356232110474,40.015228703977,0.191901082106,10.356232110474,      169P   7303
40.015228703977,0.16393442623,10.356232110474,40.013671055861,       169P   7304
0.191292114208,10.356232110474,40.013671055861,0.16393442623,        169P   7305
10.356232110474,40.012122231635,0.190660139296,10.356232110474,      169P   7306
40.012122231635,0.16393442623,10.356232110474,40.010586118965,       169P   7307
0.189999241254,10.356232110474,40.010586118965,0.16393442623,        169P   7308
10.356232110474,40.007513893624,0.188677445172,10.356232110474,      169P   7309
40.007513893624,0.16393442623,10.356232110474,40.004484568984,       169P   7310
0.187250453542,10.356232110474,40.004484568984,0.16393442623,        169P   7311
10.356232110474,40.001542338124,0.185659226837,10.356232110474,      169P   7312
40.001542338124,0.16393442623,10.356232110474,40.000071222694,       169P   7313
0.184863613484,10.356232110474,40.000071222694,0.16393442623,        169P   7314
10.356232110474,39.998622473315,0.18402653398,10.356232110474,       169P   7315
39.998622473315,0.16393442623,10.356232110474,39.997205631651,       169P   7316
0.18313769346,10.356232110474,39.997205631651,0.16393442623,         169P   7317
10.356232110474,39.995788789987,0.182248852941,10.356232110474,      169P   7318
39.995788789987,0.16393442623,10.356232110474,39.994403861055,       169P   7319
0.181307941809,10.356232110474,39.994403861055,0.16393442623,        169P   7320
10.356232110474,39.993070794161,0.180298379049,10.356232110474,      169P   7321
39.993070794161,0.16393442623,10.356232110474,39.991737727267,       169P   7322
0.179288816288,10.356232110474,39.991737727267,0.16393442623,        169P   7323
10.356232110474,39.990453602844,0.17821222482,10.356232110474,       169P   7324
39.990453602844,0.16393442623,10.356232110474,39.989253528272,       169P   7325
0.177047049802,10.356232110474,39.989253528272,0.16393442623,        169P   7326
10.356232110474,39.988053453699,0.175881874784,10.356232110474,      169P   7327
39.988053453699,0.16393442623,10.356232110474,39.986937540704,       169P   7328
0.174626791847,10.356232110474,39.986937540704,0.16393442623,        169P   7329
10.356232110474,39.985969276963,0.173263027617,10.356232110474,      169P   7330
39.985969276963,0.16393442623,10.356232110474,39.985001013222,       169P   7331
0.171899263386,10.356232110474,39.985001013222,0.16393442623,        169P   7332
10.356232110474,39.984182093392,0.170422772171,10.356232110474,      169P   7333
39.984182093392,0.16393442623,10.356232110474,39.983613615785,       169P   7334
0.168850189076,10.356232110474,39.983613615785,0.16393442623,        169P   7335
10.356232110474,39.983329376982,0.168063897529,10.356232110474,      169P   7336
39.983329376982,0.16393442623,10.356232110474,39.983107901045,       169P   7337
0.167254659887,10.356232110474,39.983107901045,0.16393442623,        169P   7338
10.356232110474,39.982959235865,0.166431261794,10.356232110474,      169P   7339
39.982959235865,0.16393442623,10.356232110474,39.982810570685,       169P   7340
0.165607863701,10.356232110474,39.982810570685,0.16393442623,        169P   7341
10.356232110474,39.982735246583,0.164768613813,10.356232110474,      169P   7342
39.982735246583,0.16393442623,10.356232110474,39.982735246583,       169P   7343
0.16393442623,10.356232110474,39.982735246583,0.16393442623,         169P   7344
10.356232110474,0.0,1.0,0.0,32.0,,1,171;                             169P   7345
406,1,39HSurf_SJDOJLHFFQ, WingGeom, 0, 19, lower;                    171P   7346
128,1,96,1,3,0,0,1,0,0,0.0,0.0,1.0,1.0,0.0,0.0,0.0,0.0,1.0,1.0,      173P   7347
1.0,2.0,2.0,2.0,3.0,3.0,3.0,4.0,4.0,4.0,5.0,5.0,5.0,6.0,6.0,6.0,     173P   7348
7.0,7.0,7.0,8.0,8.0,8.0,9.0,9.0,9.0,10.0,10.0,10.0,11.0,11.0,        173P   7349
11.0,12.0,12.0,12.0,13.0,13.0,13.0,14.0,14.0,14.0,15.0,15.0,         173P   7350
15.0,16.0,16.0,16.0,17.0,17.0,17.0,18.0,18.0,18.0,19.0,19.0,         173P   7351
19.0,20.0,20.0,20.0,21.0,21.0,21.0,22.0,22.0,22.0,23.0,23.0,         173P   7352
23.0,24.0,24.0,24.0,25.0,25.0,25.0,26.0,26.0,26.0,27.0,27.0,         173P   7353
27.0,28.0,28.0,28.0,29.0,29.0,29.0,30.0,30.0,30.0,31.0,31.0,         173P   7354
31.0,32.0,32.0,32.0,32.0,1.0,1.0,1.0,1.0,1.0,1.0,1.0,1.0,1.0,        173P   7355
1.0,1.0,1.0,1.0,1.0,1.0,1.0,1.0,1.0,1.0,1.0,1.0,1.0,1.0,1.0,1.0,     173P   7356
1.0,1.0,1.0,1.0,1.0,1.0,1.0,1.0,1.0,1.0,1.0,1.0,1.0,1.0,1.0,1.0,     173P   7357
1.0,1.0,1.0,1.0,1.0,1.0,1.0,1.0,1.0,1.0,1.0,1.0,1.0,1.0,1.0,1.0,     173P   7358
1.0,1.0,1.0,1.0,1.0,1.0,1.0,1.0,1.0,1.0,1.0,1.0,1.0,1.0,1.0,1.0,     173P   7359
1.0,1.0,1.0,1.0,1.0,1.0,1.0,1.0,1.0,1.0,1.0,1.0,1.0,1.0,1.0,1.0,     173P   7360
1.0,1.0,1.0,1.0,1.0,1.0,1.0,1.0,1.0,1.0,1.0,1.0,1.0,1.0,1.0,1.0,     173P   7361
1.0,1.0,1.0,1.0,1.0,1.0,1.0,1.0,1.0,1.0,1.0,1.0,1.0,1.0,1.0,1.0,     173P   7362
1.0,1.0,1.0,1.0,1.0,1.0,1.0,1.0,1.0,1.0,1.0,1.0,1.0,1.0,1.0,1.0,     173P   7363
1.0,1.0,1.0,1.0,1.0,1.0,1.0,1.0,1.0,1.0,1.0,1.0,1.0,1.0,1.0,1.0,     173P   7364
1.0,1.0,1.0,1.0,1.0,1.0,1.0,1.0,1.0,1.0,1.0,1.0,1.0,1.0,1.0,1.0,     173P   7365
1.0,1.0,1.0,1.0,1.0,1.0,1.0,1.0,1.0,1.0,1.0,1.0,1.0,1.0,1.0,1.0,     173P   7366
1.0,1.0,1.0,1.0,1.0,1.0,1.0,1.0,1.0,39.982735246583,                 173P   7367
0.16393442623,10.356232110474,39.982735246583,0.16393442623,         173P   7368
10.356232110474,39.982735246583,0.163100238646,10.356232110474,      173P   7369
39.982735246583,0.16393442623,10.356232110474,39.982810570685,       173P   7370
0.162260988758,10.356232110474,39.982810570685,0.16393442623,        173P   7371
10.356232110474,39.982959235865,0.161437590665,10.356232110474,      173P   7372
39.982959235865,0.16393442623,10.356232110474,39.983107901045,       173P   7373
0.160614192572,10.356232110474,39.983107901045,0.16393442623,        173P   7374
10.356232110474,39.983329376982,0.15980495493,10.356232110474,       173P   7375
39.983329376982,0.16393442623,10.356232110474,39.983613615785,       173P   7376
0.159018663383,10.356232110474,39.983613615785,0.16393442623,        173P   7377
10.356232110474,39.984182093392,0.157446080288,10.356232110474,      173P   7378
39.984182093392,0.16393442623,10.356232110474,39.985001013222,       173P   7379
0.155969589073,10.356232110474,39.985001013222,0.16393442623,        173P   7380
10.356232110474,39.985969276963,0.154605824842,10.356232110474,      173P   7381
39.985969276963,0.16393442623,10.356232110474,39.986937540704,       173P   7382
0.153242060612,10.356232110474,39.986937540704,0.16393442623,        173P   7383
10.356232110474,39.988053453699,0.151986977675,10.356232110474,      173P   7384
39.988053453699,0.16393442623,10.356232110474,39.989253528272,       173P   7385
0.150821802657,10.356232110474,39.989253528272,0.16393442623,        173P   7386
10.356232110474,39.990453602844,0.149656627639,10.356232110474,      173P   7387
39.990453602844,0.16393442623,10.356232110474,39.991737727267,       173P   7388
0.148580036171,10.356232110474,39.991737727267,0.16393442623,        173P   7389
10.356232110474,39.993070794161,0.14757047341,10.356232110474,       173P   7390
39.993070794161,0.16393442623,10.356232110474,39.994403861055,       173P   7391
0.14656091065,10.356232110474,39.994403861055,0.16393442623,         173P   7392
10.356232110474,39.995788789987,0.145619999518,10.356232110474,      173P   7393
39.995788789987,0.16393442623,10.356232110474,39.997205631651,       173P   7394
0.144731158999,10.356232110474,39.997205631651,0.16393442623,        173P   7395
10.356232110474,39.998622473315,0.143842318479,10.356232110474,      173P   7396
39.998622473315,0.16393442623,10.356232110474,40.000071222694,       173P   7397
0.143005238975,10.356232110474,40.000071222694,0.16393442623,        173P   7398
10.356232110474,40.001542338124,0.142209625622,10.356232110474,      173P   7399
40.001542338124,0.16393442623,10.356232110474,40.004484568984,       173P   7400
0.140618398917,10.356232110474,40.004484568984,0.16393442623,        173P   7401
10.356232110474,40.007513893624,0.139191407287,10.356232110474,      173P   7402
40.007513893624,0.16393442623,10.356232110474,40.010586118965,       173P   7403
0.137869611205,10.356232110474,40.010586118965,0.16393442623,        173P   7404
10.356232110474,40.012122231635,0.137208713163,10.356232110474,      173P   7405
40.012122231635,0.16393442623,10.356232110474,40.013671055861,       173P   7406
0.136576738251,10.356232110474,40.013671055861,0.16393442623,        173P   7407
10.356232110474,40.015228703977,0.135967770353,10.356232110474,      173P   7408
40.015228703977,0.16393442623,10.356232110474,40.016786352092,       173P   7409
0.135358802455,10.356232110474,40.016786352092,0.16393442623,        173P   7410
10.356232110474,40.018352732599,0.134772482077,10.356232110474,      173P   7411
40.018352732599,0.16393442623,10.356232110474,40.019926730754,       173P   7412
0.134207003605,10.356232110474,40.019926730754,0.16393442623,        173P   7413
10.356232110474,40.023074727063,0.133076046662,10.356232110474,      173P   7414
40.023074727063,0.16393442623,10.356232110474,40.026249869694,       173P   7415
0.132022280729,10.356232110474,40.026249869694,0.16393442623,        173P   7416
10.356232110474,40.02944462656,0.131031284446,10.356232110474,       173P   7417
40.02944462656,0.16393442623,10.356232110474,40.032639383426,        173P   7418
0.130040288163,10.356232110474,40.032639383426,0.16393442623,        173P   7419
10.356232110474,40.035853106556,0.129110687978,10.356232110474,      173P   7420
40.035853106556,0.16393442623,10.356232110474,40.039078931523,       173P   7421
0.128227218798,10.356232110474,40.039078931523,0.16393442623,        173P   7422
10.356232110474,40.04230475649,0.127343749618,10.356232110474,       173P   7423
40.04230475649,0.16393442623,10.356232110474,40.045544739409,        173P   7424
0.126511059784,10.356232110474,40.045544739409,0.16393442623,        173P   7425
10.356232110474,40.048794367745,0.125718446784,10.356232110474,      173P   7426
40.048794367745,0.16393442623,10.356232110474,40.055293624419,       173P   7427
0.124133220785,10.356232110474,40.055293624419,0.16393442623,        173P   7428
10.356232110474,40.061830284904,0.122704684567,10.356232110474,      173P   7429
40.061830284904,0.16393442623,10.356232110474,40.068390478482,       173P   7430
0.121394382363,10.356232110474,40.068390478482,0.16393442623,        173P   7431
10.356232110474,40.074950672059,0.120084080158,10.356232110474,      173P   7432
40.074950672059,0.16393442623,10.356232110474,40.081532867848,       173P   7433
0.11888712274,10.356232110474,40.081532867848,0.16393442623,         173P   7434
10.356232110474,40.088131096151,0.117784213224,10.356232110474,      173P   7435
40.088131096151,0.16393442623,10.356232110474,40.094729324455,       173P   7436
0.116681303709,10.356232110474,40.094729324455,0.16393442623,        173P   7437
10.356232110474,40.101342067432,0.115667316753,10.356232110474,      173P   7438
40.101342067432,0.16393442623,10.356232110474,40.107965185716,       173P   7439
0.114727200023,10.356232110474,40.107965185716,0.16393442623,        173P   7440
10.356232110474,40.111276744859,0.114257141658,10.356232110474,      173P   7441
40.111276744859,0.16393442623,10.356232110474,40.114591380545,       173P   7442
0.113807371443,10.356232110474,40.114591380545,0.16393442623,        173P   7443
10.356232110474,40.117907854645,0.113373059406,10.356232110474,      173P   7444
40.117907854645,0.16393442623,10.356232110474,40.121224328746,       173P   7445
0.112938747368,10.356232110474,40.121224328746,0.16393442623,        173P   7446
10.356232110474,40.124542852357,0.112520784234,10.356232110474,      173P   7447
40.124542852357,0.16393442623,10.356232110474,40.127863577339,       173P   7448
0.112119678391,10.356232110474,40.127863577339,0.16393442623,        173P   7449
10.356232110474,40.141146477268,0.110515255019,10.356232110474,      173P   7450
40.141146477268,0.16393442623,10.356232110474,40.154457947031,       173P   7451
0.10915463269,10.356232110474,40.154457947031,0.16393442623,         173P   7452
10.356232110474,40.167785362583,0.107979395721,10.356232110474,      173P   7453
40.167785362583,0.16393442623,10.356232110474,40.181112778136,       173P   7454
0.106804158752,10.356232110474,40.181112778136,0.16393442623,        173P   7455
10.356232110474,40.194456604701,0.105816802525,10.356232110474,      173P   7456
40.194456604701,0.16393442623,10.356232110474,40.207809400435,       173P   7457
0.104976907453,10.356232110474,40.207809400435,0.16393442623,        173P   7458
10.356232110474,40.234514991902,0.103297117309,10.356232110474,      173P   7459
40.234514991902,0.16393442623,10.356232110474,40.261256284819,       173P   7460
0.102209326675,10.356232110474,40.261256284819,0.16393442623,        173P   7461
10.356232110474,40.288005442739,0.101525109945,10.356232110474,      173P   7462
40.288005442739,0.16393442623,10.356232110474,40.294692732219,       173P   7463
0.101354055763,10.356232110474,40.294692732219,0.16393442623,        173P   7464
10.356232110474,40.301380983998,0.101211664233,10.356232110474,      173P   7465
40.301380983998,0.16393442623,10.356232110474,40.308069522059,       173P   7466
0.101092307266,10.356232110474,40.308069522059,0.16393442623,        173P   7467
10.356232110474,40.314758060119,0.1009729503,10.356232110474,        173P   7468
40.314758060119,0.16393442623,10.356232110474,40.321446832183,       173P   7469
0.100876260621,10.356232110474,40.321446832183,0.16393442623,        173P   7470
10.356232110474,40.328136069847,0.100804155245,10.356232110474,      173P   7471
40.328136069847,0.16393442623,10.356232110474,40.341514545175,       173P   7472
0.100659944492,10.356232110474,40.341514545175,0.16393442623,        173P   7473
10.356232110474,40.354893750922,0.100604037035,10.356232110474,      173P   7474
40.354893750922,0.16393442623,10.356232110474,40.368272925148,       173P   7475
0.100628335054,10.356232110474,40.368272925148,0.16393442623,        173P   7476
10.356232110474,40.395031273602,0.100676931092,10.356232110474,      173P   7477
40.395031273602,0.16393442623,10.356232110474,40.421788521821,       173P   7478
0.101038279966,10.356232110474,40.421788521821,0.16393442623,        173P   7479
10.356232110474,40.448539794039,0.101644249818,10.356232110474,      173P   7480
40.448539794039,0.16393442623,10.356232110474,40.461915430148,       173P   7481
0.101947234745,10.356232110474,40.461915430148,0.16393442623,        173P   7482
10.356232110474,40.475289741469,0.102313331223,10.356232110474,      173P   7483
40.475289741469,0.16393442623,10.356232110474,40.488662246845,       173P   7484
0.102734257038,10.356232110474,40.488662246845,0.16393442623,        173P   7485
10.356232110474,40.50203475222,0.103155182853,10.356232110474,       173P   7486
40.50203475222,0.16393442623,10.356232110474,40.515405503498,        173P   7487
0.103630814075,10.356232110474,40.515405503498,0.16393442623,        173P   7488
10.356232110474,40.528774301417,0.104157028127,10.356232110474,      173P   7489
40.528774301417,0.16393442623,10.356232110474,40.555511897253,       173P   7490
0.105209456231,10.356232110474,40.555511897253,0.16393442623,        173P   7491
10.356232110474,40.582241529109,0.106457181578,10.356232110474,      173P   7492
40.582241529109,0.16393442623,10.356232110474,40.608962512556,       173P   7493
0.107869828531,10.356232110474,40.608962512556,0.16393442623,        173P   7494
10.356232110474,40.662404479449,0.110695122436,10.356232110474,      173P   7495
40.662404479449,0.16393442623,10.356232110474,40.715811521848,       173P   7496
0.114157356873,10.356232110474,40.715811521848,0.16393442623,        173P   7497
10.356232110474,40.769184187416,0.118077399695,10.356232110474,      173P   7498
40.769184187416,0.16393442623,10.356232110474,40.822556852983,       173P   7499
0.121997442517,10.356232110474,40.822556852983,0.16393442623,        173P   7500
10.356232110474,40.875895567,0.126374126677,10.356232110474,         173P   7501
40.875895567,0.16393442623,10.356232110474,40.929201249058,          173P   7502
0.131118689214,10.356232110474,40.929201249058,0.16393442623,        173P   7503
10.356232110474,40.982506931116,0.135863251751,10.356232110474,      173P   7504
40.982506931116,0.16393442623,10.356232110474,41.035779792065,       173P   7505
0.140975385432,10.356232110474,41.035779792065,0.16393442623,        173P   7506
10.356232110474,41.089016525754,0.146439315557,10.356232110474,      173P   7507
41.089016525754,0.16393442623,10.356232110474,41.142253259442,       173P   7508
0.151903245681,10.356232110474,41.142253259442,0.16393442623,        173P   7509
10.356232110474,41.195453997122,0.157719367636,10.356232110474,      173P   7510
41.195453997122,0.16393442623,10.356232110474,41.248608262456,       173P   7511
0.16393442623,10.356232110474,41.248608262456,0.16393442623,         173P   7512
10.356232110474,0.0,1.0,0.0,32.0,,1,175;                             173P   7513
406,1,39HSurf_SJDOJLHFFQ, WingGeom, 0, 22, upper;                    175P   7514
S      1G      3D    176P   7514                                        T      1
